nohup: ignoring input
[2026-08-03 20:14:06,814][HYDRA] Launching 3 jobs locally
[2026-08-03 20:14:06,814][HYDRA] 	#0 : dataset=gmsc n_seeds=3 out=outputs/matched
WARNING: All log messages before absl::InitializeLog() is called are written to STDERR
E0000 00:00:1785802564.041864   19573 linear_solver.cc:2026] No solution exists. MPSolverInterface::result_status_ = MPSOLVER_INFEASIBLE
E0000 00:00:1785802564.088167   19573 linear_solver.cc:2026] No solution exists. MPSolverInterface::result_status_ = MPSOLVER_INFEASIBLE
E0000 00:00:1785802564.136147   19573 linear_solver.cc:2026] No solution exists. MPSolverInterface::result_status_ = MPSOLVER_INFEASIBLE
E0000 00:00:1785802564.184368   19573 linear_solver.cc:2026] No solution exists. MPSolverInterface::result_status_ = MPSOLVER_INFEASIBLE
E0000 00:00:1785802564.229756   19573 linear_solver.cc:2026] No solution exists. MPSolverInterface::result_status_ = MPSOLVER_INFEASIBLE
E0000 00:00:1785802564.275408   19573 linear_solver.cc:2026] No solution exists. MPSolverInterface::result_status_ = MPSOLVER_INFEASIBLE
E0000 00:00:1785802564.539645   19573 linear_solver.cc:2026] No solution exists. MPSolverInterface::result_status_ = MPSOLVER_INFEASIBLE
E0000 00:00:1785802564.585505   19573 linear_solver.cc:2026] No solution exists. MPSolverInterface::result_status_ = MPSOLVER_INFEASIBLE
E0000 00:00:1785802564.630052   19573 linear_solver.cc:2026] No solution exists. MPSolverInterface::result_status_ = MPSOLVER_INFEASIBLE
E0000 00:00:1785802564.928932   19573 linear_solver.cc:2026] No solution exists. MPSolverInterface::result_status_ = MPSOLVER_INFEASIBLE
E0000 00:00:1785802564.974614   19573 linear_solver.cc:2026] No solution exists. MPSolverInterface::result_status_ = MPSOLVER_INFEASIBLE
E0000 00:00:1785802565.216511   19573 linear_solver.cc:2026] No solution exists. MPSolverInterface::result_status_ = MPSOLVER_INFEASIBLE
E0000 00:00:1785802565.541484   19573 linear_solver.cc:2026] No solution exists. MPSolverInterface::result_status_ = MPSOLVER_INFEASIBLE
E0000 00:00:1785802565.586860   19573 linear_solver.cc:2026] No solution exists. MPSolverInterface::result_status_ = MPSOLVER_INFEASIBLE
E0000 00:00:1785802565.632606   19573 linear_solver.cc:2026] No solution exists. MPSolverInterface::result_status_ = MPSOLVER_INFEASIBLE
E0000 00:00:1785802565.677842   19573 linear_solver.cc:2026] No solution exists. MPSolverInterface::result_status_ = MPSOLVER_INFEASIBLE
E0000 00:00:1785802614.322790   19573 linear_solver.cc:2026] No solution exists. MPSolverInterface::result_status_ = MPSOLVER_INFEASIBLE
E0000 00:00:1785802614.368505   19573 linear_solver.cc:2026] No solution exists. MPSolverInterface::result_status_ = MPSOLVER_INFEASIBLE
E0000 00:00:1785802614.413714   19573 linear_solver.cc:2026] No solution exists. MPSolverInterface::result_status_ = MPSOLVER_INFEASIBLE
E0000 00:00:1785802614.459227   19573 linear_solver.cc:2026] No solution exists. MPSolverInterface::result_status_ = MPSOLVER_INFEASIBLE
E0000 00:00:1785802614.505009   19573 linear_solver.cc:2026] No solution exists. MPSolverInterface::result_status_ = MPSOLVER_INFEASIBLE
E0000 00:00:1785802614.550681   19573 linear_solver.cc:2026] No solution exists. MPSolverInterface::result_status_ = MPSOLVER_INFEASIBLE
E0000 00:00:1785802614.813150   19573 linear_solver.cc:2026] No solution exists. MPSolverInterface::result_status_ = MPSOLVER_INFEASIBLE
E0000 00:00:1785802614.859100   19573 linear_solver.cc:2026] No solution exists. MPSolverInterface::result_status_ = MPSOLVER_INFEASIBLE
E0000 00:00:1785802614.903725   19573 linear_solver.cc:2026] No solution exists. MPSolverInterface::result_status_ = MPSOLVER_INFEASIBLE
E0000 00:00:1785802615.200005   19573 linear_solver.cc:2026] No solution exists. MPSolverInterface::result_status_ = MPSOLVER_INFEASIBLE
E0000 00:00:1785802615.245128   19573 linear_solver.cc:2026] No solution exists. MPSolverInterface::result_status_ = MPSOLVER_INFEASIBLE
E0000 00:00:1785802615.471955   19573 linear_solver.cc:2026] No solution exists. MPSolverInterface::result_status_ = MPSOLVER_INFEASIBLE
E0000 00:00:1785802615.810136   19573 linear_solver.cc:2026] No solution exists. MPSolverInterface::result_status_ = MPSOLVER_INFEASIBLE
E0000 00:00:1785802615.855549   19573 linear_solver.cc:2026] No solution exists. MPSolverInterface::result_status_ = MPSOLVER_INFEASIBLE
E0000 00:00:1785802615.901045   19573 linear_solver.cc:2026] No solution exists. MPSolverInterface::result_status_ = MPSOLVER_INFEASIBLE
E0000 00:00:1785802615.946403   19573 linear_solver.cc:2026] No solution exists. MPSolverInterface::result_status_ = MPSOLVER_INFEASIBLE
E0000 00:00:1785802908.413645   19573 linear_solver.cc:2026] No solution exists. MPSolverInterface::result_status_ = MPSOLVER_INFEASIBLE
E0000 00:00:1785803037.937850   19573 linear_solver.cc:2026] No solution exists. MPSolverInterface::result_status_ = MPSOLVER_INFEASIBLE
E0000 00:00:1785803115.349701   19573 linear_solver.cc:2026] No solution exists. MPSolverInterface::result_status_ = MPSOLVER_INFEASIBLE
E0000 00:00:1785803115.404282   19573 linear_solver.cc:2026] No solution exists. MPSolverInterface::result_status_ = MPSOLVER_INFEASIBLE
E0000 00:00:1785803116.246047   19573 linear_solver.cc:2026] No solution exists. MPSolverInterface::result_status_ = MPSOLVER_INFEASIBLE
E0000 00:00:1785803116.574472   19573 linear_solver.cc:2026] No solution exists. MPSolverInterface::result_status_ = MPSOLVER_INFEASIBLE
E0000 00:00:1785803116.858093   19573 linear_solver.cc:2026] No solution exists. MPSolverInterface::result_status_ = MPSOLVER_INFEASIBLE
E0000 00:00:1785803116.899296   19573 linear_solver.cc:2026] No solution exists. MPSolverInterface::result_status_ = MPSOLVER_INFEASIBLE
E0000 00:00:1785803117.000013   19573 linear_solver.cc:2026] No solution exists. MPSolverInterface::result_status_ = MPSOLVER_INFEASIBLE
E0000 00:00:1785803117.260336   19573 linear_solver.cc:2026] No solution exists. MPSolverInterface::result_status_ = MPSOLVER_INFEASIBLE
E0000 00:00:1785803153.421861   19573 linear_solver.cc:2026] No solution exists. MPSolverInterface::result_status_ = MPSOLVER_INFEASIBLE
E0000 00:00:1785803153.476098   19573 linear_solver.cc:2026] No solution exists. MPSolverInterface::result_status_ = MPSOLVER_INFEASIBLE
E0000 00:00:1785803154.012700   19573 linear_solver.cc:2026] No solution exists. MPSolverInterface::result_status_ = MPSOLVER_INFEASIBLE
E0000 00:00:1785803154.111162   19573 linear_solver.cc:2026] No solution exists. MPSolverInterface::result_status_ = MPSOLVER_INFEASIBLE
E0000 00:00:1785803154.412587   19573 linear_solver.cc:2026] No solution exists. MPSolverInterface::result_status_ = MPSOLVER_INFEASIBLE
E0000 00:00:1785803154.704804   19573 linear_solver.cc:2026] No solution exists. MPSolverInterface::result_status_ = MPSOLVER_INFEASIBLE
E0000 00:00:1785803154.746136   19573 linear_solver.cc:2026] No solution exists. MPSolverInterface::result_status_ = MPSOLVER_INFEASIBLE
E0000 00:00:1785803154.847374   19573 linear_solver.cc:2026] No solution exists. MPSolverInterface::result_status_ = MPSOLVER_INFEASIBLE
E0000 00:00:1785803155.131635   19573 linear_solver.cc:2026] No solution exists. MPSolverInterface::result_status_ = MPSOLVER_INFEASIBLE
E0000 00:00:1785803160.723583   19573 linear_solver.cc:2026] No solution exists. MPSolverInterface::result_status_ = MPSOLVER_INFEASIBLE
E0000 00:00:1785803160.736433   19573 linear_solver.cc:2026] No solution exists. MPSolverInterface::result_status_ = MPSOLVER_INFEASIBLE
E0000 00:00:1785803160.749123   19573 linear_solver.cc:2026] No solution exists. MPSolverInterface::result_status_ = MPSOLVER_INFEASIBLE
E0000 00:00:1785803160.776256   19573 linear_solver.cc:2026] No solution exists. MPSolverInterface::result_status_ = MPSOLVER_INFEASIBLE
E0000 00:00:1785803160.803498   19573 linear_solver.cc:2026] No solution exists. MPSolverInterface::result_status_ = MPSOLVER_INFEASIBLE
E0000 00:00:1785803160.816671   19573 linear_solver.cc:2026] No solution exists. MPSolverInterface::result_status_ = MPSOLVER_INFEASIBLE
E0000 00:00:1785803160.829565   19573 linear_solver.cc:2026] No solution exists. MPSolverInterface::result_status_ = MPSOLVER_INFEASIBLE
E0000 00:00:1785803160.842459   19573 linear_solver.cc:2026] No solution exists. MPSolverInterface::result_status_ = MPSOLVER_INFEASIBLE
E0000 00:00:1785803160.855875   19573 linear_solver.cc:2026] No solution exists. MPSolverInterface::result_status_ = MPSOLVER_INFEASIBLE
E0000 00:00:1785803160.868861   19573 linear_solver.cc:2026] No solution exists. MPSolverInterface::result_status_ = MPSOLVER_INFEASIBLE
E0000 00:00:1785803160.911334   19573 linear_solver.cc:2026] No solution exists. MPSolverInterface::result_status_ = MPSOLVER_INFEASIBLE
E0000 00:00:1785803160.938926   19573 linear_solver.cc:2026] No solution exists. MPSolverInterface::result_status_ = MPSOLVER_INFEASIBLE
E0000 00:00:1785803160.952252   19573 linear_solver.cc:2026] No solution exists. MPSolverInterface::result_status_ = MPSOLVER_INFEASIBLE
E0000 00:00:1785803163.133605   19573 linear_solver.cc:2026] No solution exists. MPSolverInterface::result_status_ = MPSOLVER_INFEASIBLE
E0000 00:00:1785803163.146498   19573 linear_solver.cc:2026] No solution exists. MPSolverInterface::result_status_ = MPSOLVER_INFEASIBLE
E0000 00:00:1785803163.159236   19573 linear_solver.cc:2026] No solution exists. MPSolverInterface::result_status_ = MPSOLVER_INFEASIBLE
E0000 00:00:1785803163.186270   19573 linear_solver.cc:2026] No solution exists. MPSolverInterface::result_status_ = MPSOLVER_INFEASIBLE
E0000 00:00:1785803163.213978   19573 linear_solver.cc:2026] No solution exists. MPSolverInterface::result_status_ = MPSOLVER_INFEASIBLE
E0000 00:00:1785803163.227142   19573 linear_solver.cc:2026] No solution exists. MPSolverInterface::result_status_ = MPSOLVER_INFEASIBLE
E0000 00:00:1785803163.240002   19573 linear_solver.cc:2026] No solution exists. MPSolverInterface::result_status_ = MPSOLVER_INFEASIBLE
E0000 00:00:1785803163.253751   19573 linear_solver.cc:2026] No solution exists. MPSolverInterface::result_status_ = MPSOLVER_INFEASIBLE
E0000 00:00:1785803163.266838   19573 linear_solver.cc:2026] No solution exists. MPSolverInterface::result_status_ = MPSOLVER_INFEASIBLE
E0000 00:00:1785803163.280342   19573 linear_solver.cc:2026] No solution exists. MPSolverInterface::result_status_ = MPSOLVER_INFEASIBLE
E0000 00:00:1785803163.323061   19573 linear_solver.cc:2026] No solution exists. MPSolverInterface::result_status_ = MPSOLVER_INFEASIBLE
E0000 00:00:1785803163.350561   19573 linear_solver.cc:2026] No solution exists. MPSolverInterface::result_status_ = MPSOLVER_INFEASIBLE
E0000 00:00:1785803163.363482   19573 linear_solver.cc:2026] No solution exists. MPSolverInterface::result_status_ = MPSOLVER_INFEASIBLE
E0000 00:00:1785803165.546027   19573 linear_solver.cc:2026] No solution exists. MPSolverInterface::result_status_ = MPSOLVER_INFEASIBLE
E0000 00:00:1785803165.558938   19573 linear_solver.cc:2026] No solution exists. MPSolverInterface::result_status_ = MPSOLVER_INFEASIBLE
E0000 00:00:1785803165.571658   19573 linear_solver.cc:2026] No solution exists. MPSolverInterface::result_status_ = MPSOLVER_INFEASIBLE
E0000 00:00:1785803165.598479   19573 linear_solver.cc:2026] No solution exists. MPSolverInterface::result_status_ = MPSOLVER_INFEASIBLE
E0000 00:00:1785803165.626040   19573 linear_solver.cc:2026] No solution exists. MPSolverInterface::result_status_ = MPSOLVER_INFEASIBLE
E0000 00:00:1785803165.638866   19573 linear_solver.cc:2026] No solution exists. MPSolverInterface::result_status_ = MPSOLVER_INFEASIBLE
E0000 00:00:1785803165.651704   19573 linear_solver.cc:2026] No solution exists. MPSolverInterface::result_status_ = MPSOLVER_INFEASIBLE
E0000 00:00:1785803165.665019   19573 linear_solver.cc:2026] No solution exists. MPSolverInterface::result_status_ = MPSOLVER_INFEASIBLE
E0000 00:00:1785803165.678243   19573 linear_solver.cc:2026] No solution exists. MPSolverInterface::result_status_ = MPSOLVER_INFEASIBLE
E0000 00:00:1785803165.691114   19573 linear_solver.cc:2026] No solution exists. MPSolverInterface::result_status_ = MPSOLVER_INFEASIBLE
E0000 00:00:1785803165.733604   19573 linear_solver.cc:2026] No solution exists. MPSolverInterface::result_status_ = MPSOLVER_INFEASIBLE
E0000 00:00:1785803165.761693   19573 linear_solver.cc:2026] No solution exists. MPSolverInterface::result_status_ = MPSOLVER_INFEASIBLE
E0000 00:00:1785803165.774487   19573 linear_solver.cc:2026] No solution exists. MPSolverInterface::result_status_ = MPSOLVER_INFEASIBLE
seed 0 done
E0000 00:00:1785803843.385088   19573 linear_solver.cc:2026] No solution exists. MPSolverInterface::result_status_ = MPSOLVER_INFEASIBLE
E0000 00:00:1785803845.811877   19573 linear_solver.cc:2026] No solution exists. MPSolverInterface::result_status_ = MPSOLVER_INFEASIBLE
E0000 00:00:1785803878.527281   19573 linear_solver.cc:2026] No solution exists. MPSolverInterface::result_status_ = MPSOLVER_INFEASIBLE
E0000 00:00:1785803878.866962   19573 linear_solver.cc:2026] No solution exists. MPSolverInterface::result_status_ = MPSOLVER_INFEASIBLE
E0000 00:00:1785803879.553961   19573 linear_solver.cc:2026] No solution exists. MPSolverInterface::result_status_ = MPSOLVER_INFEASIBLE
E0000 00:00:1785803880.075387   19573 linear_solver.cc:2026] No solution exists. MPSolverInterface::result_status_ = MPSOLVER_INFEASIBLE
E0000 00:00:1785803880.501216   19573 linear_solver.cc:2026] No solution exists. MPSolverInterface::result_status_ = MPSOLVER_INFEASIBLE
E0000 00:00:1785803899.110016   19573 linear_solver.cc:2026] No solution exists. MPSolverInterface::result_status_ = MPSOLVER_INFEASIBLE
E0000 00:00:1785803899.468643   19573 linear_solver.cc:2026] No solution exists. MPSolverInterface::result_status_ = MPSOLVER_INFEASIBLE
E0000 00:00:1785803899.517227   19573 linear_solver.cc:2026] No solution exists. MPSolverInterface::result_status_ = MPSOLVER_INFEASIBLE
E0000 00:00:1785803900.020758   19573 linear_solver.cc:2026] No solution exists. MPSolverInterface::result_status_ = MPSOLVER_INFEASIBLE
E0000 00:00:1785803900.075616   19573 linear_solver.cc:2026] No solution exists. MPSolverInterface::result_status_ = MPSOLVER_INFEASIBLE
E0000 00:00:1785803900.307800   19573 linear_solver.cc:2026] No solution exists. MPSolverInterface::result_status_ = MPSOLVER_INFEASIBLE
E0000 00:00:1785803900.346160   19573 linear_solver.cc:2026] No solution exists. MPSolverInterface::result_status_ = MPSOLVER_INFEASIBLE
E0000 00:00:1785803900.816836   19573 linear_solver.cc:2026] No solution exists. MPSolverInterface::result_status_ = MPSOLVER_INFEASIBLE
E0000 00:00:1785803918.497624   19573 linear_solver.cc:2026] No solution exists. MPSolverInterface::result_status_ = MPSOLVER_INFEASIBLE
E0000 00:00:1785803918.858432   19573 linear_solver.cc:2026] No solution exists. MPSolverInterface::result_status_ = MPSOLVER_INFEASIBLE
E0000 00:00:1785803918.906852   19573 linear_solver.cc:2026] No solution exists. MPSolverInterface::result_status_ = MPSOLVER_INFEASIBLE
E0000 00:00:1785803919.395785   19573 linear_solver.cc:2026] No solution exists. MPSolverInterface::result_status_ = MPSOLVER_INFEASIBLE
E0000 00:00:1785803919.450679   19573 linear_solver.cc:2026] No solution exists. MPSolverInterface::result_status_ = MPSOLVER_INFEASIBLE
E0000 00:00:1785803919.688884   19573 linear_solver.cc:2026] No solution exists. MPSolverInterface::result_status_ = MPSOLVER_INFEASIBLE
E0000 00:00:1785803919.727090   19573 linear_solver.cc:2026] No solution exists. MPSolverInterface::result_status_ = MPSOLVER_INFEASIBLE
E0000 00:00:1785803920.198944   19573 linear_solver.cc:2026] No solution exists. MPSolverInterface::result_status_ = MPSOLVER_INFEASIBLE
E0000 00:00:1785804032.089083   19573 linear_solver.cc:2026] No solution exists. MPSolverInterface::result_status_ = MPSOLVER_INFEASIBLE
E0000 00:00:1785804032.133935   19573 linear_solver.cc:2026] No solution exists. MPSolverInterface::result_status_ = MPSOLVER_INFEASIBLE
E0000 00:00:1785804032.983736   19573 linear_solver.cc:2026] No solution exists. MPSolverInterface::result_status_ = MPSOLVER_INFEASIBLE
E0000 00:00:1785804040.084464   19573 linear_solver.cc:2026] No solution exists. MPSolverInterface::result_status_ = MPSOLVER_INFEASIBLE
E0000 00:00:1785804040.141476   19573 linear_solver.cc:2026] No solution exists. MPSolverInterface::result_status_ = MPSOLVER_INFEASIBLE
E0000 00:00:1785804040.212747   19573 linear_solver.cc:2026] No solution exists. MPSolverInterface::result_status_ = MPSOLVER_INFEASIBLE
E0000 00:00:1785804040.271763   19573 linear_solver.cc:2026] No solution exists. MPSolverInterface::result_status_ = MPSOLVER_INFEASIBLE
E0000 00:00:1785804040.330045   19573 linear_solver.cc:2026] No solution exists. MPSolverInterface::result_status_ = MPSOLVER_INFEASIBLE
E0000 00:00:1785804040.357261   19573 linear_solver.cc:2026] No solution exists. MPSolverInterface::result_status_ = MPSOLVER_INFEASIBLE
E0000 00:00:1785804042.543483   19573 linear_solver.cc:2026] No solution exists. MPSolverInterface::result_status_ = MPSOLVER_INFEASIBLE
E0000 00:00:1785804042.600699   19573 linear_solver.cc:2026] No solution exists. MPSolverInterface::result_status_ = MPSOLVER_INFEASIBLE
E0000 00:00:1785804042.673270   19573 linear_solver.cc:2026] No solution exists. MPSolverInterface::result_status_ = MPSOLVER_INFEASIBLE
E0000 00:00:1785804042.730347   19573 linear_solver.cc:2026] No solution exists. MPSolverInterface::result_status_ = MPSOLVER_INFEASIBLE
E0000 00:00:1785804042.789662   19573 linear_solver.cc:2026] No solution exists. MPSolverInterface::result_status_ = MPSOLVER_INFEASIBLE
E0000 00:00:1785804042.817483   19573 linear_solver.cc:2026] No solution exists. MPSolverInterface::result_status_ = MPSOLVER_INFEASIBLE
E0000 00:00:1785804045.006164   19573 linear_solver.cc:2026] No solution exists. MPSolverInterface::result_status_ = MPSOLVER_INFEASIBLE
E0000 00:00:1785804045.063305   19573 linear_solver.cc:2026] No solution exists. MPSolverInterface::result_status_ = MPSOLVER_INFEASIBLE
E0000 00:00:1785804045.135227   19573 linear_solver.cc:2026] No solution exists. MPSolverInterface::result_status_ = MPSOLVER_INFEASIBLE
E0000 00:00:1785804045.192656   19573 linear_solver.cc:2026] No solution exists. MPSolverInterface::result_status_ = MPSOLVER_INFEASIBLE
E0000 00:00:1785804045.250122   19573 linear_solver.cc:2026] No solution exists. MPSolverInterface::result_status_ = MPSOLVER_INFEASIBLE
E0000 00:00:1785804045.277922   19573 linear_solver.cc:2026] No solution exists. MPSolverInterface::result_status_ = MPSOLVER_INFEASIBLE
seed 1 done
E0000 00:00:1785804059.072803   19573 linear_solver.cc:2026] No solution exists. MPSolverInterface::result_status_ = MPSOLVER_INFEASIBLE
E0000 00:00:1785804059.086159   19573 linear_solver.cc:2026] No solution exists. MPSolverInterface::result_status_ = MPSOLVER_INFEASIBLE
E0000 00:00:1785804059.098917   19573 linear_solver.cc:2026] No solution exists. MPSolverInterface::result_status_ = MPSOLVER_INFEASIBLE
E0000 00:00:1785804059.111763   19573 linear_solver.cc:2026] No solution exists. MPSolverInterface::result_status_ = MPSOLVER_INFEASIBLE
E0000 00:00:1785804059.124556   19573 linear_solver.cc:2026] No solution exists. MPSolverInterface::result_status_ = MPSOLVER_INFEASIBLE
E0000 00:00:1785804059.137327   19573 linear_solver.cc:2026] No solution exists. MPSolverInterface::result_status_ = MPSOLVER_INFEASIBLE
E0000 00:00:1785804059.150293   19573 linear_solver.cc:2026] No solution exists. MPSolverInterface::result_status_ = MPSOLVER_INFEASIBLE
E0000 00:00:1785804059.163381   19573 linear_solver.cc:2026] No solution exists. MPSolverInterface::result_status_ = MPSOLVER_INFEASIBLE
E0000 00:00:1785804059.176310   19573 linear_solver.cc:2026] No solution exists. MPSolverInterface::result_status_ = MPSOLVER_INFEASIBLE
E0000 00:00:1785804059.247898   19573 linear_solver.cc:2026] No solution exists. MPSolverInterface::result_status_ = MPSOLVER_INFEASIBLE
E0000 00:00:1785804059.260923   19573 linear_solver.cc:2026] No solution exists. MPSolverInterface::result_status_ = MPSOLVER_INFEASIBLE
E0000 00:00:1785804059.288480   19573 linear_solver.cc:2026] No solution exists. MPSolverInterface::result_status_ = MPSOLVER_INFEASIBLE
E0000 00:00:1785804059.301311   19573 linear_solver.cc:2026] No solution exists. MPSolverInterface::result_status_ = MPSOLVER_INFEASIBLE
E0000 00:00:1785804061.509546   19573 linear_solver.cc:2026] No solution exists. MPSolverInterface::result_status_ = MPSOLVER_INFEASIBLE
E0000 00:00:1785804061.522866   19573 linear_solver.cc:2026] No solution exists. MPSolverInterface::result_status_ = MPSOLVER_INFEASIBLE
E0000 00:00:1785804061.535689   19573 linear_solver.cc:2026] No solution exists. MPSolverInterface::result_status_ = MPSOLVER_INFEASIBLE
E0000 00:00:1785804061.548867   19573 linear_solver.cc:2026] No solution exists. MPSolverInterface::result_status_ = MPSOLVER_INFEASIBLE
E0000 00:00:1785804061.561668   19573 linear_solver.cc:2026] No solution exists. MPSolverInterface::result_status_ = MPSOLVER_INFEASIBLE
E0000 00:00:1785804061.574470   19573 linear_solver.cc:2026] No solution exists. MPSolverInterface::result_status_ = MPSOLVER_INFEASIBLE
E0000 00:00:1785804061.587490   19573 linear_solver.cc:2026] No solution exists. MPSolverInterface::result_status_ = MPSOLVER_INFEASIBLE
E0000 00:00:1785804061.600400   19573 linear_solver.cc:2026] No solution exists. MPSolverInterface::result_status_ = MPSOLVER_INFEASIBLE
E0000 00:00:1785804061.613328   19573 linear_solver.cc:2026] No solution exists. MPSolverInterface::result_status_ = MPSOLVER_INFEASIBLE
E0000 00:00:1785804061.685329   19573 linear_solver.cc:2026] No solution exists. MPSolverInterface::result_status_ = MPSOLVER_INFEASIBLE
E0000 00:00:1785804061.698346   19573 linear_solver.cc:2026] No solution exists. MPSolverInterface::result_status_ = MPSOLVER_INFEASIBLE
E0000 00:00:1785804061.726471   19573 linear_solver.cc:2026] No solution exists. MPSolverInterface::result_status_ = MPSOLVER_INFEASIBLE
E0000 00:00:1785804061.739313   19573 linear_solver.cc:2026] No solution exists. MPSolverInterface::result_status_ = MPSOLVER_INFEASIBLE
E0000 00:00:1785804063.898879   19573 linear_solver.cc:2026] No solution exists. MPSolverInterface::result_status_ = MPSOLVER_INFEASIBLE
E0000 00:00:1785804063.912199   19573 linear_solver.cc:2026] No solution exists. MPSolverInterface::result_status_ = MPSOLVER_INFEASIBLE
E0000 00:00:1785804063.925031   19573 linear_solver.cc:2026] No solution exists. MPSolverInterface::result_status_ = MPSOLVER_INFEASIBLE
E0000 00:00:1785804063.937923   19573 linear_solver.cc:2026] No solution exists. MPSolverInterface::result_status_ = MPSOLVER_INFEASIBLE
E0000 00:00:1785804063.950715   19573 linear_solver.cc:2026] No solution exists. MPSolverInterface::result_status_ = MPSOLVER_INFEASIBLE
E0000 00:00:1785804063.963626   19573 linear_solver.cc:2026] No solution exists. MPSolverInterface::result_status_ = MPSOLVER_INFEASIBLE
E0000 00:00:1785804063.976584   19573 linear_solver.cc:2026] No solution exists. MPSolverInterface::result_status_ = MPSOLVER_INFEASIBLE
E0000 00:00:1785804063.989847   19573 linear_solver.cc:2026] No solution exists. MPSolverInterface::result_status_ = MPSOLVER_INFEASIBLE
E0000 00:00:1785804064.002872   19573 linear_solver.cc:2026] No solution exists. MPSolverInterface::result_status_ = MPSOLVER_INFEASIBLE
E0000 00:00:1785804064.074591   19573 linear_solver.cc:2026] No solution exists. MPSolverInterface::result_status_ = MPSOLVER_INFEASIBLE
E0000 00:00:1785804064.087509   19573 linear_solver.cc:2026] No solution exists. MPSolverInterface::result_status_ = MPSOLVER_INFEASIBLE
E0000 00:00:1785804064.115114   19573 linear_solver.cc:2026] No solution exists. MPSolverInterface::result_status_ = MPSOLVER_INFEASIBLE
E0000 00:00:1785804064.128147   19573 linear_solver.cc:2026] No solution exists. MPSolverInterface::result_status_ = MPSOLVER_INFEASIBLE
E0000 00:00:1785804584.908462   19573 linear_solver.cc:2026] No solution exists. MPSolverInterface::result_status_ = MPSOLVER_INFEASIBLE
E0000 00:00:1785804584.974752   19573 linear_solver.cc:2026] No solution exists. MPSolverInterface::result_status_ = MPSOLVER_INFEASIBLE
E0000 00:00:1785804585.158588   19573 linear_solver.cc:2026] No solution exists. MPSolverInterface::result_status_ = MPSOLVER_INFEASIBLE
E0000 00:00:1785804588.672244   19573 linear_solver.cc:2026] No solution exists. MPSolverInterface::result_status_ = MPSOLVER_INFEASIBLE
E0000 00:00:1785804591.018436   19573 linear_solver.cc:2026] No solution exists. MPSolverInterface::result_status_ = MPSOLVER_INFEASIBLE
E0000 00:00:1785804740.019067   19573 linear_solver.cc:2026] No solution exists. MPSolverInterface::result_status_ = MPSOLVER_INFEASIBLE
E0000 00:00:1785804740.091391   19573 linear_solver.cc:2026] No solution exists. MPSolverInterface::result_status_ = MPSOLVER_INFEASIBLE
E0000 00:00:1785804740.277786   19573 linear_solver.cc:2026] No solution exists. MPSolverInterface::result_status_ = MPSOLVER_INFEASIBLE
E0000 00:00:1785804743.792973   19573 linear_solver.cc:2026] No solution exists. MPSolverInterface::result_status_ = MPSOLVER_INFEASIBLE
E0000 00:00:1785804746.158604   19573 linear_solver.cc:2026] No solution exists. MPSolverInterface::result_status_ = MPSOLVER_INFEASIBLE
E0000 00:00:1785804782.104132   19573 linear_solver.cc:2026] No solution exists. MPSolverInterface::result_status_ = MPSOLVER_INFEASIBLE
E0000 00:00:1785804782.159007   19573 linear_solver.cc:2026] No solution exists. MPSolverInterface::result_status_ = MPSOLVER_INFEASIBLE
E0000 00:00:1785804782.213739   19573 linear_solver.cc:2026] No solution exists. MPSolverInterface::result_status_ = MPSOLVER_INFEASIBLE
E0000 00:00:1785804782.255790   19573 linear_solver.cc:2026] No solution exists. MPSolverInterface::result_status_ = MPSOLVER_INFEASIBLE
E0000 00:00:1785804782.304332   19573 linear_solver.cc:2026] No solution exists. MPSolverInterface::result_status_ = MPSOLVER_INFEASIBLE
E0000 00:00:1785804782.532059   19573 linear_solver.cc:2026] No solution exists. MPSolverInterface::result_status_ = MPSOLVER_INFEASIBLE
E0000 00:00:1785804782.587072   19573 linear_solver.cc:2026] No solution exists. MPSolverInterface::result_status_ = MPSOLVER_INFEASIBLE
E0000 00:00:1785804782.634368   19573 linear_solver.cc:2026] No solution exists. MPSolverInterface::result_status_ = MPSOLVER_INFEASIBLE
E0000 00:00:1785804782.688500   19573 linear_solver.cc:2026] No solution exists. MPSolverInterface::result_status_ = MPSOLVER_INFEASIBLE
E0000 00:00:1785804782.966589   19573 linear_solver.cc:2026] No solution exists. MPSolverInterface::result_status_ = MPSOLVER_INFEASIBLE
E0000 00:00:1785804783.617644   19573 linear_solver.cc:2026] No solution exists. MPSolverInterface::result_status_ = MPSOLVER_INFEASIBLE
E0000 00:00:1785804783.901996   19573 linear_solver.cc:2026] No solution exists. MPSolverInterface::result_status_ = MPSOLVER_INFEASIBLE
E0000 00:00:1785804783.956021   19573 linear_solver.cc:2026] No solution exists. MPSolverInterface::result_status_ = MPSOLVER_INFEASIBLE
E0000 00:00:1785804808.288819   19573 linear_solver.cc:2026] No solution exists. MPSolverInterface::result_status_ = MPSOLVER_INFEASIBLE
E0000 00:00:1785804808.343050   19573 linear_solver.cc:2026] No solution exists. MPSolverInterface::result_status_ = MPSOLVER_INFEASIBLE
E0000 00:00:1785804808.397303   19573 linear_solver.cc:2026] No solution exists. MPSolverInterface::result_status_ = MPSOLVER_INFEASIBLE
E0000 00:00:1785804808.439162   19573 linear_solver.cc:2026] No solution exists. MPSolverInterface::result_status_ = MPSOLVER_INFEASIBLE
E0000 00:00:1785804808.487222   19573 linear_solver.cc:2026] No solution exists. MPSolverInterface::result_status_ = MPSOLVER_INFEASIBLE
E0000 00:00:1785804808.712178   19573 linear_solver.cc:2026] No solution exists. MPSolverInterface::result_status_ = MPSOLVER_INFEASIBLE
E0000 00:00:1785804808.767055   19573 linear_solver.cc:2026] No solution exists. MPSolverInterface::result_status_ = MPSOLVER_INFEASIBLE
E0000 00:00:1785804808.814208   19573 linear_solver.cc:2026] No solution exists. MPSolverInterface::result_status_ = MPSOLVER_INFEASIBLE
E0000 00:00:1785804808.868015   19573 linear_solver.cc:2026] No solution exists. MPSolverInterface::result_status_ = MPSOLVER_INFEASIBLE
E0000 00:00:1785804809.142611   19573 linear_solver.cc:2026] No solution exists. MPSolverInterface::result_status_ = MPSOLVER_INFEASIBLE
E0000 00:00:1785804809.775817   19573 linear_solver.cc:2026] No solution exists. MPSolverInterface::result_status_ = MPSOLVER_INFEASIBLE
E0000 00:00:1785804810.069086   19573 linear_solver.cc:2026] No solution exists. MPSolverInterface::result_status_ = MPSOLVER_INFEASIBLE
E0000 00:00:1785804810.122894   19573 linear_solver.cc:2026] No solution exists. MPSolverInterface::result_status_ = MPSOLVER_INFEASIBLE
E0000 00:00:1785804834.231156   19573 linear_solver.cc:2026] No solution exists. MPSolverInterface::result_status_ = MPSOLVER_INFEASIBLE
E0000 00:00:1785804834.285293   19573 linear_solver.cc:2026] No solution exists. MPSolverInterface::result_status_ = MPSOLVER_INFEASIBLE
E0000 00:00:1785804834.339701   19573 linear_solver.cc:2026] No solution exists. MPSolverInterface::result_status_ = MPSOLVER_INFEASIBLE
E0000 00:00:1785804834.381019   19573 linear_solver.cc:2026] No solution exists. MPSolverInterface::result_status_ = MPSOLVER_INFEASIBLE
E0000 00:00:1785804834.429667   19573 linear_solver.cc:2026] No solution exists. MPSolverInterface::result_status_ = MPSOLVER_INFEASIBLE
E0000 00:00:1785804834.655310   19573 linear_solver.cc:2026] No solution exists. MPSolverInterface::result_status_ = MPSOLVER_INFEASIBLE
E0000 00:00:1785804834.710019   19573 linear_solver.cc:2026] No solution exists. MPSolverInterface::result_status_ = MPSOLVER_INFEASIBLE
E0000 00:00:1785804834.756907   19573 linear_solver.cc:2026] No solution exists. MPSolverInterface::result_status_ = MPSOLVER_INFEASIBLE
E0000 00:00:1785804834.810620   19573 linear_solver.cc:2026] No solution exists. MPSolverInterface::result_status_ = MPSOLVER_INFEASIBLE
E0000 00:00:1785804835.084866   19573 linear_solver.cc:2026] No solution exists. MPSolverInterface::result_status_ = MPSOLVER_INFEASIBLE
E0000 00:00:1785804835.716470   19573 linear_solver.cc:2026] No solution exists. MPSolverInterface::result_status_ = MPSOLVER_INFEASIBLE
E0000 00:00:1785804835.998916   19573 linear_solver.cc:2026] No solution exists. MPSolverInterface::result_status_ = MPSOLVER_INFEASIBLE
E0000 00:00:1785804836.053067   19573 linear_solver.cc:2026] No solution exists. MPSolverInterface::result_status_ = MPSOLVER_INFEASIBLE
seed 2 done
MATCHED: wrote 315 rows -> outputs/matched/matched_gmsc_0.parquet
[2026-08-03 20:54:08,792][HYDRA] 	#1 : dataset=aps n_seeds=3 out=outputs/matched
E0000 00:00:1785804958.113237   19573 linear_solver.cc:2026] No solution exists. MPSolverInterface::result_status_ = MPSOLVER_INFEASIBLE
E0000 00:00:1785804958.272064   19573 linear_solver.cc:2026] No solution exists. MPSolverInterface::result_status_ = MPSOLVER_INFEASIBLE
E0000 00:00:1785804958.305765   19573 linear_solver.cc:2026] No solution exists. MPSolverInterface::result_status_ = MPSOLVER_INFEASIBLE
E0000 00:00:1785804958.348655   19573 linear_solver.cc:2026] No solution exists. MPSolverInterface::result_status_ = MPSOLVER_INFEASIBLE
E0000 00:00:1785804958.386601   19573 linear_solver.cc:2026] No solution exists. MPSolverInterface::result_status_ = MPSOLVER_INFEASIBLE
E0000 00:00:1785804958.423963   19573 linear_solver.cc:2026] No solution exists. MPSolverInterface::result_status_ = MPSOLVER_INFEASIBLE
E0000 00:00:1785804958.456357   19573 linear_solver.cc:2026] No solution exists. MPSolverInterface::result_status_ = MPSOLVER_INFEASIBLE
E0000 00:00:1785804958.493688   19573 linear_solver.cc:2026] No solution exists. MPSolverInterface::result_status_ = MPSOLVER_INFEASIBLE
E0000 00:00:1785804958.543116   19573 linear_solver.cc:2026] No solution exists. MPSolverInterface::result_status_ = MPSOLVER_INFEASIBLE
E0000 00:00:1785804958.623175   19573 linear_solver.cc:2026] No solution exists. MPSolverInterface::result_status_ = MPSOLVER_INFEASIBLE
E0000 00:00:1785804958.896243   19573 linear_solver.cc:2026] No solution exists. MPSolverInterface::result_status_ = MPSOLVER_INFEASIBLE
E0000 00:00:1785804959.326339   19573 linear_solver.cc:2026] No solution exists. MPSolverInterface::result_status_ = MPSOLVER_INFEASIBLE
E0000 00:00:1785804959.369824   19573 linear_solver.cc:2026] No solution exists. MPSolverInterface::result_status_ = MPSOLVER_INFEASIBLE
E0000 00:00:1785804959.396932   19573 linear_solver.cc:2026] No solution exists. MPSolverInterface::result_status_ = MPSOLVER_INFEASIBLE
E0000 00:00:1785804959.440393   19573 linear_solver.cc:2026] No solution exists. MPSolverInterface::result_status_ = MPSOLVER_INFEASIBLE
E0000 00:00:1785805052.164064   19573 linear_solver.cc:2026] No solution exists. MPSolverInterface::result_status_ = MPSOLVER_INFEASIBLE
E0000 00:00:1785805052.319779   19573 linear_solver.cc:2026] No solution exists. MPSolverInterface::result_status_ = MPSOLVER_INFEASIBLE
E0000 00:00:1785805052.354553   19573 linear_solver.cc:2026] No solution exists. MPSolverInterface::result_status_ = MPSOLVER_INFEASIBLE
E0000 00:00:1785805052.399137   19573 linear_solver.cc:2026] No solution exists. MPSolverInterface::result_status_ = MPSOLVER_INFEASIBLE
E0000 00:00:1785805052.436935   19573 linear_solver.cc:2026] No solution exists. MPSolverInterface::result_status_ = MPSOLVER_INFEASIBLE
E0000 00:00:1785805052.474273   19573 linear_solver.cc:2026] No solution exists. MPSolverInterface::result_status_ = MPSOLVER_INFEASIBLE
E0000 00:00:1785805052.506617   19573 linear_solver.cc:2026] No solution exists. MPSolverInterface::result_status_ = MPSOLVER_INFEASIBLE
E0000 00:00:1785805052.543908   19573 linear_solver.cc:2026] No solution exists. MPSolverInterface::result_status_ = MPSOLVER_INFEASIBLE
E0000 00:00:1785805052.592775   19573 linear_solver.cc:2026] No solution exists. MPSolverInterface::result_status_ = MPSOLVER_INFEASIBLE
E0000 00:00:1785805052.672618   19573 linear_solver.cc:2026] No solution exists. MPSolverInterface::result_status_ = MPSOLVER_INFEASIBLE
E0000 00:00:1785805052.945318   19573 linear_solver.cc:2026] No solution exists. MPSolverInterface::result_status_ = MPSOLVER_INFEASIBLE
E0000 00:00:1785805053.375807   19573 linear_solver.cc:2026] No solution exists. MPSolverInterface::result_status_ = MPSOLVER_INFEASIBLE
E0000 00:00:1785805053.418530   19573 linear_solver.cc:2026] No solution exists. MPSolverInterface::result_status_ = MPSOLVER_INFEASIBLE
E0000 00:00:1785805053.446016   19573 linear_solver.cc:2026] No solution exists. MPSolverInterface::result_status_ = MPSOLVER_INFEASIBLE
E0000 00:00:1785805053.489302   19573 linear_solver.cc:2026] No solution exists. MPSolverInterface::result_status_ = MPSOLVER_INFEASIBLE
E0000 00:00:1785805146.141235   19573 linear_solver.cc:2026] No solution exists. MPSolverInterface::result_status_ = MPSOLVER_INFEASIBLE
E0000 00:00:1785805146.306707   19573 linear_solver.cc:2026] No solution exists. MPSolverInterface::result_status_ = MPSOLVER_INFEASIBLE
E0000 00:00:1785805146.342667   19573 linear_solver.cc:2026] No solution exists. MPSolverInterface::result_status_ = MPSOLVER_INFEASIBLE
E0000 00:00:1785805146.389088   19573 linear_solver.cc:2026] No solution exists. MPSolverInterface::result_status_ = MPSOLVER_INFEASIBLE
E0000 00:00:1785805146.426911   19573 linear_solver.cc:2026] No solution exists. MPSolverInterface::result_status_ = MPSOLVER_INFEASIBLE
E0000 00:00:1785805146.465062   19573 linear_solver.cc:2026] No solution exists. MPSolverInterface::result_status_ = MPSOLVER_INFEASIBLE
E0000 00:00:1785805146.498112   19573 linear_solver.cc:2026] No solution exists. MPSolverInterface::result_status_ = MPSOLVER_INFEASIBLE
E0000 00:00:1785805146.535397   19573 linear_solver.cc:2026] No solution exists. MPSolverInterface::result_status_ = MPSOLVER_INFEASIBLE
E0000 00:00:1785805146.585064   19573 linear_solver.cc:2026] No solution exists. MPSolverInterface::result_status_ = MPSOLVER_INFEASIBLE
E0000 00:00:1785805146.665294   19573 linear_solver.cc:2026] No solution exists. MPSolverInterface::result_status_ = MPSOLVER_INFEASIBLE
E0000 00:00:1785805146.937017   19573 linear_solver.cc:2026] No solution exists. MPSolverInterface::result_status_ = MPSOLVER_INFEASIBLE
E0000 00:00:1785805147.367008   19573 linear_solver.cc:2026] No solution exists. MPSolverInterface::result_status_ = MPSOLVER_INFEASIBLE
E0000 00:00:1785805147.409567   19573 linear_solver.cc:2026] No solution exists. MPSolverInterface::result_status_ = MPSOLVER_INFEASIBLE
E0000 00:00:1785805147.436909   19573 linear_solver.cc:2026] No solution exists. MPSolverInterface::result_status_ = MPSOLVER_INFEASIBLE
E0000 00:00:1785805147.481231   19573 linear_solver.cc:2026] No solution exists. MPSolverInterface::result_status_ = MPSOLVER_INFEASIBLE
E0000 00:00:1785805351.383034   19573 linear_solver.cc:2026] No solution exists. MPSolverInterface::result_status_ = MPSOLVER_INFEASIBLE
E0000 00:00:1785805351.426158   19573 linear_solver.cc:2026] No solution exists. MPSolverInterface::result_status_ = MPSOLVER_INFEASIBLE
E0000 00:00:1785805351.824318   19573 linear_solver.cc:2026] No solution exists. MPSolverInterface::result_status_ = MPSOLVER_INFEASIBLE
E0000 00:00:1785805352.064383   19573 linear_solver.cc:2026] No solution exists. MPSolverInterface::result_status_ = MPSOLVER_INFEASIBLE
E0000 00:00:1785805352.208228   19573 linear_solver.cc:2026] No solution exists. MPSolverInterface::result_status_ = MPSOLVER_INFEASIBLE
E0000 00:00:1785805352.238447   19573 linear_solver.cc:2026] No solution exists. MPSolverInterface::result_status_ = MPSOLVER_INFEASIBLE
E0000 00:00:1785805352.331066   19573 linear_solver.cc:2026] No solution exists. MPSolverInterface::result_status_ = MPSOLVER_INFEASIBLE
E0000 00:00:1785805352.361424   19573 linear_solver.cc:2026] No solution exists. MPSolverInterface::result_status_ = MPSOLVER_INFEASIBLE
E0000 00:00:1785805352.449973   19573 linear_solver.cc:2026] No solution exists. MPSolverInterface::result_status_ = MPSOLVER_INFEASIBLE
E0000 00:00:1785805396.581127   19573 linear_solver.cc:2026] No solution exists. MPSolverInterface::result_status_ = MPSOLVER_INFEASIBLE
E0000 00:00:1785805396.624358   19573 linear_solver.cc:2026] No solution exists. MPSolverInterface::result_status_ = MPSOLVER_INFEASIBLE
E0000 00:00:1785805397.027493   19573 linear_solver.cc:2026] No solution exists. MPSolverInterface::result_status_ = MPSOLVER_INFEASIBLE
E0000 00:00:1785805397.278339   19573 linear_solver.cc:2026] No solution exists. MPSolverInterface::result_status_ = MPSOLVER_INFEASIBLE
E0000 00:00:1785805397.424109   19573 linear_solver.cc:2026] No solution exists. MPSolverInterface::result_status_ = MPSOLVER_INFEASIBLE
E0000 00:00:1785805397.454439   19573 linear_solver.cc:2026] No solution exists. MPSolverInterface::result_status_ = MPSOLVER_INFEASIBLE
E0000 00:00:1785805397.546471   19573 linear_solver.cc:2026] No solution exists. MPSolverInterface::result_status_ = MPSOLVER_INFEASIBLE
E0000 00:00:1785805397.577230   19573 linear_solver.cc:2026] No solution exists. MPSolverInterface::result_status_ = MPSOLVER_INFEASIBLE
E0000 00:00:1785805397.664892   19573 linear_solver.cc:2026] No solution exists. MPSolverInterface::result_status_ = MPSOLVER_INFEASIBLE
E0000 00:00:1785805441.828045   19573 linear_solver.cc:2026] No solution exists. MPSolverInterface::result_status_ = MPSOLVER_INFEASIBLE
E0000 00:00:1785805441.871293   19573 linear_solver.cc:2026] No solution exists. MPSolverInterface::result_status_ = MPSOLVER_INFEASIBLE
E0000 00:00:1785805442.275230   19573 linear_solver.cc:2026] No solution exists. MPSolverInterface::result_status_ = MPSOLVER_INFEASIBLE
E0000 00:00:1785805442.514654   19573 linear_solver.cc:2026] No solution exists. MPSolverInterface::result_status_ = MPSOLVER_INFEASIBLE
E0000 00:00:1785805442.657943   19573 linear_solver.cc:2026] No solution exists. MPSolverInterface::result_status_ = MPSOLVER_INFEASIBLE
E0000 00:00:1785805442.688300   19573 linear_solver.cc:2026] No solution exists. MPSolverInterface::result_status_ = MPSOLVER_INFEASIBLE
E0000 00:00:1785805442.779989   19573 linear_solver.cc:2026] No solution exists. MPSolverInterface::result_status_ = MPSOLVER_INFEASIBLE
E0000 00:00:1785805442.810933   19573 linear_solver.cc:2026] No solution exists. MPSolverInterface::result_status_ = MPSOLVER_INFEASIBLE
E0000 00:00:1785805442.906545   19573 linear_solver.cc:2026] No solution exists. MPSolverInterface::result_status_ = MPSOLVER_INFEASIBLE
E0000 00:00:1785805555.373941   19573 linear_solver.cc:2026] No solution exists. MPSolverInterface::result_status_ = MPSOLVER_INFEASIBLE
E0000 00:00:1785805555.405503   19573 linear_solver.cc:2026] No solution exists. MPSolverInterface::result_status_ = MPSOLVER_INFEASIBLE
E0000 00:00:1785805555.426049   19573 linear_solver.cc:2026] No solution exists. MPSolverInterface::result_status_ = MPSOLVER_INFEASIBLE
E0000 00:00:1785805555.435789   19573 linear_solver.cc:2026] No solution exists. MPSolverInterface::result_status_ = MPSOLVER_INFEASIBLE
E0000 00:00:1785805555.467985   19573 linear_solver.cc:2026] No solution exists. MPSolverInterface::result_status_ = MPSOLVER_INFEASIBLE
E0000 00:00:1785805555.477646   19573 linear_solver.cc:2026] No solution exists. MPSolverInterface::result_status_ = MPSOLVER_INFEASIBLE
E0000 00:00:1785805555.510109   19573 linear_solver.cc:2026] No solution exists. MPSolverInterface::result_status_ = MPSOLVER_INFEASIBLE
E0000 00:00:1785805555.519962   19573 linear_solver.cc:2026] No solution exists. MPSolverInterface::result_status_ = MPSOLVER_INFEASIBLE
E0000 00:00:1785805555.529648   19573 linear_solver.cc:2026] No solution exists. MPSolverInterface::result_status_ = MPSOLVER_INFEASIBLE
E0000 00:00:1785805555.539325   19573 linear_solver.cc:2026] No solution exists. MPSolverInterface::result_status_ = MPSOLVER_INFEASIBLE
E0000 00:00:1785805555.549385   19573 linear_solver.cc:2026] No solution exists. MPSolverInterface::result_status_ = MPSOLVER_INFEASIBLE
E0000 00:00:1785805557.301727   19573 linear_solver.cc:2026] No solution exists. MPSolverInterface::result_status_ = MPSOLVER_INFEASIBLE
E0000 00:00:1785805557.333324   19573 linear_solver.cc:2026] No solution exists. MPSolverInterface::result_status_ = MPSOLVER_INFEASIBLE
E0000 00:00:1785805557.353899   19573 linear_solver.cc:2026] No solution exists. MPSolverInterface::result_status_ = MPSOLVER_INFEASIBLE
E0000 00:00:1785805557.363640   19573 linear_solver.cc:2026] No solution exists. MPSolverInterface::result_status_ = MPSOLVER_INFEASIBLE
E0000 00:00:1785805557.396052   19573 linear_solver.cc:2026] No solution exists. MPSolverInterface::result_status_ = MPSOLVER_INFEASIBLE
E0000 00:00:1785805557.405989   19573 linear_solver.cc:2026] No solution exists. MPSolverInterface::result_status_ = MPSOLVER_INFEASIBLE
E0000 00:00:1785805557.437901   19573 linear_solver.cc:2026] No solution exists. MPSolverInterface::result_status_ = MPSOLVER_INFEASIBLE
E0000 00:00:1785805557.447639   19573 linear_solver.cc:2026] No solution exists. MPSolverInterface::result_status_ = MPSOLVER_INFEASIBLE
E0000 00:00:1785805557.457314   19573 linear_solver.cc:2026] No solution exists. MPSolverInterface::result_status_ = MPSOLVER_INFEASIBLE
E0000 00:00:1785805557.467051   19573 linear_solver.cc:2026] No solution exists. MPSolverInterface::result_status_ = MPSOLVER_INFEASIBLE
E0000 00:00:1785805557.476866   19573 linear_solver.cc:2026] No solution exists. MPSolverInterface::result_status_ = MPSOLVER_INFEASIBLE
E0000 00:00:1785805559.235184   19573 linear_solver.cc:2026] No solution exists. MPSolverInterface::result_status_ = MPSOLVER_INFEASIBLE
E0000 00:00:1785805559.267531   19573 linear_solver.cc:2026] No solution exists. MPSolverInterface::result_status_ = MPSOLVER_INFEASIBLE
E0000 00:00:1785805559.288380   19573 linear_solver.cc:2026] No solution exists. MPSolverInterface::result_status_ = MPSOLVER_INFEASIBLE
E0000 00:00:1785805559.298244   19573 linear_solver.cc:2026] No solution exists. MPSolverInterface::result_status_ = MPSOLVER_INFEASIBLE
E0000 00:00:1785805559.330939   19573 linear_solver.cc:2026] No solution exists. MPSolverInterface::result_status_ = MPSOLVER_INFEASIBLE
E0000 00:00:1785805559.340611   19573 linear_solver.cc:2026] No solution exists. MPSolverInterface::result_status_ = MPSOLVER_INFEASIBLE
E0000 00:00:1785805559.372980   19573 linear_solver.cc:2026] No solution exists. MPSolverInterface::result_status_ = MPSOLVER_INFEASIBLE
E0000 00:00:1785805559.383095   19573 linear_solver.cc:2026] No solution exists. MPSolverInterface::result_status_ = MPSOLVER_INFEASIBLE
E0000 00:00:1785805559.393325   19573 linear_solver.cc:2026] No solution exists. MPSolverInterface::result_status_ = MPSOLVER_INFEASIBLE
E0000 00:00:1785805559.403055   19573 linear_solver.cc:2026] No solution exists. MPSolverInterface::result_status_ = MPSOLVER_INFEASIBLE
E0000 00:00:1785805559.412954   19573 linear_solver.cc:2026] No solution exists. MPSolverInterface::result_status_ = MPSOLVER_INFEASIBLE
E0000 00:00:1785805590.249744   19573 linear_solver.cc:2026] No solution exists. MPSolverInterface::result_status_ = MPSOLVER_INFEASIBLE
E0000 00:00:1785805590.297336   19573 linear_solver.cc:2026] No solution exists. MPSolverInterface::result_status_ = MPSOLVER_INFEASIBLE
E0000 00:00:1785805590.344952   19573 linear_solver.cc:2026] No solution exists. MPSolverInterface::result_status_ = MPSOLVER_INFEASIBLE
E0000 00:00:1785805590.392902   19573 linear_solver.cc:2026] No solution exists. MPSolverInterface::result_status_ = MPSOLVER_INFEASIBLE
E0000 00:00:1785805590.827692   19573 linear_solver.cc:2026] No solution exists. MPSolverInterface::result_status_ = MPSOLVER_INFEASIBLE
E0000 00:00:1785805590.892468   19573 linear_solver.cc:2026] No solution exists. MPSolverInterface::result_status_ = MPSOLVER_INFEASIBLE
E0000 00:00:1785805590.955425   19573 linear_solver.cc:2026] No solution exists. MPSolverInterface::result_status_ = MPSOLVER_INFEASIBLE
E0000 00:00:1785805590.992364   19573 linear_solver.cc:2026] No solution exists. MPSolverInterface::result_status_ = MPSOLVER_INFEASIBLE
E0000 00:00:1785805591.098492   19573 linear_solver.cc:2026] No solution exists. MPSolverInterface::result_status_ = MPSOLVER_INFEASIBLE
E0000 00:00:1785805591.131565   19573 linear_solver.cc:2026] No solution exists. MPSolverInterface::result_status_ = MPSOLVER_INFEASIBLE
E0000 00:00:1785805591.327283   19573 linear_solver.cc:2026] No solution exists. MPSolverInterface::result_status_ = MPSOLVER_INFEASIBLE
E0000 00:00:1785805591.506858   19573 linear_solver.cc:2026] No solution exists. MPSolverInterface::result_status_ = MPSOLVER_INFEASIBLE
E0000 00:00:1785805591.630573   19573 linear_solver.cc:2026] No solution exists. MPSolverInterface::result_status_ = MPSOLVER_INFEASIBLE
E0000 00:00:1785805625.847144   19573 linear_solver.cc:2026] No solution exists. MPSolverInterface::result_status_ = MPSOLVER_INFEASIBLE
E0000 00:00:1785805625.894766   19573 linear_solver.cc:2026] No solution exists. MPSolverInterface::result_status_ = MPSOLVER_INFEASIBLE
E0000 00:00:1785805625.942389   19573 linear_solver.cc:2026] No solution exists. MPSolverInterface::result_status_ = MPSOLVER_INFEASIBLE
E0000 00:00:1785805625.990059   19573 linear_solver.cc:2026] No solution exists. MPSolverInterface::result_status_ = MPSOLVER_INFEASIBLE
E0000 00:00:1785805626.425741   19573 linear_solver.cc:2026] No solution exists. MPSolverInterface::result_status_ = MPSOLVER_INFEASIBLE
E0000 00:00:1785805626.494989   19573 linear_solver.cc:2026] No solution exists. MPSolverInterface::result_status_ = MPSOLVER_INFEASIBLE
E0000 00:00:1785805626.563693   19573 linear_solver.cc:2026] No solution exists. MPSolverInterface::result_status_ = MPSOLVER_INFEASIBLE
E0000 00:00:1785805626.601870   19573 linear_solver.cc:2026] No solution exists. MPSolverInterface::result_status_ = MPSOLVER_INFEASIBLE
E0000 00:00:1785805626.710785   19573 linear_solver.cc:2026] No solution exists. MPSolverInterface::result_status_ = MPSOLVER_INFEASIBLE
E0000 00:00:1785805626.744022   19573 linear_solver.cc:2026] No solution exists. MPSolverInterface::result_status_ = MPSOLVER_INFEASIBLE
E0000 00:00:1785805626.940090   19573 linear_solver.cc:2026] No solution exists. MPSolverInterface::result_status_ = MPSOLVER_INFEASIBLE
E0000 00:00:1785805627.110225   19573 linear_solver.cc:2026] No solution exists. MPSolverInterface::result_status_ = MPSOLVER_INFEASIBLE
E0000 00:00:1785805627.142541   19573 linear_solver.cc:2026] No solution exists. MPSolverInterface::result_status_ = MPSOLVER_INFEASIBLE
E0000 00:00:1785805661.382604   19573 linear_solver.cc:2026] No solution exists. MPSolverInterface::result_status_ = MPSOLVER_INFEASIBLE
E0000 00:00:1785805661.430080   19573 linear_solver.cc:2026] No solution exists. MPSolverInterface::result_status_ = MPSOLVER_INFEASIBLE
E0000 00:00:1785805661.477870   19573 linear_solver.cc:2026] No solution exists. MPSolverInterface::result_status_ = MPSOLVER_INFEASIBLE
E0000 00:00:1785805661.525176   19573 linear_solver.cc:2026] No solution exists. MPSolverInterface::result_status_ = MPSOLVER_INFEASIBLE
E0000 00:00:1785805661.971742   19573 linear_solver.cc:2026] No solution exists. MPSolverInterface::result_status_ = MPSOLVER_INFEASIBLE
E0000 00:00:1785805662.036379   19573 linear_solver.cc:2026] No solution exists. MPSolverInterface::result_status_ = MPSOLVER_INFEASIBLE
E0000 00:00:1785805662.099476   19573 linear_solver.cc:2026] No solution exists. MPSolverInterface::result_status_ = MPSOLVER_INFEASIBLE
E0000 00:00:1785805662.136624   19573 linear_solver.cc:2026] No solution exists. MPSolverInterface::result_status_ = MPSOLVER_INFEASIBLE
E0000 00:00:1785805662.244026   19573 linear_solver.cc:2026] No solution exists. MPSolverInterface::result_status_ = MPSOLVER_INFEASIBLE
E0000 00:00:1785805662.277045   19573 linear_solver.cc:2026] No solution exists. MPSolverInterface::result_status_ = MPSOLVER_INFEASIBLE
E0000 00:00:1785805662.471024   19573 linear_solver.cc:2026] No solution exists. MPSolverInterface::result_status_ = MPSOLVER_INFEASIBLE
E0000 00:00:1785805662.641353   19573 linear_solver.cc:2026] No solution exists. MPSolverInterface::result_status_ = MPSOLVER_INFEASIBLE
E0000 00:00:1785805662.674374   19573 linear_solver.cc:2026] No solution exists. MPSolverInterface::result_status_ = MPSOLVER_INFEASIBLE
E0000 00:00:1785805717.375911   19573 linear_solver.cc:2026] No solution exists. MPSolverInterface::result_status_ = MPSOLVER_INFEASIBLE
E0000 00:00:1785805717.435199   19573 linear_solver.cc:2026] No solution exists. MPSolverInterface::result_status_ = MPSOLVER_INFEASIBLE
E0000 00:00:1785805718.169556   19573 linear_solver.cc:2026] No solution exists. MPSolverInterface::result_status_ = MPSOLVER_INFEASIBLE
E0000 00:00:1785805718.354607   19573 linear_solver.cc:2026] No solution exists. MPSolverInterface::result_status_ = MPSOLVER_INFEASIBLE
E0000 00:00:1785805718.549428   19573 linear_solver.cc:2026] No solution exists. MPSolverInterface::result_status_ = MPSOLVER_INFEASIBLE
E0000 00:00:1785805718.595761   19573 linear_solver.cc:2026] No solution exists. MPSolverInterface::result_status_ = MPSOLVER_INFEASIBLE
E0000 00:00:1785805719.008360   19573 linear_solver.cc:2026] No solution exists. MPSolverInterface::result_status_ = MPSOLVER_INFEASIBLE
E0000 00:00:1785805719.197880   19573 linear_solver.cc:2026] No solution exists. MPSolverInterface::result_status_ = MPSOLVER_INFEASIBLE
E0000 00:00:1785805774.183759   19573 linear_solver.cc:2026] No solution exists. MPSolverInterface::result_status_ = MPSOLVER_INFEASIBLE
E0000 00:00:1785805774.242868   19573 linear_solver.cc:2026] No solution exists. MPSolverInterface::result_status_ = MPSOLVER_INFEASIBLE
E0000 00:00:1785805774.961550   19573 linear_solver.cc:2026] No solution exists. MPSolverInterface::result_status_ = MPSOLVER_INFEASIBLE
E0000 00:00:1785805775.146892   19573 linear_solver.cc:2026] No solution exists. MPSolverInterface::result_status_ = MPSOLVER_INFEASIBLE
E0000 00:00:1785805775.338774   19573 linear_solver.cc:2026] No solution exists. MPSolverInterface::result_status_ = MPSOLVER_INFEASIBLE
E0000 00:00:1785805775.385202   19573 linear_solver.cc:2026] No solution exists. MPSolverInterface::result_status_ = MPSOLVER_INFEASIBLE
E0000 00:00:1785805775.799010   19573 linear_solver.cc:2026] No solution exists. MPSolverInterface::result_status_ = MPSOLVER_INFEASIBLE
E0000 00:00:1785805775.988549   19573 linear_solver.cc:2026] No solution exists. MPSolverInterface::result_status_ = MPSOLVER_INFEASIBLE
E0000 00:00:1785805830.939276   19573 linear_solver.cc:2026] No solution exists. MPSolverInterface::result_status_ = MPSOLVER_INFEASIBLE
E0000 00:00:1785805830.998141   19573 linear_solver.cc:2026] No solution exists. MPSolverInterface::result_status_ = MPSOLVER_INFEASIBLE
E0000 00:00:1785805831.719058   19573 linear_solver.cc:2026] No solution exists. MPSolverInterface::result_status_ = MPSOLVER_INFEASIBLE
E0000 00:00:1785805831.904663   19573 linear_solver.cc:2026] No solution exists. MPSolverInterface::result_status_ = MPSOLVER_INFEASIBLE
E0000 00:00:1785805832.097734   19573 linear_solver.cc:2026] No solution exists. MPSolverInterface::result_status_ = MPSOLVER_INFEASIBLE
E0000 00:00:1785805832.142850   19573 linear_solver.cc:2026] No solution exists. MPSolverInterface::result_status_ = MPSOLVER_INFEASIBLE
E0000 00:00:1785805832.558852   19573 linear_solver.cc:2026] No solution exists. MPSolverInterface::result_status_ = MPSOLVER_INFEASIBLE
E0000 00:00:1785805832.748030   19573 linear_solver.cc:2026] No solution exists. MPSolverInterface::result_status_ = MPSOLVER_INFEASIBLE
E0000 00:00:1785806078.519294   19573 linear_solver.cc:2026] No solution exists. MPSolverInterface::result_status_ = MPSOLVER_INFEASIBLE
E0000 00:00:1785806078.554248   19573 linear_solver.cc:2026] No solution exists. MPSolverInterface::result_status_ = MPSOLVER_INFEASIBLE
E0000 00:00:1785806078.599819   19573 linear_solver.cc:2026] No solution exists. MPSolverInterface::result_status_ = MPSOLVER_INFEASIBLE
E0000 00:00:1785806078.638602   19573 linear_solver.cc:2026] No solution exists. MPSolverInterface::result_status_ = MPSOLVER_INFEASIBLE
E0000 00:00:1785806079.018241   19573 linear_solver.cc:2026] No solution exists. MPSolverInterface::result_status_ = MPSOLVER_INFEASIBLE
E0000 00:00:1785806080.602672   19573 linear_solver.cc:2026] No solution exists. MPSolverInterface::result_status_ = MPSOLVER_INFEASIBLE
E0000 00:00:1785806080.898222   19573 linear_solver.cc:2026] No solution exists. MPSolverInterface::result_status_ = MPSOLVER_INFEASIBLE
E0000 00:00:1785806080.939303   19573 linear_solver.cc:2026] No solution exists. MPSolverInterface::result_status_ = MPSOLVER_INFEASIBLE
E0000 00:00:1785806207.869977   19573 linear_solver.cc:2026] No solution exists. MPSolverInterface::result_status_ = MPSOLVER_INFEASIBLE
E0000 00:00:1785806208.117790   19573 linear_solver.cc:2026] No solution exists. MPSolverInterface::result_status_ = MPSOLVER_INFEASIBLE
E0000 00:00:1785806208.154032   19573 linear_solver.cc:2026] No solution exists. MPSolverInterface::result_status_ = MPSOLVER_INFEASIBLE
E0000 00:00:1785806208.189247   19573 linear_solver.cc:2026] No solution exists. MPSolverInterface::result_status_ = MPSOLVER_INFEASIBLE
E0000 00:00:1785806208.235055   19573 linear_solver.cc:2026] No solution exists. MPSolverInterface::result_status_ = MPSOLVER_INFEASIBLE
E0000 00:00:1785806208.273704   19573 linear_solver.cc:2026] No solution exists. MPSolverInterface::result_status_ = MPSOLVER_INFEASIBLE
E0000 00:00:1785806208.312156   19573 linear_solver.cc:2026] No solution exists. MPSolverInterface::result_status_ = MPSOLVER_INFEASIBLE
E0000 00:00:1785806208.351077   19573 linear_solver.cc:2026] No solution exists. MPSolverInterface::result_status_ = MPSOLVER_INFEASIBLE
E0000 00:00:1785806208.999936   19573 linear_solver.cc:2026] No solution exists. MPSolverInterface::result_status_ = MPSOLVER_INFEASIBLE
E0000 00:00:1785806209.040592   19573 linear_solver.cc:2026] No solution exists. MPSolverInterface::result_status_ = MPSOLVER_INFEASIBLE
E0000 00:00:1785806209.322929   19573 linear_solver.cc:2026] No solution exists. MPSolverInterface::result_status_ = MPSOLVER_INFEASIBLE
E0000 00:00:1785806209.363873   19573 linear_solver.cc:2026] No solution exists. MPSolverInterface::result_status_ = MPSOLVER_INFEASIBLE
E0000 00:00:1785806209.410184   19573 linear_solver.cc:2026] No solution exists. MPSolverInterface::result_status_ = MPSOLVER_INFEASIBLE
E0000 00:00:1785806209.451134   19573 linear_solver.cc:2026] No solution exists. MPSolverInterface::result_status_ = MPSOLVER_INFEASIBLE
E0000 00:00:1785806209.492051   19573 linear_solver.cc:2026] No solution exists. MPSolverInterface::result_status_ = MPSOLVER_INFEASIBLE
E0000 00:00:1785806248.149012   19573 linear_solver.cc:2026] No solution exists. MPSolverInterface::result_status_ = MPSOLVER_INFEASIBLE
E0000 00:00:1785806248.185042   19573 linear_solver.cc:2026] No solution exists. MPSolverInterface::result_status_ = MPSOLVER_INFEASIBLE
E0000 00:00:1785806248.220760   19573 linear_solver.cc:2026] No solution exists. MPSolverInterface::result_status_ = MPSOLVER_INFEASIBLE
E0000 00:00:1785806248.256714   19573 linear_solver.cc:2026] No solution exists. MPSolverInterface::result_status_ = MPSOLVER_INFEASIBLE
E0000 00:00:1785806248.292886   19573 linear_solver.cc:2026] No solution exists. MPSolverInterface::result_status_ = MPSOLVER_INFEASIBLE
E0000 00:00:1785806248.329157   19573 linear_solver.cc:2026] No solution exists. MPSolverInterface::result_status_ = MPSOLVER_INFEASIBLE
E0000 00:00:1785806261.616180   19573 linear_solver.cc:2026] No solution exists. MPSolverInterface::result_status_ = MPSOLVER_INFEASIBLE
E0000 00:00:1785806261.652116   19573 linear_solver.cc:2026] No solution exists. MPSolverInterface::result_status_ = MPSOLVER_INFEASIBLE
E0000 00:00:1785806261.687955   19573 linear_solver.cc:2026] No solution exists. MPSolverInterface::result_status_ = MPSOLVER_INFEASIBLE
E0000 00:00:1785806261.723921   19573 linear_solver.cc:2026] No solution exists. MPSolverInterface::result_status_ = MPSOLVER_INFEASIBLE
E0000 00:00:1785806261.759706   19573 linear_solver.cc:2026] No solution exists. MPSolverInterface::result_status_ = MPSOLVER_INFEASIBLE
E0000 00:00:1785806261.795333   19573 linear_solver.cc:2026] No solution exists. MPSolverInterface::result_status_ = MPSOLVER_INFEASIBLE
E0000 00:00:1785806275.083469   19573 linear_solver.cc:2026] No solution exists. MPSolverInterface::result_status_ = MPSOLVER_INFEASIBLE
E0000 00:00:1785806275.119506   19573 linear_solver.cc:2026] No solution exists. MPSolverInterface::result_status_ = MPSOLVER_INFEASIBLE
E0000 00:00:1785806275.155438   19573 linear_solver.cc:2026] No solution exists. MPSolverInterface::result_status_ = MPSOLVER_INFEASIBLE
E0000 00:00:1785806275.191371   19573 linear_solver.cc:2026] No solution exists. MPSolverInterface::result_status_ = MPSOLVER_INFEASIBLE
E0000 00:00:1785806275.227598   19573 linear_solver.cc:2026] No solution exists. MPSolverInterface::result_status_ = MPSOLVER_INFEASIBLE
E0000 00:00:1785806275.264016   19573 linear_solver.cc:2026] No solution exists. MPSolverInterface::result_status_ = MPSOLVER_INFEASIBLE
E0000 00:00:1785806298.495080   19573 linear_solver.cc:2026] No solution exists. MPSolverInterface::result_status_ = MPSOLVER_INFEASIBLE
E0000 00:00:1785806298.531838   19573 linear_solver.cc:2026] No solution exists. MPSolverInterface::result_status_ = MPSOLVER_INFEASIBLE
E0000 00:00:1785806298.568362   19573 linear_solver.cc:2026] No solution exists. MPSolverInterface::result_status_ = MPSOLVER_INFEASIBLE
E0000 00:00:1785806298.605187   19573 linear_solver.cc:2026] No solution exists. MPSolverInterface::result_status_ = MPSOLVER_INFEASIBLE
E0000 00:00:1785806298.642222   19573 linear_solver.cc:2026] No solution exists. MPSolverInterface::result_status_ = MPSOLVER_INFEASIBLE
E0000 00:00:1785806298.679503   19573 linear_solver.cc:2026] No solution exists. MPSolverInterface::result_status_ = MPSOLVER_INFEASIBLE
E0000 00:00:1785806322.540357   19573 linear_solver.cc:2026] No solution exists. MPSolverInterface::result_status_ = MPSOLVER_INFEASIBLE
E0000 00:00:1785806322.577019   19573 linear_solver.cc:2026] No solution exists. MPSolverInterface::result_status_ = MPSOLVER_INFEASIBLE
E0000 00:00:1785806322.613524   19573 linear_solver.cc:2026] No solution exists. MPSolverInterface::result_status_ = MPSOLVER_INFEASIBLE
E0000 00:00:1785806322.650426   19573 linear_solver.cc:2026] No solution exists. MPSolverInterface::result_status_ = MPSOLVER_INFEASIBLE
E0000 00:00:1785806322.687374   19573 linear_solver.cc:2026] No solution exists. MPSolverInterface::result_status_ = MPSOLVER_INFEASIBLE
E0000 00:00:1785806322.723795   19573 linear_solver.cc:2026] No solution exists. MPSolverInterface::result_status_ = MPSOLVER_INFEASIBLE
E0000 00:00:1785806346.347973   19573 linear_solver.cc:2026] No solution exists. MPSolverInterface::result_status_ = MPSOLVER_INFEASIBLE
E0000 00:00:1785806346.384779   19573 linear_solver.cc:2026] No solution exists. MPSolverInterface::result_status_ = MPSOLVER_INFEASIBLE
E0000 00:00:1785806346.421434   19573 linear_solver.cc:2026] No solution exists. MPSolverInterface::result_status_ = MPSOLVER_INFEASIBLE
E0000 00:00:1785806346.458782   19573 linear_solver.cc:2026] No solution exists. MPSolverInterface::result_status_ = MPSOLVER_INFEASIBLE
E0000 00:00:1785806346.495192   19573 linear_solver.cc:2026] No solution exists. MPSolverInterface::result_status_ = MPSOLVER_INFEASIBLE
E0000 00:00:1785806346.532386   19573 linear_solver.cc:2026] No solution exists. MPSolverInterface::result_status_ = MPSOLVER_INFEASIBLE
E0000 00:00:1785806349.352533   19573 linear_solver.cc:2026] No solution exists. MPSolverInterface::result_status_ = MPSOLVER_INFEASIBLE
E0000 00:00:1785806349.369872   19573 linear_solver.cc:2026] No solution exists. MPSolverInterface::result_status_ = MPSOLVER_INFEASIBLE
E0000 00:00:1785806349.396627   19573 linear_solver.cc:2026] No solution exists. MPSolverInterface::result_status_ = MPSOLVER_INFEASIBLE
E0000 00:00:1785806349.431621   19573 linear_solver.cc:2026] No solution exists. MPSolverInterface::result_status_ = MPSOLVER_INFEASIBLE
E0000 00:00:1785806349.439845   19573 linear_solver.cc:2026] No solution exists. MPSolverInterface::result_status_ = MPSOLVER_INFEASIBLE
E0000 00:00:1785806349.447913   19573 linear_solver.cc:2026] No solution exists. MPSolverInterface::result_status_ = MPSOLVER_INFEASIBLE
E0000 00:00:1785806349.456175   19573 linear_solver.cc:2026] No solution exists. MPSolverInterface::result_status_ = MPSOLVER_INFEASIBLE
E0000 00:00:1785806349.464392   19573 linear_solver.cc:2026] No solution exists. MPSolverInterface::result_status_ = MPSOLVER_INFEASIBLE
E0000 00:00:1785806349.473221   19573 linear_solver.cc:2026] No solution exists. MPSolverInterface::result_status_ = MPSOLVER_INFEASIBLE
E0000 00:00:1785806349.499520   19573 linear_solver.cc:2026] No solution exists. MPSolverInterface::result_status_ = MPSOLVER_INFEASIBLE
E0000 00:00:1785806351.150209   19573 linear_solver.cc:2026] No solution exists. MPSolverInterface::result_status_ = MPSOLVER_INFEASIBLE
E0000 00:00:1785806351.167608   19573 linear_solver.cc:2026] No solution exists. MPSolverInterface::result_status_ = MPSOLVER_INFEASIBLE
E0000 00:00:1785806351.194242   19573 linear_solver.cc:2026] No solution exists. MPSolverInterface::result_status_ = MPSOLVER_INFEASIBLE
E0000 00:00:1785806351.232259   19573 linear_solver.cc:2026] No solution exists. MPSolverInterface::result_status_ = MPSOLVER_INFEASIBLE
E0000 00:00:1785806351.241200   19573 linear_solver.cc:2026] No solution exists. MPSolverInterface::result_status_ = MPSOLVER_INFEASIBLE
E0000 00:00:1785806351.250185   19573 linear_solver.cc:2026] No solution exists. MPSolverInterface::result_status_ = MPSOLVER_INFEASIBLE
E0000 00:00:1785806351.259268   19573 linear_solver.cc:2026] No solution exists. MPSolverInterface::result_status_ = MPSOLVER_INFEASIBLE
E0000 00:00:1785806351.268352   19573 linear_solver.cc:2026] No solution exists. MPSolverInterface::result_status_ = MPSOLVER_INFEASIBLE
E0000 00:00:1785806351.277429   19573 linear_solver.cc:2026] No solution exists. MPSolverInterface::result_status_ = MPSOLVER_INFEASIBLE
E0000 00:00:1785806351.306245   19573 linear_solver.cc:2026] No solution exists. MPSolverInterface::result_status_ = MPSOLVER_INFEASIBLE
E0000 00:00:1785806352.958576   19573 linear_solver.cc:2026] No solution exists. MPSolverInterface::result_status_ = MPSOLVER_INFEASIBLE
E0000 00:00:1785806352.975938   19573 linear_solver.cc:2026] No solution exists. MPSolverInterface::result_status_ = MPSOLVER_INFEASIBLE
E0000 00:00:1785806353.002700   19573 linear_solver.cc:2026] No solution exists. MPSolverInterface::result_status_ = MPSOLVER_INFEASIBLE
E0000 00:00:1785806353.037824   19573 linear_solver.cc:2026] No solution exists. MPSolverInterface::result_status_ = MPSOLVER_INFEASIBLE
E0000 00:00:1785806353.046151   19573 linear_solver.cc:2026] No solution exists. MPSolverInterface::result_status_ = MPSOLVER_INFEASIBLE
E0000 00:00:1785806353.054308   19573 linear_solver.cc:2026] No solution exists. MPSolverInterface::result_status_ = MPSOLVER_INFEASIBLE
E0000 00:00:1785806353.062663   19573 linear_solver.cc:2026] No solution exists. MPSolverInterface::result_status_ = MPSOLVER_INFEASIBLE
E0000 00:00:1785806353.070981   19573 linear_solver.cc:2026] No solution exists. MPSolverInterface::result_status_ = MPSOLVER_INFEASIBLE
E0000 00:00:1785806353.079709   19573 linear_solver.cc:2026] No solution exists. MPSolverInterface::result_status_ = MPSOLVER_INFEASIBLE
E0000 00:00:1785806353.106330   19573 linear_solver.cc:2026] No solution exists. MPSolverInterface::result_status_ = MPSOLVER_INFEASIBLE
seed 0 done
E0000 00:00:1785806490.840841   19573 linear_solver.cc:2026] No solution exists. MPSolverInterface::result_status_ = MPSOLVER_INFEASIBLE
E0000 00:00:1785806490.886580   19573 linear_solver.cc:2026] No solution exists. MPSolverInterface::result_status_ = MPSOLVER_INFEASIBLE
E0000 00:00:1785806490.932136   19573 linear_solver.cc:2026] No solution exists. MPSolverInterface::result_status_ = MPSOLVER_INFEASIBLE
E0000 00:00:1785806490.967088   19573 linear_solver.cc:2026] No solution exists. MPSolverInterface::result_status_ = MPSOLVER_INFEASIBLE
E0000 00:00:1785806491.478331   19573 linear_solver.cc:2026] No solution exists. MPSolverInterface::result_status_ = MPSOLVER_INFEASIBLE
E0000 00:00:1785806491.700837   19573 linear_solver.cc:2026] No solution exists. MPSolverInterface::result_status_ = MPSOLVER_INFEASIBLE
E0000 00:00:1785806491.954080   19573 linear_solver.cc:2026] No solution exists. MPSolverInterface::result_status_ = MPSOLVER_INFEASIBLE
E0000 00:00:1785806492.504826   19573 linear_solver.cc:2026] No solution exists. MPSolverInterface::result_status_ = MPSOLVER_INFEASIBLE
E0000 00:00:1785806492.550347   19573 linear_solver.cc:2026] No solution exists. MPSolverInterface::result_status_ = MPSOLVER_INFEASIBLE
E0000 00:00:1785806492.596681   19573 linear_solver.cc:2026] No solution exists. MPSolverInterface::result_status_ = MPSOLVER_INFEASIBLE
E0000 00:00:1785806492.633037   19573 linear_solver.cc:2026] No solution exists. MPSolverInterface::result_status_ = MPSOLVER_INFEASIBLE
E0000 00:00:1785806597.528387   19573 linear_solver.cc:2026] No solution exists. MPSolverInterface::result_status_ = MPSOLVER_INFEASIBLE
E0000 00:00:1785806597.574505   19573 linear_solver.cc:2026] No solution exists. MPSolverInterface::result_status_ = MPSOLVER_INFEASIBLE
E0000 00:00:1785806597.620315   19573 linear_solver.cc:2026] No solution exists. MPSolverInterface::result_status_ = MPSOLVER_INFEASIBLE
E0000 00:00:1785806597.655007   19573 linear_solver.cc:2026] No solution exists. MPSolverInterface::result_status_ = MPSOLVER_INFEASIBLE
E0000 00:00:1785806598.169016   19573 linear_solver.cc:2026] No solution exists. MPSolverInterface::result_status_ = MPSOLVER_INFEASIBLE
E0000 00:00:1785806598.396680   19573 linear_solver.cc:2026] No solution exists. MPSolverInterface::result_status_ = MPSOLVER_INFEASIBLE
E0000 00:00:1785806598.660394   19573 linear_solver.cc:2026] No solution exists. MPSolverInterface::result_status_ = MPSOLVER_INFEASIBLE
E0000 00:00:1785806599.210565   19573 linear_solver.cc:2026] No solution exists. MPSolverInterface::result_status_ = MPSOLVER_INFEASIBLE
E0000 00:00:1785806599.256797   19573 linear_solver.cc:2026] No solution exists. MPSolverInterface::result_status_ = MPSOLVER_INFEASIBLE
E0000 00:00:1785806599.302003   19573 linear_solver.cc:2026] No solution exists. MPSolverInterface::result_status_ = MPSOLVER_INFEASIBLE
E0000 00:00:1785806599.335319   19573 linear_solver.cc:2026] No solution exists. MPSolverInterface::result_status_ = MPSOLVER_INFEASIBLE
E0000 00:00:1785806704.188279   19573 linear_solver.cc:2026] No solution exists. MPSolverInterface::result_status_ = MPSOLVER_INFEASIBLE
E0000 00:00:1785806704.238054   19573 linear_solver.cc:2026] No solution exists. MPSolverInterface::result_status_ = MPSOLVER_INFEASIBLE
E0000 00:00:1785806704.289800   19573 linear_solver.cc:2026] No solution exists. MPSolverInterface::result_status_ = MPSOLVER_INFEASIBLE
E0000 00:00:1785806704.328557   19573 linear_solver.cc:2026] No solution exists. MPSolverInterface::result_status_ = MPSOLVER_INFEASIBLE
E0000 00:00:1785806704.847818   19573 linear_solver.cc:2026] No solution exists. MPSolverInterface::result_status_ = MPSOLVER_INFEASIBLE
E0000 00:00:1785806705.072873   19573 linear_solver.cc:2026] No solution exists. MPSolverInterface::result_status_ = MPSOLVER_INFEASIBLE
E0000 00:00:1785806705.325738   19573 linear_solver.cc:2026] No solution exists. MPSolverInterface::result_status_ = MPSOLVER_INFEASIBLE
E0000 00:00:1785806705.878791   19573 linear_solver.cc:2026] No solution exists. MPSolverInterface::result_status_ = MPSOLVER_INFEASIBLE
E0000 00:00:1785806705.924482   19573 linear_solver.cc:2026] No solution exists. MPSolverInterface::result_status_ = MPSOLVER_INFEASIBLE
E0000 00:00:1785806705.970050   19573 linear_solver.cc:2026] No solution exists. MPSolverInterface::result_status_ = MPSOLVER_INFEASIBLE
E0000 00:00:1785806706.004013   19573 linear_solver.cc:2026] No solution exists. MPSolverInterface::result_status_ = MPSOLVER_INFEASIBLE
E0000 00:00:1785806731.971132   19573 linear_solver.cc:2026] No solution exists. MPSolverInterface::result_status_ = MPSOLVER_INFEASIBLE
E0000 00:00:1785806732.006039   19573 linear_solver.cc:2026] No solution exists. MPSolverInterface::result_status_ = MPSOLVER_INFEASIBLE
E0000 00:00:1785806732.040602   19573 linear_solver.cc:2026] No solution exists. MPSolverInterface::result_status_ = MPSOLVER_INFEASIBLE
E0000 00:00:1785806732.075564   19573 linear_solver.cc:2026] No solution exists. MPSolverInterface::result_status_ = MPSOLVER_INFEASIBLE
E0000 00:00:1785806732.110706   19573 linear_solver.cc:2026] No solution exists. MPSolverInterface::result_status_ = MPSOLVER_INFEASIBLE
E0000 00:00:1785806732.146129   19573 linear_solver.cc:2026] No solution exists. MPSolverInterface::result_status_ = MPSOLVER_INFEASIBLE
E0000 00:00:1785806739.009928   19573 linear_solver.cc:2026] No solution exists. MPSolverInterface::result_status_ = MPSOLVER_INFEASIBLE
E0000 00:00:1785806739.044698   19573 linear_solver.cc:2026] No solution exists. MPSolverInterface::result_status_ = MPSOLVER_INFEASIBLE
E0000 00:00:1785806739.079211   19573 linear_solver.cc:2026] No solution exists. MPSolverInterface::result_status_ = MPSOLVER_INFEASIBLE
E0000 00:00:1785806739.114032   19573 linear_solver.cc:2026] No solution exists. MPSolverInterface::result_status_ = MPSOLVER_INFEASIBLE
E0000 00:00:1785806739.149040   19573 linear_solver.cc:2026] No solution exists. MPSolverInterface::result_status_ = MPSOLVER_INFEASIBLE
E0000 00:00:1785806739.184439   19573 linear_solver.cc:2026] No solution exists. MPSolverInterface::result_status_ = MPSOLVER_INFEASIBLE
E0000 00:00:1785806746.088904   19573 linear_solver.cc:2026] No solution exists. MPSolverInterface::result_status_ = MPSOLVER_INFEASIBLE
E0000 00:00:1785806746.123589   19573 linear_solver.cc:2026] No solution exists. MPSolverInterface::result_status_ = MPSOLVER_INFEASIBLE
E0000 00:00:1785806746.158151   19573 linear_solver.cc:2026] No solution exists. MPSolverInterface::result_status_ = MPSOLVER_INFEASIBLE
E0000 00:00:1785806746.193009   19573 linear_solver.cc:2026] No solution exists. MPSolverInterface::result_status_ = MPSOLVER_INFEASIBLE
E0000 00:00:1785806746.227571   19573 linear_solver.cc:2026] No solution exists. MPSolverInterface::result_status_ = MPSOLVER_INFEASIBLE
E0000 00:00:1785806746.262175   19573 linear_solver.cc:2026] No solution exists. MPSolverInterface::result_status_ = MPSOLVER_INFEASIBLE
E0000 00:00:1785806748.978327   19573 linear_solver.cc:2026] No solution exists. MPSolverInterface::result_status_ = MPSOLVER_INFEASIBLE
E0000 00:00:1785806748.995375   19573 linear_solver.cc:2026] No solution exists. MPSolverInterface::result_status_ = MPSOLVER_INFEASIBLE
E0000 00:00:1785806749.012513   19573 linear_solver.cc:2026] No solution exists. MPSolverInterface::result_status_ = MPSOLVER_INFEASIBLE
E0000 00:00:1785806749.047675   19573 linear_solver.cc:2026] No solution exists. MPSolverInterface::result_status_ = MPSOLVER_INFEASIBLE
E0000 00:00:1785806749.056012   19573 linear_solver.cc:2026] No solution exists. MPSolverInterface::result_status_ = MPSOLVER_INFEASIBLE
E0000 00:00:1785806749.063491   19573 linear_solver.cc:2026] No solution exists. MPSolverInterface::result_status_ = MPSOLVER_INFEASIBLE
E0000 00:00:1785806749.071748   19573 linear_solver.cc:2026] No solution exists. MPSolverInterface::result_status_ = MPSOLVER_INFEASIBLE
E0000 00:00:1785806749.080075   19573 linear_solver.cc:2026] No solution exists. MPSolverInterface::result_status_ = MPSOLVER_INFEASIBLE
E0000 00:00:1785806749.088221   19573 linear_solver.cc:2026] No solution exists. MPSolverInterface::result_status_ = MPSOLVER_INFEASIBLE
E0000 00:00:1785806749.096930   19573 linear_solver.cc:2026] No solution exists. MPSolverInterface::result_status_ = MPSOLVER_INFEASIBLE
E0000 00:00:1785806749.113561   19573 linear_solver.cc:2026] No solution exists. MPSolverInterface::result_status_ = MPSOLVER_INFEASIBLE
E0000 00:00:1785806749.120952   19573 linear_solver.cc:2026] No solution exists. MPSolverInterface::result_status_ = MPSOLVER_INFEASIBLE
E0000 00:00:1785806750.723836   19573 linear_solver.cc:2026] No solution exists. MPSolverInterface::result_status_ = MPSOLVER_INFEASIBLE
E0000 00:00:1785806750.741037   19573 linear_solver.cc:2026] No solution exists. MPSolverInterface::result_status_ = MPSOLVER_INFEASIBLE
E0000 00:00:1785806750.758456   19573 linear_solver.cc:2026] No solution exists. MPSolverInterface::result_status_ = MPSOLVER_INFEASIBLE
E0000 00:00:1785806750.794099   19573 linear_solver.cc:2026] No solution exists. MPSolverInterface::result_status_ = MPSOLVER_INFEASIBLE
E0000 00:00:1785806750.802618   19573 linear_solver.cc:2026] No solution exists. MPSolverInterface::result_status_ = MPSOLVER_INFEASIBLE
E0000 00:00:1785806750.810022   19573 linear_solver.cc:2026] No solution exists. MPSolverInterface::result_status_ = MPSOLVER_INFEASIBLE
E0000 00:00:1785806750.818307   19573 linear_solver.cc:2026] No solution exists. MPSolverInterface::result_status_ = MPSOLVER_INFEASIBLE
E0000 00:00:1785806750.826535   19573 linear_solver.cc:2026] No solution exists. MPSolverInterface::result_status_ = MPSOLVER_INFEASIBLE
E0000 00:00:1785806750.834683   19573 linear_solver.cc:2026] No solution exists. MPSolverInterface::result_status_ = MPSOLVER_INFEASIBLE
E0000 00:00:1785806750.842998   19573 linear_solver.cc:2026] No solution exists. MPSolverInterface::result_status_ = MPSOLVER_INFEASIBLE
E0000 00:00:1785806750.859266   19573 linear_solver.cc:2026] No solution exists. MPSolverInterface::result_status_ = MPSOLVER_INFEASIBLE
E0000 00:00:1785806750.866644   19573 linear_solver.cc:2026] No solution exists. MPSolverInterface::result_status_ = MPSOLVER_INFEASIBLE
E0000 00:00:1785806752.448917   19573 linear_solver.cc:2026] No solution exists. MPSolverInterface::result_status_ = MPSOLVER_INFEASIBLE
E0000 00:00:1785806752.465975   19573 linear_solver.cc:2026] No solution exists. MPSolverInterface::result_status_ = MPSOLVER_INFEASIBLE
E0000 00:00:1785806752.483158   19573 linear_solver.cc:2026] No solution exists. MPSolverInterface::result_status_ = MPSOLVER_INFEASIBLE
E0000 00:00:1785806752.519167   19573 linear_solver.cc:2026] No solution exists. MPSolverInterface::result_status_ = MPSOLVER_INFEASIBLE
E0000 00:00:1785806752.527662   19573 linear_solver.cc:2026] No solution exists. MPSolverInterface::result_status_ = MPSOLVER_INFEASIBLE
E0000 00:00:1785806752.535068   19573 linear_solver.cc:2026] No solution exists. MPSolverInterface::result_status_ = MPSOLVER_INFEASIBLE
E0000 00:00:1785806752.543304   19573 linear_solver.cc:2026] No solution exists. MPSolverInterface::result_status_ = MPSOLVER_INFEASIBLE
E0000 00:00:1785806752.551556   19573 linear_solver.cc:2026] No solution exists. MPSolverInterface::result_status_ = MPSOLVER_INFEASIBLE
E0000 00:00:1785806752.559711   19573 linear_solver.cc:2026] No solution exists. MPSolverInterface::result_status_ = MPSOLVER_INFEASIBLE
E0000 00:00:1785806752.568032   19573 linear_solver.cc:2026] No solution exists. MPSolverInterface::result_status_ = MPSOLVER_INFEASIBLE
E0000 00:00:1785806752.584256   19573 linear_solver.cc:2026] No solution exists. MPSolverInterface::result_status_ = MPSOLVER_INFEASIBLE
E0000 00:00:1785806752.591635   19573 linear_solver.cc:2026] No solution exists. MPSolverInterface::result_status_ = MPSOLVER_INFEASIBLE
E0000 00:00:1785806753.847273   19573 linear_solver.cc:2026] No solution exists. MPSolverInterface::result_status_ = MPSOLVER_INFEASIBLE
E0000 00:00:1785806753.861917   19573 linear_solver.cc:2026] No solution exists. MPSolverInterface::result_status_ = MPSOLVER_INFEASIBLE
E0000 00:00:1785806753.868947   19573 linear_solver.cc:2026] No solution exists. MPSolverInterface::result_status_ = MPSOLVER_INFEASIBLE
E0000 00:00:1785806753.875974   19573 linear_solver.cc:2026] No solution exists. MPSolverInterface::result_status_ = MPSOLVER_INFEASIBLE
E0000 00:00:1785806753.913356   19573 linear_solver.cc:2026] No solution exists. MPSolverInterface::result_status_ = MPSOLVER_INFEASIBLE
E0000 00:00:1785806753.928258   19573 linear_solver.cc:2026] No solution exists. MPSolverInterface::result_status_ = MPSOLVER_INFEASIBLE
E0000 00:00:1785806753.935333   19573 linear_solver.cc:2026] No solution exists. MPSolverInterface::result_status_ = MPSOLVER_INFEASIBLE
E0000 00:00:1785806753.942383   19573 linear_solver.cc:2026] No solution exists. MPSolverInterface::result_status_ = MPSOLVER_INFEASIBLE
E0000 00:00:1785806753.949454   19573 linear_solver.cc:2026] No solution exists. MPSolverInterface::result_status_ = MPSOLVER_INFEASIBLE
E0000 00:00:1785806753.972276   19573 linear_solver.cc:2026] No solution exists. MPSolverInterface::result_status_ = MPSOLVER_INFEASIBLE
E0000 00:00:1785806755.104541   19573 linear_solver.cc:2026] No solution exists. MPSolverInterface::result_status_ = MPSOLVER_INFEASIBLE
E0000 00:00:1785806755.119330   19573 linear_solver.cc:2026] No solution exists. MPSolverInterface::result_status_ = MPSOLVER_INFEASIBLE
E0000 00:00:1785806755.126359   19573 linear_solver.cc:2026] No solution exists. MPSolverInterface::result_status_ = MPSOLVER_INFEASIBLE
E0000 00:00:1785806755.133508   19573 linear_solver.cc:2026] No solution exists. MPSolverInterface::result_status_ = MPSOLVER_INFEASIBLE
E0000 00:00:1785806755.170900   19573 linear_solver.cc:2026] No solution exists. MPSolverInterface::result_status_ = MPSOLVER_INFEASIBLE
E0000 00:00:1785806755.185960   19573 linear_solver.cc:2026] No solution exists. MPSolverInterface::result_status_ = MPSOLVER_INFEASIBLE
E0000 00:00:1785806755.193065   19573 linear_solver.cc:2026] No solution exists. MPSolverInterface::result_status_ = MPSOLVER_INFEASIBLE
E0000 00:00:1785806755.200120   19573 linear_solver.cc:2026] No solution exists. MPSolverInterface::result_status_ = MPSOLVER_INFEASIBLE
E0000 00:00:1785806755.207175   19573 linear_solver.cc:2026] No solution exists. MPSolverInterface::result_status_ = MPSOLVER_INFEASIBLE
E0000 00:00:1785806755.230004   19573 linear_solver.cc:2026] No solution exists. MPSolverInterface::result_status_ = MPSOLVER_INFEASIBLE
E0000 00:00:1785806756.371700   19573 linear_solver.cc:2026] No solution exists. MPSolverInterface::result_status_ = MPSOLVER_INFEASIBLE
E0000 00:00:1785806756.386357   19573 linear_solver.cc:2026] No solution exists. MPSolverInterface::result_status_ = MPSOLVER_INFEASIBLE
E0000 00:00:1785806756.393383   19573 linear_solver.cc:2026] No solution exists. MPSolverInterface::result_status_ = MPSOLVER_INFEASIBLE
E0000 00:00:1785806756.400530   19573 linear_solver.cc:2026] No solution exists. MPSolverInterface::result_status_ = MPSOLVER_INFEASIBLE
E0000 00:00:1785806756.437837   19573 linear_solver.cc:2026] No solution exists. MPSolverInterface::result_status_ = MPSOLVER_INFEASIBLE
E0000 00:00:1785806756.452749   19573 linear_solver.cc:2026] No solution exists. MPSolverInterface::result_status_ = MPSOLVER_INFEASIBLE
E0000 00:00:1785806756.459815   19573 linear_solver.cc:2026] No solution exists. MPSolverInterface::result_status_ = MPSOLVER_INFEASIBLE
E0000 00:00:1785806756.466869   19573 linear_solver.cc:2026] No solution exists. MPSolverInterface::result_status_ = MPSOLVER_INFEASIBLE
E0000 00:00:1785806756.473921   19573 linear_solver.cc:2026] No solution exists. MPSolverInterface::result_status_ = MPSOLVER_INFEASIBLE
E0000 00:00:1785806756.496481   19573 linear_solver.cc:2026] No solution exists. MPSolverInterface::result_status_ = MPSOLVER_INFEASIBLE
E0000 00:00:1785806775.080971   19573 linear_solver.cc:2026] No solution exists. MPSolverInterface::result_status_ = MPSOLVER_INFEASIBLE
E0000 00:00:1785806799.603873   19573 linear_solver.cc:2026] No solution exists. MPSolverInterface::result_status_ = MPSOLVER_INFEASIBLE
E0000 00:00:1785806824.114615   19573 linear_solver.cc:2026] No solution exists. MPSolverInterface::result_status_ = MPSOLVER_INFEASIBLE
E0000 00:00:1785806847.502289   19573 linear_solver.cc:2026] No solution exists. MPSolverInterface::result_status_ = MPSOLVER_INFEASIBLE
E0000 00:00:1785806847.624782   19573 linear_solver.cc:2026] No solution exists. MPSolverInterface::result_status_ = MPSOLVER_INFEASIBLE
E0000 00:00:1785806847.821700   19573 linear_solver.cc:2026] No solution exists. MPSolverInterface::result_status_ = MPSOLVER_INFEASIBLE
E0000 00:00:1785806847.978050   19573 linear_solver.cc:2026] No solution exists. MPSolverInterface::result_status_ = MPSOLVER_INFEASIBLE
E0000 00:00:1785806848.257850   19573 linear_solver.cc:2026] No solution exists. MPSolverInterface::result_status_ = MPSOLVER_INFEASIBLE
E0000 00:00:1785806848.505227   19573 linear_solver.cc:2026] No solution exists. MPSolverInterface::result_status_ = MPSOLVER_INFEASIBLE
E0000 00:00:1785806867.857672   19573 linear_solver.cc:2026] No solution exists. MPSolverInterface::result_status_ = MPSOLVER_INFEASIBLE
E0000 00:00:1785806867.979668   19573 linear_solver.cc:2026] No solution exists. MPSolverInterface::result_status_ = MPSOLVER_INFEASIBLE
E0000 00:00:1785806868.175860   19573 linear_solver.cc:2026] No solution exists. MPSolverInterface::result_status_ = MPSOLVER_INFEASIBLE
E0000 00:00:1785806868.394510   19573 linear_solver.cc:2026] No solution exists. MPSolverInterface::result_status_ = MPSOLVER_INFEASIBLE
E0000 00:00:1785806868.658110   19573 linear_solver.cc:2026] No solution exists. MPSolverInterface::result_status_ = MPSOLVER_INFEASIBLE
E0000 00:00:1785806868.902807   19573 linear_solver.cc:2026] No solution exists. MPSolverInterface::result_status_ = MPSOLVER_INFEASIBLE
E0000 00:00:1785806888.270946   19573 linear_solver.cc:2026] No solution exists. MPSolverInterface::result_status_ = MPSOLVER_INFEASIBLE
E0000 00:00:1785806888.393434   19573 linear_solver.cc:2026] No solution exists. MPSolverInterface::result_status_ = MPSOLVER_INFEASIBLE
E0000 00:00:1785806888.589315   19573 linear_solver.cc:2026] No solution exists. MPSolverInterface::result_status_ = MPSOLVER_INFEASIBLE
E0000 00:00:1785806888.747922   19573 linear_solver.cc:2026] No solution exists. MPSolverInterface::result_status_ = MPSOLVER_INFEASIBLE
E0000 00:00:1785806889.028209   19573 linear_solver.cc:2026] No solution exists. MPSolverInterface::result_status_ = MPSOLVER_INFEASIBLE
E0000 00:00:1785806889.273362   19573 linear_solver.cc:2026] No solution exists. MPSolverInterface::result_status_ = MPSOLVER_INFEASIBLE
E0000 00:00:1785807201.630429   19573 linear_solver.cc:2026] No solution exists. MPSolverInterface::result_status_ = MPSOLVER_INFEASIBLE
E0000 00:00:1785807209.855605   19573 linear_solver.cc:2026] No solution exists. MPSolverInterface::result_status_ = MPSOLVER_INFEASIBLE
E0000 00:00:1785807218.075122   19573 linear_solver.cc:2026] No solution exists. MPSolverInterface::result_status_ = MPSOLVER_INFEASIBLE
E0000 00:00:1785807222.176988   19573 linear_solver.cc:2026] No solution exists. MPSolverInterface::result_status_ = MPSOLVER_INFEASIBLE
E0000 00:00:1785807222.219705   19573 linear_solver.cc:2026] No solution exists. MPSolverInterface::result_status_ = MPSOLVER_INFEASIBLE
E0000 00:00:1785807222.240475   19573 linear_solver.cc:2026] No solution exists. MPSolverInterface::result_status_ = MPSOLVER_INFEASIBLE
E0000 00:00:1785807222.261627   19573 linear_solver.cc:2026] No solution exists. MPSolverInterface::result_status_ = MPSOLVER_INFEASIBLE
E0000 00:00:1785807222.271336   19573 linear_solver.cc:2026] No solution exists. MPSolverInterface::result_status_ = MPSOLVER_INFEASIBLE
E0000 00:00:1785807222.291915   19573 linear_solver.cc:2026] No solution exists. MPSolverInterface::result_status_ = MPSOLVER_INFEASIBLE
E0000 00:00:1785807222.312448   19573 linear_solver.cc:2026] No solution exists. MPSolverInterface::result_status_ = MPSOLVER_INFEASIBLE
E0000 00:00:1785807222.322652   19573 linear_solver.cc:2026] No solution exists. MPSolverInterface::result_status_ = MPSOLVER_INFEASIBLE
E0000 00:00:1785807222.332696   19573 linear_solver.cc:2026] No solution exists. MPSolverInterface::result_status_ = MPSOLVER_INFEASIBLE
E0000 00:00:1785807222.342404   19573 linear_solver.cc:2026] No solution exists. MPSolverInterface::result_status_ = MPSOLVER_INFEASIBLE
E0000 00:00:1785807222.352095   19573 linear_solver.cc:2026] No solution exists. MPSolverInterface::result_status_ = MPSOLVER_INFEASIBLE
E0000 00:00:1785807222.361809   19573 linear_solver.cc:2026] No solution exists. MPSolverInterface::result_status_ = MPSOLVER_INFEASIBLE
E0000 00:00:1785807222.371750   19573 linear_solver.cc:2026] No solution exists. MPSolverInterface::result_status_ = MPSOLVER_INFEASIBLE
E0000 00:00:1785807224.457440   19573 linear_solver.cc:2026] No solution exists. MPSolverInterface::result_status_ = MPSOLVER_INFEASIBLE
E0000 00:00:1785807224.500158   19573 linear_solver.cc:2026] No solution exists. MPSolverInterface::result_status_ = MPSOLVER_INFEASIBLE
E0000 00:00:1785807224.520603   19573 linear_solver.cc:2026] No solution exists. MPSolverInterface::result_status_ = MPSOLVER_INFEASIBLE
E0000 00:00:1785807224.541490   19573 linear_solver.cc:2026] No solution exists. MPSolverInterface::result_status_ = MPSOLVER_INFEASIBLE
E0000 00:00:1785807224.551214   19573 linear_solver.cc:2026] No solution exists. MPSolverInterface::result_status_ = MPSOLVER_INFEASIBLE
E0000 00:00:1785807224.572421   19573 linear_solver.cc:2026] No solution exists. MPSolverInterface::result_status_ = MPSOLVER_INFEASIBLE
E0000 00:00:1785807224.593144   19573 linear_solver.cc:2026] No solution exists. MPSolverInterface::result_status_ = MPSOLVER_INFEASIBLE
E0000 00:00:1785807224.602844   19573 linear_solver.cc:2026] No solution exists. MPSolverInterface::result_status_ = MPSOLVER_INFEASIBLE
E0000 00:00:1785807224.612546   19573 linear_solver.cc:2026] No solution exists. MPSolverInterface::result_status_ = MPSOLVER_INFEASIBLE
E0000 00:00:1785807224.622278   19573 linear_solver.cc:2026] No solution exists. MPSolverInterface::result_status_ = MPSOLVER_INFEASIBLE
E0000 00:00:1785807224.631961   19573 linear_solver.cc:2026] No solution exists. MPSolverInterface::result_status_ = MPSOLVER_INFEASIBLE
E0000 00:00:1785807224.641646   19573 linear_solver.cc:2026] No solution exists. MPSolverInterface::result_status_ = MPSOLVER_INFEASIBLE
E0000 00:00:1785807224.651814   19573 linear_solver.cc:2026] No solution exists. MPSolverInterface::result_status_ = MPSOLVER_INFEASIBLE
E0000 00:00:1785807226.731457   19573 linear_solver.cc:2026] No solution exists. MPSolverInterface::result_status_ = MPSOLVER_INFEASIBLE
E0000 00:00:1785807226.774629   19573 linear_solver.cc:2026] No solution exists. MPSolverInterface::result_status_ = MPSOLVER_INFEASIBLE
E0000 00:00:1785807226.795087   19573 linear_solver.cc:2026] No solution exists. MPSolverInterface::result_status_ = MPSOLVER_INFEASIBLE
E0000 00:00:1785807226.815923   19573 linear_solver.cc:2026] No solution exists. MPSolverInterface::result_status_ = MPSOLVER_INFEASIBLE
E0000 00:00:1785807226.825572   19573 linear_solver.cc:2026] No solution exists. MPSolverInterface::result_status_ = MPSOLVER_INFEASIBLE
E0000 00:00:1785807226.846441   19573 linear_solver.cc:2026] No solution exists. MPSolverInterface::result_status_ = MPSOLVER_INFEASIBLE
E0000 00:00:1785807226.867415   19573 linear_solver.cc:2026] No solution exists. MPSolverInterface::result_status_ = MPSOLVER_INFEASIBLE
E0000 00:00:1785807226.877102   19573 linear_solver.cc:2026] No solution exists. MPSolverInterface::result_status_ = MPSOLVER_INFEASIBLE
E0000 00:00:1785807226.886807   19573 linear_solver.cc:2026] No solution exists. MPSolverInterface::result_status_ = MPSOLVER_INFEASIBLE
E0000 00:00:1785807226.897037   19573 linear_solver.cc:2026] No solution exists. MPSolverInterface::result_status_ = MPSOLVER_INFEASIBLE
E0000 00:00:1785807226.906716   19573 linear_solver.cc:2026] No solution exists. MPSolverInterface::result_status_ = MPSOLVER_INFEASIBLE
E0000 00:00:1785807226.916411   19573 linear_solver.cc:2026] No solution exists. MPSolverInterface::result_status_ = MPSOLVER_INFEASIBLE
E0000 00:00:1785807226.926089   19573 linear_solver.cc:2026] No solution exists. MPSolverInterface::result_status_ = MPSOLVER_INFEASIBLE
E0000 00:00:1785807244.310158   19573 linear_solver.cc:2026] No solution exists. MPSolverInterface::result_status_ = MPSOLVER_INFEASIBLE
E0000 00:00:1785807244.351964   19573 linear_solver.cc:2026] No solution exists. MPSolverInterface::result_status_ = MPSOLVER_INFEASIBLE
E0000 00:00:1785807244.393703   19573 linear_solver.cc:2026] No solution exists. MPSolverInterface::result_status_ = MPSOLVER_INFEASIBLE
E0000 00:00:1785807244.435541   19573 linear_solver.cc:2026] No solution exists. MPSolverInterface::result_status_ = MPSOLVER_INFEASIBLE
E0000 00:00:1785807244.479132   19573 linear_solver.cc:2026] No solution exists. MPSolverInterface::result_status_ = MPSOLVER_INFEASIBLE
E0000 00:00:1785807244.524380   19573 linear_solver.cc:2026] No solution exists. MPSolverInterface::result_status_ = MPSOLVER_INFEASIBLE
E0000 00:00:1785807249.017204   19573 linear_solver.cc:2026] No solution exists. MPSolverInterface::result_status_ = MPSOLVER_INFEASIBLE
E0000 00:00:1785807249.058624   19573 linear_solver.cc:2026] No solution exists. MPSolverInterface::result_status_ = MPSOLVER_INFEASIBLE
E0000 00:00:1785807249.100211   19573 linear_solver.cc:2026] No solution exists. MPSolverInterface::result_status_ = MPSOLVER_INFEASIBLE
E0000 00:00:1785807249.142138   19573 linear_solver.cc:2026] No solution exists. MPSolverInterface::result_status_ = MPSOLVER_INFEASIBLE
E0000 00:00:1785807249.184093   19573 linear_solver.cc:2026] No solution exists. MPSolverInterface::result_status_ = MPSOLVER_INFEASIBLE
E0000 00:00:1785807249.226280   19573 linear_solver.cc:2026] No solution exists. MPSolverInterface::result_status_ = MPSOLVER_INFEASIBLE
E0000 00:00:1785807253.756371   19573 linear_solver.cc:2026] No solution exists. MPSolverInterface::result_status_ = MPSOLVER_INFEASIBLE
E0000 00:00:1785807253.797686   19573 linear_solver.cc:2026] No solution exists. MPSolverInterface::result_status_ = MPSOLVER_INFEASIBLE
E0000 00:00:1785807253.839427   19573 linear_solver.cc:2026] No solution exists. MPSolverInterface::result_status_ = MPSOLVER_INFEASIBLE
E0000 00:00:1785807253.881233   19573 linear_solver.cc:2026] No solution exists. MPSolverInterface::result_status_ = MPSOLVER_INFEASIBLE
E0000 00:00:1785807253.923178   19573 linear_solver.cc:2026] No solution exists. MPSolverInterface::result_status_ = MPSOLVER_INFEASIBLE
E0000 00:00:1785807253.964987   19573 linear_solver.cc:2026] No solution exists. MPSolverInterface::result_status_ = MPSOLVER_INFEASIBLE
E0000 00:00:1785807268.790776   19573 linear_solver.cc:2026] No solution exists. MPSolverInterface::result_status_ = MPSOLVER_INFEASIBLE
E0000 00:00:1785807268.828955   19573 linear_solver.cc:2026] No solution exists. MPSolverInterface::result_status_ = MPSOLVER_INFEASIBLE
E0000 00:00:1785807268.867115   19573 linear_solver.cc:2026] No solution exists. MPSolverInterface::result_status_ = MPSOLVER_INFEASIBLE
E0000 00:00:1785807268.906280   19573 linear_solver.cc:2026] No solution exists. MPSolverInterface::result_status_ = MPSOLVER_INFEASIBLE
E0000 00:00:1785807268.946974   19573 linear_solver.cc:2026] No solution exists. MPSolverInterface::result_status_ = MPSOLVER_INFEASIBLE
E0000 00:00:1785807268.988747   19573 linear_solver.cc:2026] No solution exists. MPSolverInterface::result_status_ = MPSOLVER_INFEASIBLE
E0000 00:00:1785807285.943217   19573 linear_solver.cc:2026] No solution exists. MPSolverInterface::result_status_ = MPSOLVER_INFEASIBLE
E0000 00:00:1785807285.983339   19573 linear_solver.cc:2026] No solution exists. MPSolverInterface::result_status_ = MPSOLVER_INFEASIBLE
E0000 00:00:1785807286.021804   19573 linear_solver.cc:2026] No solution exists. MPSolverInterface::result_status_ = MPSOLVER_INFEASIBLE
E0000 00:00:1785807286.060299   19573 linear_solver.cc:2026] No solution exists. MPSolverInterface::result_status_ = MPSOLVER_INFEASIBLE
E0000 00:00:1785807286.098713   19573 linear_solver.cc:2026] No solution exists. MPSolverInterface::result_status_ = MPSOLVER_INFEASIBLE
E0000 00:00:1785807286.136639   19573 linear_solver.cc:2026] No solution exists. MPSolverInterface::result_status_ = MPSOLVER_INFEASIBLE
E0000 00:00:1785807303.082488   19573 linear_solver.cc:2026] No solution exists. MPSolverInterface::result_status_ = MPSOLVER_INFEASIBLE
E0000 00:00:1785807303.120636   19573 linear_solver.cc:2026] No solution exists. MPSolverInterface::result_status_ = MPSOLVER_INFEASIBLE
E0000 00:00:1785807303.158852   19573 linear_solver.cc:2026] No solution exists. MPSolverInterface::result_status_ = MPSOLVER_INFEASIBLE
E0000 00:00:1785807303.196971   19573 linear_solver.cc:2026] No solution exists. MPSolverInterface::result_status_ = MPSOLVER_INFEASIBLE
E0000 00:00:1785807303.235550   19573 linear_solver.cc:2026] No solution exists. MPSolverInterface::result_status_ = MPSOLVER_INFEASIBLE
E0000 00:00:1785807303.274487   19573 linear_solver.cc:2026] No solution exists. MPSolverInterface::result_status_ = MPSOLVER_INFEASIBLE
seed 1 done
E0000 00:00:1785807545.864195   19573 linear_solver.cc:2026] No solution exists. MPSolverInterface::result_status_ = MPSOLVER_INFEASIBLE
E0000 00:00:1785807546.294410   19573 linear_solver.cc:2026] No solution exists. MPSolverInterface::result_status_ = MPSOLVER_INFEASIBLE
E0000 00:00:1785807550.469066   19573 linear_solver.cc:2026] No solution exists. MPSolverInterface::result_status_ = MPSOLVER_INFEASIBLE
E0000 00:00:1785807550.865573   19573 linear_solver.cc:2026] No solution exists. MPSolverInterface::result_status_ = MPSOLVER_INFEASIBLE
E0000 00:00:1785807772.647633   19573 linear_solver.cc:2026] No solution exists. MPSolverInterface::result_status_ = MPSOLVER_INFEASIBLE
E0000 00:00:1785807773.077443   19573 linear_solver.cc:2026] No solution exists. MPSolverInterface::result_status_ = MPSOLVER_INFEASIBLE
E0000 00:00:1785807777.259712   19573 linear_solver.cc:2026] No solution exists. MPSolverInterface::result_status_ = MPSOLVER_INFEASIBLE
E0000 00:00:1785807777.643118   19573 linear_solver.cc:2026] No solution exists. MPSolverInterface::result_status_ = MPSOLVER_INFEASIBLE
E0000 00:00:1785807999.434189   19573 linear_solver.cc:2026] No solution exists. MPSolverInterface::result_status_ = MPSOLVER_INFEASIBLE
E0000 00:00:1785807999.883938   19573 linear_solver.cc:2026] No solution exists. MPSolverInterface::result_status_ = MPSOLVER_INFEASIBLE
E0000 00:00:1785808004.030839   19573 linear_solver.cc:2026] No solution exists. MPSolverInterface::result_status_ = MPSOLVER_INFEASIBLE
E0000 00:00:1785808004.414518   19573 linear_solver.cc:2026] No solution exists. MPSolverInterface::result_status_ = MPSOLVER_INFEASIBLE
E0000 00:00:1785808045.033152   19573 linear_solver.cc:2026] No solution exists. MPSolverInterface::result_status_ = MPSOLVER_INFEASIBLE
E0000 00:00:1785808045.042909   19573 linear_solver.cc:2026] No solution exists. MPSolverInterface::result_status_ = MPSOLVER_INFEASIBLE
E0000 00:00:1785808045.052299   19573 linear_solver.cc:2026] No solution exists. MPSolverInterface::result_status_ = MPSOLVER_INFEASIBLE
E0000 00:00:1785808045.061628   19573 linear_solver.cc:2026] No solution exists. MPSolverInterface::result_status_ = MPSOLVER_INFEASIBLE
E0000 00:00:1785808045.071090   19573 linear_solver.cc:2026] No solution exists. MPSolverInterface::result_status_ = MPSOLVER_INFEASIBLE
E0000 00:00:1785808045.080450   19573 linear_solver.cc:2026] No solution exists. MPSolverInterface::result_status_ = MPSOLVER_INFEASIBLE
E0000 00:00:1785808046.252769   19573 linear_solver.cc:2026] No solution exists. MPSolverInterface::result_status_ = MPSOLVER_INFEASIBLE
E0000 00:00:1785808046.262254   19573 linear_solver.cc:2026] No solution exists. MPSolverInterface::result_status_ = MPSOLVER_INFEASIBLE
E0000 00:00:1785808046.271411   19573 linear_solver.cc:2026] No solution exists. MPSolverInterface::result_status_ = MPSOLVER_INFEASIBLE
E0000 00:00:1785808046.280394   19573 linear_solver.cc:2026] No solution exists. MPSolverInterface::result_status_ = MPSOLVER_INFEASIBLE
E0000 00:00:1785808046.289419   19573 linear_solver.cc:2026] No solution exists. MPSolverInterface::result_status_ = MPSOLVER_INFEASIBLE
E0000 00:00:1785808046.298566   19573 linear_solver.cc:2026] No solution exists. MPSolverInterface::result_status_ = MPSOLVER_INFEASIBLE
E0000 00:00:1785808047.481480   19573 linear_solver.cc:2026] No solution exists. MPSolverInterface::result_status_ = MPSOLVER_INFEASIBLE
E0000 00:00:1785808047.491101   19573 linear_solver.cc:2026] No solution exists. MPSolverInterface::result_status_ = MPSOLVER_INFEASIBLE
E0000 00:00:1785808047.500354   19573 linear_solver.cc:2026] No solution exists. MPSolverInterface::result_status_ = MPSOLVER_INFEASIBLE
E0000 00:00:1785808047.509509   19573 linear_solver.cc:2026] No solution exists. MPSolverInterface::result_status_ = MPSOLVER_INFEASIBLE
E0000 00:00:1785808047.518529   19573 linear_solver.cc:2026] No solution exists. MPSolverInterface::result_status_ = MPSOLVER_INFEASIBLE
E0000 00:00:1785808047.527546   19573 linear_solver.cc:2026] No solution exists. MPSolverInterface::result_status_ = MPSOLVER_INFEASIBLE
E0000 00:00:1785808155.785874   19573 linear_solver.cc:2026] No solution exists. MPSolverInterface::result_status_ = MPSOLVER_INFEASIBLE
E0000 00:00:1785808155.830094   19573 linear_solver.cc:2026] No solution exists. MPSolverInterface::result_status_ = MPSOLVER_INFEASIBLE
E0000 00:00:1785808155.874215   19573 linear_solver.cc:2026] No solution exists. MPSolverInterface::result_status_ = MPSOLVER_INFEASIBLE
E0000 00:00:1785808155.920715   19573 linear_solver.cc:2026] No solution exists. MPSolverInterface::result_status_ = MPSOLVER_INFEASIBLE
E0000 00:00:1785808281.530947   19573 linear_solver.cc:2026] No solution exists. MPSolverInterface::result_status_ = MPSOLVER_INFEASIBLE
E0000 00:00:1785808281.577361   19573 linear_solver.cc:2026] No solution exists. MPSolverInterface::result_status_ = MPSOLVER_INFEASIBLE
E0000 00:00:1785808281.621414   19573 linear_solver.cc:2026] No solution exists. MPSolverInterface::result_status_ = MPSOLVER_INFEASIBLE
E0000 00:00:1785808281.667317   19573 linear_solver.cc:2026] No solution exists. MPSolverInterface::result_status_ = MPSOLVER_INFEASIBLE
E0000 00:00:1785808407.270706   19573 linear_solver.cc:2026] No solution exists. MPSolverInterface::result_status_ = MPSOLVER_INFEASIBLE
E0000 00:00:1785808407.315150   19573 linear_solver.cc:2026] No solution exists. MPSolverInterface::result_status_ = MPSOLVER_INFEASIBLE
E0000 00:00:1785808407.359323   19573 linear_solver.cc:2026] No solution exists. MPSolverInterface::result_status_ = MPSOLVER_INFEASIBLE
E0000 00:00:1785808407.404048   19573 linear_solver.cc:2026] No solution exists. MPSolverInterface::result_status_ = MPSOLVER_INFEASIBLE
E0000 00:00:1785808407.960390   19573 linear_solver.cc:2026] No solution exists. MPSolverInterface::result_status_ = MPSOLVER_INFEASIBLE
E0000 00:00:1785808409.151857   19573 linear_solver.cc:2026] No solution exists. MPSolverInterface::result_status_ = MPSOLVER_INFEASIBLE
E0000 00:00:1785808409.372399   19573 linear_solver.cc:2026] No solution exists. MPSolverInterface::result_status_ = MPSOLVER_INFEASIBLE
E0000 00:00:1785808409.417725   19573 linear_solver.cc:2026] No solution exists. MPSolverInterface::result_status_ = MPSOLVER_INFEASIBLE
E0000 00:00:1785808409.455481   19573 linear_solver.cc:2026] No solution exists. MPSolverInterface::result_status_ = MPSOLVER_INFEASIBLE
E0000 00:00:1785808528.463923   19573 linear_solver.cc:2026] No solution exists. MPSolverInterface::result_status_ = MPSOLVER_INFEASIBLE
E0000 00:00:1785808528.515709   19573 linear_solver.cc:2026] No solution exists. MPSolverInterface::result_status_ = MPSOLVER_INFEASIBLE
E0000 00:00:1785808528.570186   19573 linear_solver.cc:2026] No solution exists. MPSolverInterface::result_status_ = MPSOLVER_INFEASIBLE
E0000 00:00:1785808528.612201   19573 linear_solver.cc:2026] No solution exists. MPSolverInterface::result_status_ = MPSOLVER_INFEASIBLE
E0000 00:00:1785808528.731201   19573 linear_solver.cc:2026] No solution exists. MPSolverInterface::result_status_ = MPSOLVER_INFEASIBLE
E0000 00:00:1785808528.813850   19573 linear_solver.cc:2026] No solution exists. MPSolverInterface::result_status_ = MPSOLVER_INFEASIBLE
E0000 00:00:1785808528.933640   19573 linear_solver.cc:2026] No solution exists. MPSolverInterface::result_status_ = MPSOLVER_INFEASIBLE
E0000 00:00:1785808542.543146   19573 linear_solver.cc:2026] No solution exists. MPSolverInterface::result_status_ = MPSOLVER_INFEASIBLE
E0000 00:00:1785808542.594847   19573 linear_solver.cc:2026] No solution exists. MPSolverInterface::result_status_ = MPSOLVER_INFEASIBLE
E0000 00:00:1785808542.649713   19573 linear_solver.cc:2026] No solution exists. MPSolverInterface::result_status_ = MPSOLVER_INFEASIBLE
E0000 00:00:1785808542.690892   19573 linear_solver.cc:2026] No solution exists. MPSolverInterface::result_status_ = MPSOLVER_INFEASIBLE
E0000 00:00:1785808542.810517   19573 linear_solver.cc:2026] No solution exists. MPSolverInterface::result_status_ = MPSOLVER_INFEASIBLE
E0000 00:00:1785808542.893870   19573 linear_solver.cc:2026] No solution exists. MPSolverInterface::result_status_ = MPSOLVER_INFEASIBLE
E0000 00:00:1785808543.016195   19573 linear_solver.cc:2026] No solution exists. MPSolverInterface::result_status_ = MPSOLVER_INFEASIBLE
E0000 00:00:1785808555.112216   19573 linear_solver.cc:2026] No solution exists. MPSolverInterface::result_status_ = MPSOLVER_INFEASIBLE
E0000 00:00:1785808555.164060   19573 linear_solver.cc:2026] No solution exists. MPSolverInterface::result_status_ = MPSOLVER_INFEASIBLE
E0000 00:00:1785808555.218520   19573 linear_solver.cc:2026] No solution exists. MPSolverInterface::result_status_ = MPSOLVER_INFEASIBLE
E0000 00:00:1785808555.259282   19573 linear_solver.cc:2026] No solution exists. MPSolverInterface::result_status_ = MPSOLVER_INFEASIBLE
E0000 00:00:1785808555.378453   19573 linear_solver.cc:2026] No solution exists. MPSolverInterface::result_status_ = MPSOLVER_INFEASIBLE
E0000 00:00:1785808555.461713   19573 linear_solver.cc:2026] No solution exists. MPSolverInterface::result_status_ = MPSOLVER_INFEASIBLE
E0000 00:00:1785808555.582643   19573 linear_solver.cc:2026] No solution exists. MPSolverInterface::result_status_ = MPSOLVER_INFEASIBLE
E0000 00:00:1785808599.344631   19573 linear_solver.cc:2026] No solution exists. MPSolverInterface::result_status_ = MPSOLVER_INFEASIBLE
E0000 00:00:1785808599.393244   19573 linear_solver.cc:2026] No solution exists. MPSolverInterface::result_status_ = MPSOLVER_INFEASIBLE
E0000 00:00:1785808599.543183   19573 linear_solver.cc:2026] No solution exists. MPSolverInterface::result_status_ = MPSOLVER_INFEASIBLE
E0000 00:00:1785808599.609778   19573 linear_solver.cc:2026] No solution exists. MPSolverInterface::result_status_ = MPSOLVER_INFEASIBLE
E0000 00:00:1785808599.968428   19573 linear_solver.cc:2026] No solution exists. MPSolverInterface::result_status_ = MPSOLVER_INFEASIBLE
E0000 00:00:1785808600.131393   19573 linear_solver.cc:2026] No solution exists. MPSolverInterface::result_status_ = MPSOLVER_INFEASIBLE
E0000 00:00:1785808600.159436   19573 linear_solver.cc:2026] No solution exists. MPSolverInterface::result_status_ = MPSOLVER_INFEASIBLE
E0000 00:00:1785808600.357938   19573 linear_solver.cc:2026] No solution exists. MPSolverInterface::result_status_ = MPSOLVER_INFEASIBLE
E0000 00:00:1785808600.423001   19573 linear_solver.cc:2026] No solution exists. MPSolverInterface::result_status_ = MPSOLVER_INFEASIBLE
E0000 00:00:1785808600.453811   19573 linear_solver.cc:2026] No solution exists. MPSolverInterface::result_status_ = MPSOLVER_INFEASIBLE
E0000 00:00:1785808645.612920   19573 linear_solver.cc:2026] No solution exists. MPSolverInterface::result_status_ = MPSOLVER_INFEASIBLE
E0000 00:00:1785808645.661221   19573 linear_solver.cc:2026] No solution exists. MPSolverInterface::result_status_ = MPSOLVER_INFEASIBLE
E0000 00:00:1785808645.812161   19573 linear_solver.cc:2026] No solution exists. MPSolverInterface::result_status_ = MPSOLVER_INFEASIBLE
E0000 00:00:1785808645.878135   19573 linear_solver.cc:2026] No solution exists. MPSolverInterface::result_status_ = MPSOLVER_INFEASIBLE
E0000 00:00:1785808646.241863   19573 linear_solver.cc:2026] No solution exists. MPSolverInterface::result_status_ = MPSOLVER_INFEASIBLE
E0000 00:00:1785808646.413004   19573 linear_solver.cc:2026] No solution exists. MPSolverInterface::result_status_ = MPSOLVER_INFEASIBLE
E0000 00:00:1785808646.441580   19573 linear_solver.cc:2026] No solution exists. MPSolverInterface::result_status_ = MPSOLVER_INFEASIBLE
E0000 00:00:1785808646.642194   19573 linear_solver.cc:2026] No solution exists. MPSolverInterface::result_status_ = MPSOLVER_INFEASIBLE
E0000 00:00:1785808646.706536   19573 linear_solver.cc:2026] No solution exists. MPSolverInterface::result_status_ = MPSOLVER_INFEASIBLE
E0000 00:00:1785808646.737644   19573 linear_solver.cc:2026] No solution exists. MPSolverInterface::result_status_ = MPSOLVER_INFEASIBLE
E0000 00:00:1785808691.874864   19573 linear_solver.cc:2026] No solution exists. MPSolverInterface::result_status_ = MPSOLVER_INFEASIBLE
E0000 00:00:1785808691.923291   19573 linear_solver.cc:2026] No solution exists. MPSolverInterface::result_status_ = MPSOLVER_INFEASIBLE
E0000 00:00:1785808692.072478   19573 linear_solver.cc:2026] No solution exists. MPSolverInterface::result_status_ = MPSOLVER_INFEASIBLE
E0000 00:00:1785808692.139430   19573 linear_solver.cc:2026] No solution exists. MPSolverInterface::result_status_ = MPSOLVER_INFEASIBLE
E0000 00:00:1785808692.499906   19573 linear_solver.cc:2026] No solution exists. MPSolverInterface::result_status_ = MPSOLVER_INFEASIBLE
E0000 00:00:1785808692.661764   19573 linear_solver.cc:2026] No solution exists. MPSolverInterface::result_status_ = MPSOLVER_INFEASIBLE
E0000 00:00:1785808692.689741   19573 linear_solver.cc:2026] No solution exists. MPSolverInterface::result_status_ = MPSOLVER_INFEASIBLE
E0000 00:00:1785808692.888135   19573 linear_solver.cc:2026] No solution exists. MPSolverInterface::result_status_ = MPSOLVER_INFEASIBLE
E0000 00:00:1785808692.952937   19573 linear_solver.cc:2026] No solution exists. MPSolverInterface::result_status_ = MPSOLVER_INFEASIBLE
E0000 00:00:1785808692.983967   19573 linear_solver.cc:2026] No solution exists. MPSolverInterface::result_status_ = MPSOLVER_INFEASIBLE
E0000 00:00:1785808754.236256   19573 linear_solver.cc:2026] No solution exists. MPSolverInterface::result_status_ = MPSOLVER_INFEASIBLE
E0000 00:00:1785808754.671591   19573 linear_solver.cc:2026] No solution exists. MPSolverInterface::result_status_ = MPSOLVER_INFEASIBLE
E0000 00:00:1785808754.711569   19573 linear_solver.cc:2026] No solution exists. MPSolverInterface::result_status_ = MPSOLVER_INFEASIBLE
E0000 00:00:1785808755.114469   19573 linear_solver.cc:2026] No solution exists. MPSolverInterface::result_status_ = MPSOLVER_INFEASIBLE
E0000 00:00:1785808755.546906   19573 linear_solver.cc:2026] No solution exists. MPSolverInterface::result_status_ = MPSOLVER_INFEASIBLE
E0000 00:00:1785808755.586921   19573 linear_solver.cc:2026] No solution exists. MPSolverInterface::result_status_ = MPSOLVER_INFEASIBLE
E0000 00:00:1785808755.815059   19573 linear_solver.cc:2026] No solution exists. MPSolverInterface::result_status_ = MPSOLVER_INFEASIBLE
E0000 00:00:1785808755.860103   19573 linear_solver.cc:2026] No solution exists. MPSolverInterface::result_status_ = MPSOLVER_INFEASIBLE
E0000 00:00:1785808755.905606   19573 linear_solver.cc:2026] No solution exists. MPSolverInterface::result_status_ = MPSOLVER_INFEASIBLE
E0000 00:00:1785808755.950366   19573 linear_solver.cc:2026] No solution exists. MPSolverInterface::result_status_ = MPSOLVER_INFEASIBLE
E0000 00:00:1785808755.981968   19573 linear_solver.cc:2026] No solution exists. MPSolverInterface::result_status_ = MPSOLVER_INFEASIBLE
E0000 00:00:1785808819.837021   19573 linear_solver.cc:2026] No solution exists. MPSolverInterface::result_status_ = MPSOLVER_INFEASIBLE
E0000 00:00:1785808820.272324   19573 linear_solver.cc:2026] No solution exists. MPSolverInterface::result_status_ = MPSOLVER_INFEASIBLE
E0000 00:00:1785808820.312927   19573 linear_solver.cc:2026] No solution exists. MPSolverInterface::result_status_ = MPSOLVER_INFEASIBLE
E0000 00:00:1785808820.696718   19573 linear_solver.cc:2026] No solution exists. MPSolverInterface::result_status_ = MPSOLVER_INFEASIBLE
E0000 00:00:1785808821.129302   19573 linear_solver.cc:2026] No solution exists. MPSolverInterface::result_status_ = MPSOLVER_INFEASIBLE
E0000 00:00:1785808821.169746   19573 linear_solver.cc:2026] No solution exists. MPSolverInterface::result_status_ = MPSOLVER_INFEASIBLE
E0000 00:00:1785808821.399487   19573 linear_solver.cc:2026] No solution exists. MPSolverInterface::result_status_ = MPSOLVER_INFEASIBLE
E0000 00:00:1785808821.444488   19573 linear_solver.cc:2026] No solution exists. MPSolverInterface::result_status_ = MPSOLVER_INFEASIBLE
E0000 00:00:1785808821.489398   19573 linear_solver.cc:2026] No solution exists. MPSolverInterface::result_status_ = MPSOLVER_INFEASIBLE
E0000 00:00:1785808821.537082   19573 linear_solver.cc:2026] No solution exists. MPSolverInterface::result_status_ = MPSOLVER_INFEASIBLE
E0000 00:00:1785808821.571664   19573 linear_solver.cc:2026] No solution exists. MPSolverInterface::result_status_ = MPSOLVER_INFEASIBLE
E0000 00:00:1785808885.424483   19573 linear_solver.cc:2026] No solution exists. MPSolverInterface::result_status_ = MPSOLVER_INFEASIBLE
E0000 00:00:1785808885.872940   19573 linear_solver.cc:2026] No solution exists. MPSolverInterface::result_status_ = MPSOLVER_INFEASIBLE
E0000 00:00:1785808885.913060   19573 linear_solver.cc:2026] No solution exists. MPSolverInterface::result_status_ = MPSOLVER_INFEASIBLE
E0000 00:00:1785808886.297427   19573 linear_solver.cc:2026] No solution exists. MPSolverInterface::result_status_ = MPSOLVER_INFEASIBLE
E0000 00:00:1785808886.729727   19573 linear_solver.cc:2026] No solution exists. MPSolverInterface::result_status_ = MPSOLVER_INFEASIBLE
E0000 00:00:1785808886.769573   19573 linear_solver.cc:2026] No solution exists. MPSolverInterface::result_status_ = MPSOLVER_INFEASIBLE
E0000 00:00:1785808886.999067   19573 linear_solver.cc:2026] No solution exists. MPSolverInterface::result_status_ = MPSOLVER_INFEASIBLE
E0000 00:00:1785808887.043657   19573 linear_solver.cc:2026] No solution exists. MPSolverInterface::result_status_ = MPSOLVER_INFEASIBLE
E0000 00:00:1785808887.088861   19573 linear_solver.cc:2026] No solution exists. MPSolverInterface::result_status_ = MPSOLVER_INFEASIBLE
E0000 00:00:1785808887.133554   19573 linear_solver.cc:2026] No solution exists. MPSolverInterface::result_status_ = MPSOLVER_INFEASIBLE
E0000 00:00:1785808887.165236   19573 linear_solver.cc:2026] No solution exists. MPSolverInterface::result_status_ = MPSOLVER_INFEASIBLE
E0000 00:00:1785808941.982148   19573 linear_solver.cc:2026] No solution exists. MPSolverInterface::result_status_ = MPSOLVER_INFEASIBLE
E0000 00:00:1785808942.015860   19573 linear_solver.cc:2026] No solution exists. MPSolverInterface::result_status_ = MPSOLVER_INFEASIBLE
E0000 00:00:1785808942.056186   19573 linear_solver.cc:2026] No solution exists. MPSolverInterface::result_status_ = MPSOLVER_INFEASIBLE
E0000 00:00:1785808942.127699   19573 linear_solver.cc:2026] No solution exists. MPSolverInterface::result_status_ = MPSOLVER_INFEASIBLE
E0000 00:00:1785808942.173248   19573 linear_solver.cc:2026] No solution exists. MPSolverInterface::result_status_ = MPSOLVER_INFEASIBLE
E0000 00:00:1785808942.204093   19573 linear_solver.cc:2026] No solution exists. MPSolverInterface::result_status_ = MPSOLVER_INFEASIBLE
E0000 00:00:1785808942.234302   19573 linear_solver.cc:2026] No solution exists. MPSolverInterface::result_status_ = MPSOLVER_INFEASIBLE
E0000 00:00:1785808942.427234   19573 linear_solver.cc:2026] No solution exists. MPSolverInterface::result_status_ = MPSOLVER_INFEASIBLE
E0000 00:00:1785808942.489716   19573 linear_solver.cc:2026] No solution exists. MPSolverInterface::result_status_ = MPSOLVER_INFEASIBLE
E0000 00:00:1785808942.520160   19573 linear_solver.cc:2026] No solution exists. MPSolverInterface::result_status_ = MPSOLVER_INFEASIBLE
E0000 00:00:1785808942.560845   19573 linear_solver.cc:2026] No solution exists. MPSolverInterface::result_status_ = MPSOLVER_INFEASIBLE
E0000 00:00:1785808942.756671   19573 linear_solver.cc:2026] No solution exists. MPSolverInterface::result_status_ = MPSOLVER_INFEASIBLE
E0000 00:00:1785808942.797381   19573 linear_solver.cc:2026] No solution exists. MPSolverInterface::result_status_ = MPSOLVER_INFEASIBLE
E0000 00:00:1785808998.932392   19573 linear_solver.cc:2026] No solution exists. MPSolverInterface::result_status_ = MPSOLVER_INFEASIBLE
E0000 00:00:1785808998.965818   19573 linear_solver.cc:2026] No solution exists. MPSolverInterface::result_status_ = MPSOLVER_INFEASIBLE
E0000 00:00:1785808999.006370   19573 linear_solver.cc:2026] No solution exists. MPSolverInterface::result_status_ = MPSOLVER_INFEASIBLE
E0000 00:00:1785808999.078345   19573 linear_solver.cc:2026] No solution exists. MPSolverInterface::result_status_ = MPSOLVER_INFEASIBLE
E0000 00:00:1785808999.124869   19573 linear_solver.cc:2026] No solution exists. MPSolverInterface::result_status_ = MPSOLVER_INFEASIBLE
E0000 00:00:1785808999.155240   19573 linear_solver.cc:2026] No solution exists. MPSolverInterface::result_status_ = MPSOLVER_INFEASIBLE
E0000 00:00:1785808999.185720   19573 linear_solver.cc:2026] No solution exists. MPSolverInterface::result_status_ = MPSOLVER_INFEASIBLE
E0000 00:00:1785808999.377266   19573 linear_solver.cc:2026] No solution exists. MPSolverInterface::result_status_ = MPSOLVER_INFEASIBLE
E0000 00:00:1785808999.440535   19573 linear_solver.cc:2026] No solution exists. MPSolverInterface::result_status_ = MPSOLVER_INFEASIBLE
E0000 00:00:1785808999.471068   19573 linear_solver.cc:2026] No solution exists. MPSolverInterface::result_status_ = MPSOLVER_INFEASIBLE
E0000 00:00:1785808999.511866   19573 linear_solver.cc:2026] No solution exists. MPSolverInterface::result_status_ = MPSOLVER_INFEASIBLE
E0000 00:00:1785808999.713435   19573 linear_solver.cc:2026] No solution exists. MPSolverInterface::result_status_ = MPSOLVER_INFEASIBLE
E0000 00:00:1785808999.758094   19573 linear_solver.cc:2026] No solution exists. MPSolverInterface::result_status_ = MPSOLVER_INFEASIBLE
E0000 00:00:1785809055.935933   19573 linear_solver.cc:2026] No solution exists. MPSolverInterface::result_status_ = MPSOLVER_INFEASIBLE
E0000 00:00:1785809055.968884   19573 linear_solver.cc:2026] No solution exists. MPSolverInterface::result_status_ = MPSOLVER_INFEASIBLE
E0000 00:00:1785809056.008918   19573 linear_solver.cc:2026] No solution exists. MPSolverInterface::result_status_ = MPSOLVER_INFEASIBLE
E0000 00:00:1785809056.081413   19573 linear_solver.cc:2026] No solution exists. MPSolverInterface::result_status_ = MPSOLVER_INFEASIBLE
E0000 00:00:1785809056.128396   19573 linear_solver.cc:2026] No solution exists. MPSolverInterface::result_status_ = MPSOLVER_INFEASIBLE
E0000 00:00:1785809056.158780   19573 linear_solver.cc:2026] No solution exists. MPSolverInterface::result_status_ = MPSOLVER_INFEASIBLE
E0000 00:00:1785809056.188971   19573 linear_solver.cc:2026] No solution exists. MPSolverInterface::result_status_ = MPSOLVER_INFEASIBLE
E0000 00:00:1785809056.379703   19573 linear_solver.cc:2026] No solution exists. MPSolverInterface::result_status_ = MPSOLVER_INFEASIBLE
E0000 00:00:1785809056.442839   19573 linear_solver.cc:2026] No solution exists. MPSolverInterface::result_status_ = MPSOLVER_INFEASIBLE
E0000 00:00:1785809056.473302   19573 linear_solver.cc:2026] No solution exists. MPSolverInterface::result_status_ = MPSOLVER_INFEASIBLE
E0000 00:00:1785809056.513379   19573 linear_solver.cc:2026] No solution exists. MPSolverInterface::result_status_ = MPSOLVER_INFEASIBLE
E0000 00:00:1785809056.707540   19573 linear_solver.cc:2026] No solution exists. MPSolverInterface::result_status_ = MPSOLVER_INFEASIBLE
E0000 00:00:1785809056.748745   19573 linear_solver.cc:2026] No solution exists. MPSolverInterface::result_status_ = MPSOLVER_INFEASIBLE
E0000 00:00:1785809068.233911   19573 linear_solver.cc:2026] No solution exists. MPSolverInterface::result_status_ = MPSOLVER_INFEASIBLE
E0000 00:00:1785809068.242357   19573 linear_solver.cc:2026] No solution exists. MPSolverInterface::result_status_ = MPSOLVER_INFEASIBLE
E0000 00:00:1785809068.250734   19573 linear_solver.cc:2026] No solution exists. MPSolverInterface::result_status_ = MPSOLVER_INFEASIBLE
E0000 00:00:1785809068.259034   19573 linear_solver.cc:2026] No solution exists. MPSolverInterface::result_status_ = MPSOLVER_INFEASIBLE
E0000 00:00:1785809068.267597   19573 linear_solver.cc:2026] No solution exists. MPSolverInterface::result_status_ = MPSOLVER_INFEASIBLE
E0000 00:00:1785809068.277286   19573 linear_solver.cc:2026] No solution exists. MPSolverInterface::result_status_ = MPSOLVER_INFEASIBLE
E0000 00:00:1785809068.297088   19573 linear_solver.cc:2026] No solution exists. MPSolverInterface::result_status_ = MPSOLVER_INFEASIBLE
E0000 00:00:1785809068.317207   19573 linear_solver.cc:2026] No solution exists. MPSolverInterface::result_status_ = MPSOLVER_INFEASIBLE
E0000 00:00:1785809068.356371   19573 linear_solver.cc:2026] No solution exists. MPSolverInterface::result_status_ = MPSOLVER_INFEASIBLE
E0000 00:00:1785809068.364704   19573 linear_solver.cc:2026] No solution exists. MPSolverInterface::result_status_ = MPSOLVER_INFEASIBLE
E0000 00:00:1785809068.373431   19573 linear_solver.cc:2026] No solution exists. MPSolverInterface::result_status_ = MPSOLVER_INFEASIBLE
E0000 00:00:1785809068.381968   19573 linear_solver.cc:2026] No solution exists. MPSolverInterface::result_status_ = MPSOLVER_INFEASIBLE
E0000 00:00:1785809068.402703   19573 linear_solver.cc:2026] No solution exists. MPSolverInterface::result_status_ = MPSOLVER_INFEASIBLE
E0000 00:00:1785809070.015385   19573 linear_solver.cc:2026] No solution exists. MPSolverInterface::result_status_ = MPSOLVER_INFEASIBLE
E0000 00:00:1785809070.023806   19573 linear_solver.cc:2026] No solution exists. MPSolverInterface::result_status_ = MPSOLVER_INFEASIBLE
E0000 00:00:1785809070.032166   19573 linear_solver.cc:2026] No solution exists. MPSolverInterface::result_status_ = MPSOLVER_INFEASIBLE
E0000 00:00:1785809070.040493   19573 linear_solver.cc:2026] No solution exists. MPSolverInterface::result_status_ = MPSOLVER_INFEASIBLE
E0000 00:00:1785809070.049033   19573 linear_solver.cc:2026] No solution exists. MPSolverInterface::result_status_ = MPSOLVER_INFEASIBLE
E0000 00:00:1785809070.058736   19573 linear_solver.cc:2026] No solution exists. MPSolverInterface::result_status_ = MPSOLVER_INFEASIBLE
E0000 00:00:1785809070.078545   19573 linear_solver.cc:2026] No solution exists. MPSolverInterface::result_status_ = MPSOLVER_INFEASIBLE
E0000 00:00:1785809070.098661   19573 linear_solver.cc:2026] No solution exists. MPSolverInterface::result_status_ = MPSOLVER_INFEASIBLE
E0000 00:00:1785809070.138002   19573 linear_solver.cc:2026] No solution exists. MPSolverInterface::result_status_ = MPSOLVER_INFEASIBLE
E0000 00:00:1785809070.146349   19573 linear_solver.cc:2026] No solution exists. MPSolverInterface::result_status_ = MPSOLVER_INFEASIBLE
E0000 00:00:1785809070.154878   19573 linear_solver.cc:2026] No solution exists. MPSolverInterface::result_status_ = MPSOLVER_INFEASIBLE
E0000 00:00:1785809070.163465   19573 linear_solver.cc:2026] No solution exists. MPSolverInterface::result_status_ = MPSOLVER_INFEASIBLE
E0000 00:00:1785809070.183987   19573 linear_solver.cc:2026] No solution exists. MPSolverInterface::result_status_ = MPSOLVER_INFEASIBLE
E0000 00:00:1785809078.644325   19573 linear_solver.cc:2026] No solution exists. MPSolverInterface::result_status_ = MPSOLVER_INFEASIBLE
E0000 00:00:1785809078.666342   19573 linear_solver.cc:2026] No solution exists. MPSolverInterface::result_status_ = MPSOLVER_INFEASIBLE
E0000 00:00:1785809078.688854   19573 linear_solver.cc:2026] No solution exists. MPSolverInterface::result_status_ = MPSOLVER_INFEASIBLE
E0000 00:00:1785809078.711875   19573 linear_solver.cc:2026] No solution exists. MPSolverInterface::result_status_ = MPSOLVER_INFEASIBLE
E0000 00:00:1785809078.739943   19573 linear_solver.cc:2026] No solution exists. MPSolverInterface::result_status_ = MPSOLVER_INFEASIBLE
E0000 00:00:1785809078.766574   19573 linear_solver.cc:2026] No solution exists. MPSolverInterface::result_status_ = MPSOLVER_INFEASIBLE
E0000 00:00:1785809078.794369   19573 linear_solver.cc:2026] No solution exists. MPSolverInterface::result_status_ = MPSOLVER_INFEASIBLE
E0000 00:00:1785809078.903420   19573 linear_solver.cc:2026] No solution exists. MPSolverInterface::result_status_ = MPSOLVER_INFEASIBLE
E0000 00:00:1785809078.977535   19573 linear_solver.cc:2026] No solution exists. MPSolverInterface::result_status_ = MPSOLVER_INFEASIBLE
E0000 00:00:1785809079.109177   19573 linear_solver.cc:2026] No solution exists. MPSolverInterface::result_status_ = MPSOLVER_INFEASIBLE
E0000 00:00:1785809079.133112   19573 linear_solver.cc:2026] No solution exists. MPSolverInterface::result_status_ = MPSOLVER_INFEASIBLE
E0000 00:00:1785809088.517143   19573 linear_solver.cc:2026] No solution exists. MPSolverInterface::result_status_ = MPSOLVER_INFEASIBLE
E0000 00:00:1785809088.538736   19573 linear_solver.cc:2026] No solution exists. MPSolverInterface::result_status_ = MPSOLVER_INFEASIBLE
E0000 00:00:1785809088.561336   19573 linear_solver.cc:2026] No solution exists. MPSolverInterface::result_status_ = MPSOLVER_INFEASIBLE
E0000 00:00:1785809088.584365   19573 linear_solver.cc:2026] No solution exists. MPSolverInterface::result_status_ = MPSOLVER_INFEASIBLE
E0000 00:00:1785809088.612149   19573 linear_solver.cc:2026] No solution exists. MPSolverInterface::result_status_ = MPSOLVER_INFEASIBLE
E0000 00:00:1785809088.885455   19573 linear_solver.cc:2026] No solution exists. MPSolverInterface::result_status_ = MPSOLVER_INFEASIBLE
E0000 00:00:1785809088.913685   19573 linear_solver.cc:2026] No solution exists. MPSolverInterface::result_status_ = MPSOLVER_INFEASIBLE
E0000 00:00:1785809089.023030   19573 linear_solver.cc:2026] No solution exists. MPSolverInterface::result_status_ = MPSOLVER_INFEASIBLE
E0000 00:00:1785809089.097678   19573 linear_solver.cc:2026] No solution exists. MPSolverInterface::result_status_ = MPSOLVER_INFEASIBLE
E0000 00:00:1785809089.230242   19573 linear_solver.cc:2026] No solution exists. MPSolverInterface::result_status_ = MPSOLVER_INFEASIBLE
E0000 00:00:1785809089.253591   19573 linear_solver.cc:2026] No solution exists. MPSolverInterface::result_status_ = MPSOLVER_INFEASIBLE
E0000 00:00:1785809098.632269   19573 linear_solver.cc:2026] No solution exists. MPSolverInterface::result_status_ = MPSOLVER_INFEASIBLE
E0000 00:00:1785809098.653797   19573 linear_solver.cc:2026] No solution exists. MPSolverInterface::result_status_ = MPSOLVER_INFEASIBLE
E0000 00:00:1785809098.676208   19573 linear_solver.cc:2026] No solution exists. MPSolverInterface::result_status_ = MPSOLVER_INFEASIBLE
E0000 00:00:1785809098.699807   19573 linear_solver.cc:2026] No solution exists. MPSolverInterface::result_status_ = MPSOLVER_INFEASIBLE
E0000 00:00:1785809098.727866   19573 linear_solver.cc:2026] No solution exists. MPSolverInterface::result_status_ = MPSOLVER_INFEASIBLE
E0000 00:00:1785809098.753824   19573 linear_solver.cc:2026] No solution exists. MPSolverInterface::result_status_ = MPSOLVER_INFEASIBLE
E0000 00:00:1785809098.782416   19573 linear_solver.cc:2026] No solution exists. MPSolverInterface::result_status_ = MPSOLVER_INFEASIBLE
E0000 00:00:1785809098.895934   19573 linear_solver.cc:2026] No solution exists. MPSolverInterface::result_status_ = MPSOLVER_INFEASIBLE
E0000 00:00:1785809098.977593   19573 linear_solver.cc:2026] No solution exists. MPSolverInterface::result_status_ = MPSOLVER_INFEASIBLE
E0000 00:00:1785809099.113548   19573 linear_solver.cc:2026] No solution exists. MPSolverInterface::result_status_ = MPSOLVER_INFEASIBLE
E0000 00:00:1785809099.137558   19573 linear_solver.cc:2026] No solution exists. MPSolverInterface::result_status_ = MPSOLVER_INFEASIBLE
seed 2 done
MATCHED: wrote 819 rows -> outputs/matched/matched_aps_0.parquet
[2026-08-03 22:05:21,933][HYDRA] 	#2 : dataset=bank n_seeds=3 out=outputs/matched
E0000 00:00:1785809802.093276   19573 linear_solver.cc:2026] No solution exists. MPSolverInterface::result_status_ = MPSOLVER_INFEASIBLE
E0000 00:00:1785809802.135379   19573 linear_solver.cc:2026] No solution exists. MPSolverInterface::result_status_ = MPSOLVER_INFEASIBLE
E0000 00:00:1785809802.653071   19573 linear_solver.cc:2026] No solution exists. MPSolverInterface::result_status_ = MPSOLVER_INFEASIBLE
E0000 00:00:1785809802.687901   19573 linear_solver.cc:2026] No solution exists. MPSolverInterface::result_status_ = MPSOLVER_INFEASIBLE
E0000 00:00:1785809802.722500   19573 linear_solver.cc:2026] No solution exists. MPSolverInterface::result_status_ = MPSOLVER_INFEASIBLE
E0000 00:00:1785809804.285938   19573 linear_solver.cc:2026] No solution exists. MPSolverInterface::result_status_ = MPSOLVER_INFEASIBLE
E0000 00:00:1785809804.327664   19573 linear_solver.cc:2026] No solution exists. MPSolverInterface::result_status_ = MPSOLVER_INFEASIBLE
E0000 00:00:1785809804.559945   19573 linear_solver.cc:2026] No solution exists. MPSolverInterface::result_status_ = MPSOLVER_INFEASIBLE
E0000 00:00:1785809804.601704   19573 linear_solver.cc:2026] No solution exists. MPSolverInterface::result_status_ = MPSOLVER_INFEASIBLE
E0000 00:00:1785809804.907270   19573 linear_solver.cc:2026] No solution exists. MPSolverInterface::result_status_ = MPSOLVER_INFEASIBLE
E0000 00:00:1785809804.976359   19573 linear_solver.cc:2026] No solution exists. MPSolverInterface::result_status_ = MPSOLVER_INFEASIBLE
E0000 00:00:1785809805.011232   19573 linear_solver.cc:2026] No solution exists. MPSolverInterface::result_status_ = MPSOLVER_INFEASIBLE
E0000 00:00:1785809806.283760   19573 linear_solver.cc:2026] No solution exists. MPSolverInterface::result_status_ = MPSOLVER_INFEASIBLE
E0000 00:00:1785809916.534734   19573 linear_solver.cc:2026] No solution exists. MPSolverInterface::result_status_ = MPSOLVER_INFEASIBLE
E0000 00:00:1785809916.576123   19573 linear_solver.cc:2026] No solution exists. MPSolverInterface::result_status_ = MPSOLVER_INFEASIBLE
E0000 00:00:1785809916.947446   19573 linear_solver.cc:2026] No solution exists. MPSolverInterface::result_status_ = MPSOLVER_INFEASIBLE
E0000 00:00:1785809916.982208   19573 linear_solver.cc:2026] No solution exists. MPSolverInterface::result_status_ = MPSOLVER_INFEASIBLE
E0000 00:00:1785809917.016928   19573 linear_solver.cc:2026] No solution exists. MPSolverInterface::result_status_ = MPSOLVER_INFEASIBLE
E0000 00:00:1785809917.516506   19573 linear_solver.cc:2026] No solution exists. MPSolverInterface::result_status_ = MPSOLVER_INFEASIBLE
E0000 00:00:1785809917.558562   19573 linear_solver.cc:2026] No solution exists. MPSolverInterface::result_status_ = MPSOLVER_INFEASIBLE
E0000 00:00:1785809917.801612   19573 linear_solver.cc:2026] No solution exists. MPSolverInterface::result_status_ = MPSOLVER_INFEASIBLE
E0000 00:00:1785809917.843622   19573 linear_solver.cc:2026] No solution exists. MPSolverInterface::result_status_ = MPSOLVER_INFEASIBLE
E0000 00:00:1785809918.186961   19573 linear_solver.cc:2026] No solution exists. MPSolverInterface::result_status_ = MPSOLVER_INFEASIBLE
E0000 00:00:1785809918.261361   19573 linear_solver.cc:2026] No solution exists. MPSolverInterface::result_status_ = MPSOLVER_INFEASIBLE
E0000 00:00:1785809918.296959   19573 linear_solver.cc:2026] No solution exists. MPSolverInterface::result_status_ = MPSOLVER_INFEASIBLE
E0000 00:00:1785809919.050497   19573 linear_solver.cc:2026] No solution exists. MPSolverInterface::result_status_ = MPSOLVER_INFEASIBLE
E0000 00:00:1785810510.763619   19573 linear_solver.cc:2026] No solution exists. MPSolverInterface::result_status_ = MPSOLVER_INFEASIBLE
E0000 00:00:1785810521.898392   19573 linear_solver.cc:2026] No solution exists. MPSolverInterface::result_status_ = MPSOLVER_INFEASIBLE
E0000 00:00:1785810524.101806   19573 linear_solver.cc:2026] No solution exists. MPSolverInterface::result_status_ = MPSOLVER_INFEASIBLE
E0000 00:00:1785810527.071664   19573 linear_solver.cc:2026] No solution exists. MPSolverInterface::result_status_ = MPSOLVER_INFEASIBLE
E0000 00:00:1785810556.895613   19573 linear_solver.cc:2026] No solution exists. MPSolverInterface::result_status_ = MPSOLVER_INFEASIBLE
E0000 00:00:1785810556.927045   19573 linear_solver.cc:2026] No solution exists. MPSolverInterface::result_status_ = MPSOLVER_INFEASIBLE
E0000 00:00:1785810556.961144   19573 linear_solver.cc:2026] No solution exists. MPSolverInterface::result_status_ = MPSOLVER_INFEASIBLE
E0000 00:00:1785810556.970564   19573 linear_solver.cc:2026] No solution exists. MPSolverInterface::result_status_ = MPSOLVER_INFEASIBLE
E0000 00:00:1785810556.980272   19573 linear_solver.cc:2026] No solution exists. MPSolverInterface::result_status_ = MPSOLVER_INFEASIBLE
E0000 00:00:1785810557.033678   19573 linear_solver.cc:2026] No solution exists. MPSolverInterface::result_status_ = MPSOLVER_INFEASIBLE
E0000 00:00:1785810557.043216   19573 linear_solver.cc:2026] No solution exists. MPSolverInterface::result_status_ = MPSOLVER_INFEASIBLE
E0000 00:00:1785810557.052806   19573 linear_solver.cc:2026] No solution exists. MPSolverInterface::result_status_ = MPSOLVER_INFEASIBLE
E0000 00:00:1785810557.062358   19573 linear_solver.cc:2026] No solution exists. MPSolverInterface::result_status_ = MPSOLVER_INFEASIBLE
E0000 00:00:1785810557.072411   19573 linear_solver.cc:2026] No solution exists. MPSolverInterface::result_status_ = MPSOLVER_INFEASIBLE
E0000 00:00:1785810559.649741   19573 linear_solver.cc:2026] No solution exists. MPSolverInterface::result_status_ = MPSOLVER_INFEASIBLE
E0000 00:00:1785810559.681067   19573 linear_solver.cc:2026] No solution exists. MPSolverInterface::result_status_ = MPSOLVER_INFEASIBLE
E0000 00:00:1785810559.715155   19573 linear_solver.cc:2026] No solution exists. MPSolverInterface::result_status_ = MPSOLVER_INFEASIBLE
E0000 00:00:1785810559.725059   19573 linear_solver.cc:2026] No solution exists. MPSolverInterface::result_status_ = MPSOLVER_INFEASIBLE
E0000 00:00:1785810559.734761   19573 linear_solver.cc:2026] No solution exists. MPSolverInterface::result_status_ = MPSOLVER_INFEASIBLE
E0000 00:00:1785810559.787203   19573 linear_solver.cc:2026] No solution exists. MPSolverInterface::result_status_ = MPSOLVER_INFEASIBLE
E0000 00:00:1785810559.797395   19573 linear_solver.cc:2026] No solution exists. MPSolverInterface::result_status_ = MPSOLVER_INFEASIBLE
E0000 00:00:1785810559.807097   19573 linear_solver.cc:2026] No solution exists. MPSolverInterface::result_status_ = MPSOLVER_INFEASIBLE
E0000 00:00:1785810559.816735   19573 linear_solver.cc:2026] No solution exists. MPSolverInterface::result_status_ = MPSOLVER_INFEASIBLE
E0000 00:00:1785810559.826213   19573 linear_solver.cc:2026] No solution exists. MPSolverInterface::result_status_ = MPSOLVER_INFEASIBLE
E0000 00:00:1785810562.406030   19573 linear_solver.cc:2026] No solution exists. MPSolverInterface::result_status_ = MPSOLVER_INFEASIBLE
E0000 00:00:1785810562.437795   19573 linear_solver.cc:2026] No solution exists. MPSolverInterface::result_status_ = MPSOLVER_INFEASIBLE
E0000 00:00:1785810562.471873   19573 linear_solver.cc:2026] No solution exists. MPSolverInterface::result_status_ = MPSOLVER_INFEASIBLE
E0000 00:00:1785810562.481288   19573 linear_solver.cc:2026] No solution exists. MPSolverInterface::result_status_ = MPSOLVER_INFEASIBLE
E0000 00:00:1785810562.491010   19573 linear_solver.cc:2026] No solution exists. MPSolverInterface::result_status_ = MPSOLVER_INFEASIBLE
E0000 00:00:1785810562.543913   19573 linear_solver.cc:2026] No solution exists. MPSolverInterface::result_status_ = MPSOLVER_INFEASIBLE
E0000 00:00:1785810562.553399   19573 linear_solver.cc:2026] No solution exists. MPSolverInterface::result_status_ = MPSOLVER_INFEASIBLE
E0000 00:00:1785810562.562998   19573 linear_solver.cc:2026] No solution exists. MPSolverInterface::result_status_ = MPSOLVER_INFEASIBLE
E0000 00:00:1785810562.573333   19573 linear_solver.cc:2026] No solution exists. MPSolverInterface::result_status_ = MPSOLVER_INFEASIBLE
E0000 00:00:1785810562.582908   19573 linear_solver.cc:2026] No solution exists. MPSolverInterface::result_status_ = MPSOLVER_INFEASIBLE
seed 0 done
E0000 00:00:1785810759.979512   19573 linear_solver.cc:2026] No solution exists. MPSolverInterface::result_status_ = MPSOLVER_INFEASIBLE
E0000 00:00:1785810766.535417   19573 linear_solver.cc:2026] No solution exists. MPSolverInterface::result_status_ = MPSOLVER_INFEASIBLE
E0000 00:00:1785810766.576391   19573 linear_solver.cc:2026] No solution exists. MPSolverInterface::result_status_ = MPSOLVER_INFEASIBLE
E0000 00:00:1785810768.013633   19573 linear_solver.cc:2026] No solution exists. MPSolverInterface::result_status_ = MPSOLVER_INFEASIBLE
E0000 00:00:1785810768.055215   19573 linear_solver.cc:2026] No solution exists. MPSolverInterface::result_status_ = MPSOLVER_INFEASIBLE
E0000 00:00:1785810879.181372   19573 linear_solver.cc:2026] No solution exists. MPSolverInterface::result_status_ = MPSOLVER_INFEASIBLE
E0000 00:00:1785810885.733202   19573 linear_solver.cc:2026] No solution exists. MPSolverInterface::result_status_ = MPSOLVER_INFEASIBLE
E0000 00:00:1785810885.774526   19573 linear_solver.cc:2026] No solution exists. MPSolverInterface::result_status_ = MPSOLVER_INFEASIBLE
E0000 00:00:1785810887.210075   19573 linear_solver.cc:2026] No solution exists. MPSolverInterface::result_status_ = MPSOLVER_INFEASIBLE
E0000 00:00:1785810887.251737   19573 linear_solver.cc:2026] No solution exists. MPSolverInterface::result_status_ = MPSOLVER_INFEASIBLE
E0000 00:00:1785811350.936353   19573 linear_solver.cc:2026] No solution exists. MPSolverInterface::result_status_ = MPSOLVER_INFEASIBLE
E0000 00:00:1785811350.981191   19573 linear_solver.cc:2026] No solution exists. MPSolverInterface::result_status_ = MPSOLVER_INFEASIBLE
E0000 00:00:1785811352.607071   19573 linear_solver.cc:2026] No solution exists. MPSolverInterface::result_status_ = MPSOLVER_INFEASIBLE
E0000 00:00:1785811354.938201   19573 linear_solver.cc:2026] No solution exists. MPSolverInterface::result_status_ = MPSOLVER_INFEASIBLE
E0000 00:00:1785811355.628764   19573 linear_solver.cc:2026] No solution exists. MPSolverInterface::result_status_ = MPSOLVER_INFEASIBLE
E0000 00:00:1785811355.680944   19573 linear_solver.cc:2026] No solution exists. MPSolverInterface::result_status_ = MPSOLVER_INFEASIBLE
E0000 00:00:1785811611.378812   19573 linear_solver.cc:2026] No solution exists. MPSolverInterface::result_status_ = MPSOLVER_INFEASIBLE
E0000 00:00:1785811611.425778   19573 linear_solver.cc:2026] No solution exists. MPSolverInterface::result_status_ = MPSOLVER_INFEASIBLE
E0000 00:00:1785811613.012439   19573 linear_solver.cc:2026] No solution exists. MPSolverInterface::result_status_ = MPSOLVER_INFEASIBLE
E0000 00:00:1785811615.353933   19573 linear_solver.cc:2026] No solution exists. MPSolverInterface::result_status_ = MPSOLVER_INFEASIBLE
E0000 00:00:1785811616.036374   19573 linear_solver.cc:2026] No solution exists. MPSolverInterface::result_status_ = MPSOLVER_INFEASIBLE
E0000 00:00:1785811616.088802   19573 linear_solver.cc:2026] No solution exists. MPSolverInterface::result_status_ = MPSOLVER_INFEASIBLE
E0000 00:00:1785811939.965731   19573 linear_solver.cc:2026] No solution exists. MPSolverInterface::result_status_ = MPSOLVER_INFEASIBLE
E0000 00:00:1785811940.022824   19573 linear_solver.cc:2026] No solution exists. MPSolverInterface::result_status_ = MPSOLVER_INFEASIBLE
E0000 00:00:1785811940.066822   19573 linear_solver.cc:2026] No solution exists. MPSolverInterface::result_status_ = MPSOLVER_INFEASIBLE
E0000 00:00:1785811940.120969   19573 linear_solver.cc:2026] No solution exists. MPSolverInterface::result_status_ = MPSOLVER_INFEASIBLE
E0000 00:00:1785811940.220130   19573 linear_solver.cc:2026] No solution exists. MPSolverInterface::result_status_ = MPSOLVER_INFEASIBLE
E0000 00:00:1785811943.276517   19573 linear_solver.cc:2026] No solution exists. MPSolverInterface::result_status_ = MPSOLVER_INFEASIBLE
E0000 00:00:1785811943.333549   19573 linear_solver.cc:2026] No solution exists. MPSolverInterface::result_status_ = MPSOLVER_INFEASIBLE
E0000 00:00:1785811943.378290   19573 linear_solver.cc:2026] No solution exists. MPSolverInterface::result_status_ = MPSOLVER_INFEASIBLE
E0000 00:00:1785811943.432794   19573 linear_solver.cc:2026] No solution exists. MPSolverInterface::result_status_ = MPSOLVER_INFEASIBLE
E0000 00:00:1785811943.531186   19573 linear_solver.cc:2026] No solution exists. MPSolverInterface::result_status_ = MPSOLVER_INFEASIBLE
E0000 00:00:1785811946.176481   19573 linear_solver.cc:2026] No solution exists. MPSolverInterface::result_status_ = MPSOLVER_INFEASIBLE
E0000 00:00:1785811946.233567   19573 linear_solver.cc:2026] No solution exists. MPSolverInterface::result_status_ = MPSOLVER_INFEASIBLE
E0000 00:00:1785811946.277768   19573 linear_solver.cc:2026] No solution exists. MPSolverInterface::result_status_ = MPSOLVER_INFEASIBLE
E0000 00:00:1785811946.332220   19573 linear_solver.cc:2026] No solution exists. MPSolverInterface::result_status_ = MPSOLVER_INFEASIBLE
E0000 00:00:1785811946.430637   19573 linear_solver.cc:2026] No solution exists. MPSolverInterface::result_status_ = MPSOLVER_INFEASIBLE
seed 1 done
E0000 00:00:1785811973.956680   19573 linear_solver.cc:2026] No solution exists. MPSolverInterface::result_status_ = MPSOLVER_INFEASIBLE
E0000 00:00:1785811974.170316   19573 linear_solver.cc:2026] No solution exists. MPSolverInterface::result_status_ = MPSOLVER_INFEASIBLE
E0000 00:00:1785812074.697352   19573 linear_solver.cc:2026] No solution exists. MPSolverInterface::result_status_ = MPSOLVER_INFEASIBLE
E0000 00:00:1785812077.256446   19573 linear_solver.cc:2026] No solution exists. MPSolverInterface::result_status_ = MPSOLVER_INFEASIBLE
E0000 00:00:1785812184.600154   19573 linear_solver.cc:2026] No solution exists. MPSolverInterface::result_status_ = MPSOLVER_INFEASIBLE
E0000 00:00:1785812187.137461   19573 linear_solver.cc:2026] No solution exists. MPSolverInterface::result_status_ = MPSOLVER_INFEASIBLE
E0000 00:00:1785812294.490586   19573 linear_solver.cc:2026] No solution exists. MPSolverInterface::result_status_ = MPSOLVER_INFEASIBLE
E0000 00:00:1785812297.032277   19573 linear_solver.cc:2026] No solution exists. MPSolverInterface::result_status_ = MPSOLVER_INFEASIBLE
E0000 00:00:1785812439.923148   19573 linear_solver.cc:2026] No solution exists. MPSolverInterface::result_status_ = MPSOLVER_INFEASIBLE
E0000 00:00:1785812439.965107   19573 linear_solver.cc:2026] No solution exists. MPSolverInterface::result_status_ = MPSOLVER_INFEASIBLE
E0000 00:00:1785812441.488313   19573 linear_solver.cc:2026] No solution exists. MPSolverInterface::result_status_ = MPSOLVER_INFEASIBLE
E0000 00:00:1785812441.524266   19573 linear_solver.cc:2026] No solution exists. MPSolverInterface::result_status_ = MPSOLVER_INFEASIBLE
E0000 00:00:1785812441.863138   19573 linear_solver.cc:2026] No solution exists. MPSolverInterface::result_status_ = MPSOLVER_INFEASIBLE
E0000 00:00:1785812441.908499   19573 linear_solver.cc:2026] No solution exists. MPSolverInterface::result_status_ = MPSOLVER_INFEASIBLE
E0000 00:00:1785812441.962732   19573 linear_solver.cc:2026] No solution exists. MPSolverInterface::result_status_ = MPSOLVER_INFEASIBLE
E0000 00:00:1785812443.748480   19573 linear_solver.cc:2026] No solution exists. MPSolverInterface::result_status_ = MPSOLVER_INFEASIBLE
E0000 00:00:1785812565.498859   19573 linear_solver.cc:2026] No solution exists. MPSolverInterface::result_status_ = MPSOLVER_INFEASIBLE
E0000 00:00:1785812565.541826   19573 linear_solver.cc:2026] No solution exists. MPSolverInterface::result_status_ = MPSOLVER_INFEASIBLE
E0000 00:00:1785812567.079574   19573 linear_solver.cc:2026] No solution exists. MPSolverInterface::result_status_ = MPSOLVER_INFEASIBLE
E0000 00:00:1785812567.115459   19573 linear_solver.cc:2026] No solution exists. MPSolverInterface::result_status_ = MPSOLVER_INFEASIBLE
E0000 00:00:1785812567.453333   19573 linear_solver.cc:2026] No solution exists. MPSolverInterface::result_status_ = MPSOLVER_INFEASIBLE
E0000 00:00:1785812567.495550   19573 linear_solver.cc:2026] No solution exists. MPSolverInterface::result_status_ = MPSOLVER_INFEASIBLE
E0000 00:00:1785812567.546211   19573 linear_solver.cc:2026] No solution exists. MPSolverInterface::result_status_ = MPSOLVER_INFEASIBLE
E0000 00:00:1785812569.331379   19573 linear_solver.cc:2026] No solution exists. MPSolverInterface::result_status_ = MPSOLVER_INFEASIBLE
E0000 00:00:1785812670.720921   19573 linear_solver.cc:2026] No solution exists. MPSolverInterface::result_status_ = MPSOLVER_INFEASIBLE
E0000 00:00:1785812670.762963   19573 linear_solver.cc:2026] No solution exists. MPSolverInterface::result_status_ = MPSOLVER_INFEASIBLE
E0000 00:00:1785812672.286425   19573 linear_solver.cc:2026] No solution exists. MPSolverInterface::result_status_ = MPSOLVER_INFEASIBLE
E0000 00:00:1785812672.322474   19573 linear_solver.cc:2026] No solution exists. MPSolverInterface::result_status_ = MPSOLVER_INFEASIBLE
E0000 00:00:1785812672.674717   19573 linear_solver.cc:2026] No solution exists. MPSolverInterface::result_status_ = MPSOLVER_INFEASIBLE
E0000 00:00:1785812672.718808   19573 linear_solver.cc:2026] No solution exists. MPSolverInterface::result_status_ = MPSOLVER_INFEASIBLE
E0000 00:00:1785812672.769364   19573 linear_solver.cc:2026] No solution exists. MPSolverInterface::result_status_ = MPSOLVER_INFEASIBLE
E0000 00:00:1785812674.551487   19573 linear_solver.cc:2026] No solution exists. MPSolverInterface::result_status_ = MPSOLVER_INFEASIBLE
E0000 00:00:1785812846.541650   19573 linear_solver.cc:2026] No solution exists. MPSolverInterface::result_status_ = MPSOLVER_INFEASIBLE
E0000 00:00:1785812847.687299   19573 linear_solver.cc:2026] No solution exists. MPSolverInterface::result_status_ = MPSOLVER_INFEASIBLE
E0000 00:00:1785812847.725181   19573 linear_solver.cc:2026] No solution exists. MPSolverInterface::result_status_ = MPSOLVER_INFEASIBLE
E0000 00:00:1785812848.027564   19573 linear_solver.cc:2026] No solution exists. MPSolverInterface::result_status_ = MPSOLVER_INFEASIBLE
E0000 00:00:1785812848.071936   19573 linear_solver.cc:2026] No solution exists. MPSolverInterface::result_status_ = MPSOLVER_INFEASIBLE
E0000 00:00:1785812954.363457   19573 linear_solver.cc:2026] No solution exists. MPSolverInterface::result_status_ = MPSOLVER_INFEASIBLE
E0000 00:00:1785812958.407336   19573 linear_solver.cc:2026] No solution exists. MPSolverInterface::result_status_ = MPSOLVER_INFEASIBLE
E0000 00:00:1785812959.311297   19573 linear_solver.cc:2026] No solution exists. MPSolverInterface::result_status_ = MPSOLVER_INFEASIBLE
E0000 00:00:1785812960.041934   19573 linear_solver.cc:2026] No solution exists. MPSolverInterface::result_status_ = MPSOLVER_INFEASIBLE
E0000 00:00:1785812960.079746   19573 linear_solver.cc:2026] No solution exists. MPSolverInterface::result_status_ = MPSOLVER_INFEASIBLE
E0000 00:00:1785812960.373618   19573 linear_solver.cc:2026] No solution exists. MPSolverInterface::result_status_ = MPSOLVER_INFEASIBLE
E0000 00:00:1785812960.417980   19573 linear_solver.cc:2026] No solution exists. MPSolverInterface::result_status_ = MPSOLVER_INFEASIBLE
E0000 00:00:1785813054.347834   19573 linear_solver.cc:2026] No solution exists. MPSolverInterface::result_status_ = MPSOLVER_INFEASIBLE
E0000 00:00:1785813058.376382   19573 linear_solver.cc:2026] No solution exists. MPSolverInterface::result_status_ = MPSOLVER_INFEASIBLE
E0000 00:00:1785813059.280605   19573 linear_solver.cc:2026] No solution exists. MPSolverInterface::result_status_ = MPSOLVER_INFEASIBLE
E0000 00:00:1785813060.012358   19573 linear_solver.cc:2026] No solution exists. MPSolverInterface::result_status_ = MPSOLVER_INFEASIBLE
E0000 00:00:1785813060.050794   19573 linear_solver.cc:2026] No solution exists. MPSolverInterface::result_status_ = MPSOLVER_INFEASIBLE
E0000 00:00:1785813060.345171   19573 linear_solver.cc:2026] No solution exists. MPSolverInterface::result_status_ = MPSOLVER_INFEASIBLE
E0000 00:00:1785813060.389391   19573 linear_solver.cc:2026] No solution exists. MPSolverInterface::result_status_ = MPSOLVER_INFEASIBLE
seed 2 done
MATCHED: wrote 313 rows -> outputs/matched/matched_bank_0.parquet
