nohup: ignoring input
[2026-08-04 12:18:27,104][HYDRA] Launching 2 jobs locally
[2026-08-04 12:18:27,104][HYDRA] 	#0 : dataset=gmsc seed=0 out=outputs/scaling_v2
MonthlyIncome 10 auto 60 done
MonthlyIncome 10 auto 300 done
MonthlyIncome 10 none 60 done
MonthlyIncome 10 none 300 done
MonthlyIncome 20 auto 60 done
MonthlyIncome 20 auto 300 done
MonthlyIncome 20 none 60 done
MonthlyIncome 20 none 300 done
MonthlyIncome 40 auto 60 done
MonthlyIncome 40 auto 300 done
MonthlyIncome 40 none 60 done
MonthlyIncome 40 none 300 done
WARNING: All log messages before absl::InitializeLog() is called are written to STDERR
E0000 00:00:1785860634.011127  322646 linear_solver.cc:2026] No solution exists. MPSolverInterface::result_status_ = MPSOLVER_NOT_SOLVED
MonthlyIncome 60 auto 60 done
MonthlyIncome 60 auto 300 done
MonthlyIncome 60 none 60 done
MonthlyIncome 60 none 300 done
/usr/local/lib/python3.12/site-packages/sklearn/preprocessing/_discretization.py:385: UserWarning: Bins whose width are too small (i.e., <= 1e-8) in feature 0 are removed. Consider decreasing the number of bins.
  warnings.warn(
E0000 00:00:1785861459.708196  322646 linear_solver.cc:2026] No solution exists. MPSolverInterface::result_status_ = MPSOLVER_NOT_SOLVED
/usr/local/lib/python3.12/site-packages/sklearn/preprocessing/_discretization.py:385: UserWarning: Bins whose width are too small (i.e., <= 1e-8) in feature 0 are removed. Consider decreasing the number of bins.
  warnings.warn(
/usr/local/lib/python3.12/site-packages/sklearn/preprocessing/_discretization.py:385: UserWarning: Bins whose width are too small (i.e., <= 1e-8) in feature 0 are removed. Consider decreasing the number of bins.
  warnings.warn(
E0000 00:00:1785861545.915540  322646 linear_solver.cc:2026] No solution exists. MPSolverInterface::result_status_ = MPSOLVER_NOT_SOLVED
/usr/local/lib/python3.12/site-packages/sklearn/preprocessing/_discretization.py:385: UserWarning: Bins whose width are too small (i.e., <= 1e-8) in feature 0 are removed. Consider decreasing the number of bins.
  warnings.warn(
E0000 00:00:1785861617.235588  322646 linear_solver.cc:2026] No solution exists. MPSolverInterface::result_status_ = MPSOLVER_NOT_SOLVED
MonthlyIncome 80 auto 60 done
/usr/local/lib/python3.12/site-packages/sklearn/preprocessing/_discretization.py:385: UserWarning: Bins whose width are too small (i.e., <= 1e-8) in feature 0 are removed. Consider decreasing the number of bins.
  warnings.warn(
/usr/local/lib/python3.12/site-packages/sklearn/preprocessing/_discretization.py:385: UserWarning: Bins whose width are too small (i.e., <= 1e-8) in feature 0 are removed. Consider decreasing the number of bins.
  warnings.warn(
/usr/local/lib/python3.12/site-packages/sklearn/preprocessing/_discretization.py:385: UserWarning: Bins whose width are too small (i.e., <= 1e-8) in feature 0 are removed. Consider decreasing the number of bins.
  warnings.warn(
E0000 00:00:1785862252.965577  322646 linear_solver.cc:2026] No solution exists. MPSolverInterface::result_status_ = MPSOLVER_NOT_SOLVED
/usr/local/lib/python3.12/site-packages/sklearn/preprocessing/_discretization.py:385: UserWarning: Bins whose width are too small (i.e., <= 1e-8) in feature 0 are removed. Consider decreasing the number of bins.
  warnings.warn(
E0000 00:00:1785862559.607510  322646 linear_solver.cc:2026] No solution exists. MPSolverInterface::result_status_ = MPSOLVER_NOT_SOLVED
MonthlyIncome 80 auto 300 done
/usr/local/lib/python3.12/site-packages/sklearn/preprocessing/_discretization.py:385: UserWarning: Bins whose width are too small (i.e., <= 1e-8) in feature 0 are removed. Consider decreasing the number of bins.
  warnings.warn(
/usr/local/lib/python3.12/site-packages/sklearn/preprocessing/_discretization.py:385: UserWarning: Bins whose width are too small (i.e., <= 1e-8) in feature 0 are removed. Consider decreasing the number of bins.
  warnings.warn(
/usr/local/lib/python3.12/site-packages/sklearn/preprocessing/_discretization.py:385: UserWarning: Bins whose width are too small (i.e., <= 1e-8) in feature 0 are removed. Consider decreasing the number of bins.
  warnings.warn(
/usr/local/lib/python3.12/site-packages/sklearn/preprocessing/_discretization.py:385: UserWarning: Bins whose width are too small (i.e., <= 1e-8) in feature 0 are removed. Consider decreasing the number of bins.
  warnings.warn(
MonthlyIncome 80 none 60 done
/usr/local/lib/python3.12/site-packages/sklearn/preprocessing/_discretization.py:385: UserWarning: Bins whose width are too small (i.e., <= 1e-8) in feature 0 are removed. Consider decreasing the number of bins.
  warnings.warn(
/usr/local/lib/python3.12/site-packages/sklearn/preprocessing/_discretization.py:385: UserWarning: Bins whose width are too small (i.e., <= 1e-8) in feature 0 are removed. Consider decreasing the number of bins.
  warnings.warn(
/usr/local/lib/python3.12/site-packages/sklearn/preprocessing/_discretization.py:385: UserWarning: Bins whose width are too small (i.e., <= 1e-8) in feature 0 are removed. Consider decreasing the number of bins.
  warnings.warn(
/usr/local/lib/python3.12/site-packages/sklearn/preprocessing/_discretization.py:385: UserWarning: Bins whose width are too small (i.e., <= 1e-8) in feature 0 are removed. Consider decreasing the number of bins.
  warnings.warn(
MonthlyIncome 80 none 300 done
/usr/local/lib/python3.12/site-packages/sklearn/preprocessing/_discretization.py:385: UserWarning: Bins whose width are too small (i.e., <= 1e-8) in feature 0 are removed. Consider decreasing the number of bins.
  warnings.warn(
E0000 00:00:1785862617.674497  322646 linear_solver.cc:2026] No solution exists. MPSolverInterface::result_status_ = MPSOLVER_NOT_SOLVED
/usr/local/lib/python3.12/site-packages/sklearn/preprocessing/_discretization.py:385: UserWarning: Bins whose width are too small (i.e., <= 1e-8) in feature 0 are removed. Consider decreasing the number of bins.
  warnings.warn(
/usr/local/lib/python3.12/site-packages/sklearn/preprocessing/_discretization.py:385: UserWarning: Bins whose width are too small (i.e., <= 1e-8) in feature 0 are removed. Consider decreasing the number of bins.
  warnings.warn(
E0000 00:00:1785862695.247166  322646 linear_solver.cc:2026] No solution exists. MPSolverInterface::result_status_ = MPSOLVER_NOT_SOLVED
/usr/local/lib/python3.12/site-packages/sklearn/preprocessing/_discretization.py:385: UserWarning: Bins whose width are too small (i.e., <= 1e-8) in feature 0 are removed. Consider decreasing the number of bins.
  warnings.warn(
E0000 00:00:1785862764.655739  322646 linear_solver.cc:2026] No solution exists. MPSolverInterface::result_status_ = MPSOLVER_NOT_SOLVED
MonthlyIncome 100 auto 60 done
/usr/local/lib/python3.12/site-packages/sklearn/preprocessing/_discretization.py:385: UserWarning: Bins whose width are too small (i.e., <= 1e-8) in feature 0 are removed. Consider decreasing the number of bins.
  warnings.warn(
E0000 00:00:1785863067.683159  322646 linear_solver.cc:2026] No solution exists. MPSolverInterface::result_status_ = MPSOLVER_NOT_SOLVED
/usr/local/lib/python3.12/site-packages/sklearn/preprocessing/_discretization.py:385: UserWarning: Bins whose width are too small (i.e., <= 1e-8) in feature 0 are removed. Consider decreasing the number of bins.
  warnings.warn(
/usr/local/lib/python3.12/site-packages/sklearn/preprocessing/_discretization.py:385: UserWarning: Bins whose width are too small (i.e., <= 1e-8) in feature 0 are removed. Consider decreasing the number of bins.
  warnings.warn(
E0000 00:00:1785863391.087234  322646 linear_solver.cc:2026] No solution exists. MPSolverInterface::result_status_ = MPSOLVER_NOT_SOLVED
/usr/local/lib/python3.12/site-packages/sklearn/preprocessing/_discretization.py:385: UserWarning: Bins whose width are too small (i.e., <= 1e-8) in feature 0 are removed. Consider decreasing the number of bins.
  warnings.warn(
E0000 00:00:1785863691.102683  322646 linear_solver.cc:2026] No solution exists. MPSolverInterface::result_status_ = MPSOLVER_NOT_SOLVED
MonthlyIncome 100 auto 300 done
/usr/local/lib/python3.12/site-packages/sklearn/preprocessing/_discretization.py:385: UserWarning: Bins whose width are too small (i.e., <= 1e-8) in feature 0 are removed. Consider decreasing the number of bins.
  warnings.warn(
/usr/local/lib/python3.12/site-packages/sklearn/preprocessing/_discretization.py:385: UserWarning: Bins whose width are too small (i.e., <= 1e-8) in feature 0 are removed. Consider decreasing the number of bins.
  warnings.warn(
/usr/local/lib/python3.12/site-packages/sklearn/preprocessing/_discretization.py:385: UserWarning: Bins whose width are too small (i.e., <= 1e-8) in feature 0 are removed. Consider decreasing the number of bins.
  warnings.warn(
/usr/local/lib/python3.12/site-packages/sklearn/preprocessing/_discretization.py:385: UserWarning: Bins whose width are too small (i.e., <= 1e-8) in feature 0 are removed. Consider decreasing the number of bins.
  warnings.warn(
MonthlyIncome 100 none 60 done
/usr/local/lib/python3.12/site-packages/sklearn/preprocessing/_discretization.py:385: UserWarning: Bins whose width are too small (i.e., <= 1e-8) in feature 0 are removed. Consider decreasing the number of bins.
  warnings.warn(
/usr/local/lib/python3.12/site-packages/sklearn/preprocessing/_discretization.py:385: UserWarning: Bins whose width are too small (i.e., <= 1e-8) in feature 0 are removed. Consider decreasing the number of bins.
  warnings.warn(
/usr/local/lib/python3.12/site-packages/sklearn/preprocessing/_discretization.py:385: UserWarning: Bins whose width are too small (i.e., <= 1e-8) in feature 0 are removed. Consider decreasing the number of bins.
  warnings.warn(
/usr/local/lib/python3.12/site-packages/sklearn/preprocessing/_discretization.py:385: UserWarning: Bins whose width are too small (i.e., <= 1e-8) in feature 0 are removed. Consider decreasing the number of bins.
  warnings.warn(
MonthlyIncome 100 none 300 done
/usr/local/lib/python3.12/site-packages/sklearn/preprocessing/_discretization.py:385: UserWarning: Bins whose width are too small (i.e., <= 1e-8) in feature 0 are removed. Consider decreasing the number of bins.
  warnings.warn(
/usr/local/lib/python3.12/site-packages/sklearn/preprocessing/_discretization.py:385: UserWarning: Bins whose width are too small (i.e., <= 1e-8) in feature 0 are removed. Consider decreasing the number of bins.
  warnings.warn(
/usr/local/lib/python3.12/site-packages/sklearn/preprocessing/_discretization.py:385: UserWarning: Bins whose width are too small (i.e., <= 1e-8) in feature 0 are removed. Consider decreasing the number of bins.
  warnings.warn(
/usr/local/lib/python3.12/site-packages/sklearn/preprocessing/_discretization.py:385: UserWarning: Bins whose width are too small (i.e., <= 1e-8) in feature 0 are removed. Consider decreasing the number of bins.
  warnings.warn(
NumberOfTimes90DaysLate 10 auto 60 done
/usr/local/lib/python3.12/site-packages/sklearn/preprocessing/_discretization.py:385: UserWarning: Bins whose width are too small (i.e., <= 1e-8) in feature 0 are removed. Consider decreasing the number of bins.
  warnings.warn(
/usr/local/lib/python3.12/site-packages/sklearn/preprocessing/_discretization.py:385: UserWarning: Bins whose width are too small (i.e., <= 1e-8) in feature 0 are removed. Consider decreasing the number of bins.
  warnings.warn(
/usr/local/lib/python3.12/site-packages/sklearn/preprocessing/_discretization.py:385: UserWarning: Bins whose width are too small (i.e., <= 1e-8) in feature 0 are removed. Consider decreasing the number of bins.
  warnings.warn(
/usr/local/lib/python3.12/site-packages/sklearn/preprocessing/_discretization.py:385: UserWarning: Bins whose width are too small (i.e., <= 1e-8) in feature 0 are removed. Consider decreasing the number of bins.
  warnings.warn(
NumberOfTimes90DaysLate 10 auto 300 done
/usr/local/lib/python3.12/site-packages/sklearn/preprocessing/_discretization.py:385: UserWarning: Bins whose width are too small (i.e., <= 1e-8) in feature 0 are removed. Consider decreasing the number of bins.
  warnings.warn(
/usr/local/lib/python3.12/site-packages/sklearn/preprocessing/_discretization.py:385: UserWarning: Bins whose width are too small (i.e., <= 1e-8) in feature 0 are removed. Consider decreasing the number of bins.
  warnings.warn(
/usr/local/lib/python3.12/site-packages/sklearn/preprocessing/_discretization.py:385: UserWarning: Bins whose width are too small (i.e., <= 1e-8) in feature 0 are removed. Consider decreasing the number of bins.
  warnings.warn(
/usr/local/lib/python3.12/site-packages/sklearn/preprocessing/_discretization.py:385: UserWarning: Bins whose width are too small (i.e., <= 1e-8) in feature 0 are removed. Consider decreasing the number of bins.
  warnings.warn(
NumberOfTimes90DaysLate 10 none 60 done
/usr/local/lib/python3.12/site-packages/sklearn/preprocessing/_discretization.py:385: UserWarning: Bins whose width are too small (i.e., <= 1e-8) in feature 0 are removed. Consider decreasing the number of bins.
  warnings.warn(
/usr/local/lib/python3.12/site-packages/sklearn/preprocessing/_discretization.py:385: UserWarning: Bins whose width are too small (i.e., <= 1e-8) in feature 0 are removed. Consider decreasing the number of bins.
  warnings.warn(
/usr/local/lib/python3.12/site-packages/sklearn/preprocessing/_discretization.py:385: UserWarning: Bins whose width are too small (i.e., <= 1e-8) in feature 0 are removed. Consider decreasing the number of bins.
  warnings.warn(
/usr/local/lib/python3.12/site-packages/sklearn/preprocessing/_discretization.py:385: UserWarning: Bins whose width are too small (i.e., <= 1e-8) in feature 0 are removed. Consider decreasing the number of bins.
  warnings.warn(
NumberOfTimes90DaysLate 10 none 300 done
/usr/local/lib/python3.12/site-packages/sklearn/preprocessing/_discretization.py:385: UserWarning: Bins whose width are too small (i.e., <= 1e-8) in feature 0 are removed. Consider decreasing the number of bins.
  warnings.warn(
/usr/local/lib/python3.12/site-packages/sklearn/preprocessing/_discretization.py:385: UserWarning: Bins whose width are too small (i.e., <= 1e-8) in feature 0 are removed. Consider decreasing the number of bins.
  warnings.warn(
/usr/local/lib/python3.12/site-packages/sklearn/preprocessing/_discretization.py:385: UserWarning: Bins whose width are too small (i.e., <= 1e-8) in feature 0 are removed. Consider decreasing the number of bins.
  warnings.warn(
/usr/local/lib/python3.12/site-packages/sklearn/preprocessing/_discretization.py:385: UserWarning: Bins whose width are too small (i.e., <= 1e-8) in feature 0 are removed. Consider decreasing the number of bins.
  warnings.warn(
NumberOfTimes90DaysLate 20 auto 60 done
/usr/local/lib/python3.12/site-packages/sklearn/preprocessing/_discretization.py:385: UserWarning: Bins whose width are too small (i.e., <= 1e-8) in feature 0 are removed. Consider decreasing the number of bins.
  warnings.warn(
/usr/local/lib/python3.12/site-packages/sklearn/preprocessing/_discretization.py:385: UserWarning: Bins whose width are too small (i.e., <= 1e-8) in feature 0 are removed. Consider decreasing the number of bins.
  warnings.warn(
/usr/local/lib/python3.12/site-packages/sklearn/preprocessing/_discretization.py:385: UserWarning: Bins whose width are too small (i.e., <= 1e-8) in feature 0 are removed. Consider decreasing the number of bins.
  warnings.warn(
/usr/local/lib/python3.12/site-packages/sklearn/preprocessing/_discretization.py:385: UserWarning: Bins whose width are too small (i.e., <= 1e-8) in feature 0 are removed. Consider decreasing the number of bins.
  warnings.warn(
NumberOfTimes90DaysLate 20 auto 300 done
/usr/local/lib/python3.12/site-packages/sklearn/preprocessing/_discretization.py:385: UserWarning: Bins whose width are too small (i.e., <= 1e-8) in feature 0 are removed. Consider decreasing the number of bins.
  warnings.warn(
/usr/local/lib/python3.12/site-packages/sklearn/preprocessing/_discretization.py:385: UserWarning: Bins whose width are too small (i.e., <= 1e-8) in feature 0 are removed. Consider decreasing the number of bins.
  warnings.warn(
/usr/local/lib/python3.12/site-packages/sklearn/preprocessing/_discretization.py:385: UserWarning: Bins whose width are too small (i.e., <= 1e-8) in feature 0 are removed. Consider decreasing the number of bins.
  warnings.warn(
/usr/local/lib/python3.12/site-packages/sklearn/preprocessing/_discretization.py:385: UserWarning: Bins whose width are too small (i.e., <= 1e-8) in feature 0 are removed. Consider decreasing the number of bins.
  warnings.warn(
NumberOfTimes90DaysLate 20 none 60 done
/usr/local/lib/python3.12/site-packages/sklearn/preprocessing/_discretization.py:385: UserWarning: Bins whose width are too small (i.e., <= 1e-8) in feature 0 are removed. Consider decreasing the number of bins.
  warnings.warn(
/usr/local/lib/python3.12/site-packages/sklearn/preprocessing/_discretization.py:385: UserWarning: Bins whose width are too small (i.e., <= 1e-8) in feature 0 are removed. Consider decreasing the number of bins.
  warnings.warn(
/usr/local/lib/python3.12/site-packages/sklearn/preprocessing/_discretization.py:385: UserWarning: Bins whose width are too small (i.e., <= 1e-8) in feature 0 are removed. Consider decreasing the number of bins.
  warnings.warn(
/usr/local/lib/python3.12/site-packages/sklearn/preprocessing/_discretization.py:385: UserWarning: Bins whose width are too small (i.e., <= 1e-8) in feature 0 are removed. Consider decreasing the number of bins.
  warnings.warn(
NumberOfTimes90DaysLate 20 none 300 done
/usr/local/lib/python3.12/site-packages/sklearn/preprocessing/_discretization.py:385: UserWarning: Bins whose width are too small (i.e., <= 1e-8) in feature 0 are removed. Consider decreasing the number of bins.
  warnings.warn(
/usr/local/lib/python3.12/site-packages/sklearn/preprocessing/_discretization.py:385: UserWarning: Bins whose width are too small (i.e., <= 1e-8) in feature 0 are removed. Consider decreasing the number of bins.
  warnings.warn(
/usr/local/lib/python3.12/site-packages/sklearn/preprocessing/_discretization.py:385: UserWarning: Bins whose width are too small (i.e., <= 1e-8) in feature 0 are removed. Consider decreasing the number of bins.
  warnings.warn(
/usr/local/lib/python3.12/site-packages/sklearn/preprocessing/_discretization.py:385: UserWarning: Bins whose width are too small (i.e., <= 1e-8) in feature 0 are removed. Consider decreasing the number of bins.
  warnings.warn(
NumberOfTimes90DaysLate 40 auto 60 done
/usr/local/lib/python3.12/site-packages/sklearn/preprocessing/_discretization.py:385: UserWarning: Bins whose width are too small (i.e., <= 1e-8) in feature 0 are removed. Consider decreasing the number of bins.
  warnings.warn(
/usr/local/lib/python3.12/site-packages/sklearn/preprocessing/_discretization.py:385: UserWarning: Bins whose width are too small (i.e., <= 1e-8) in feature 0 are removed. Consider decreasing the number of bins.
  warnings.warn(
/usr/local/lib/python3.12/site-packages/sklearn/preprocessing/_discretization.py:385: UserWarning: Bins whose width are too small (i.e., <= 1e-8) in feature 0 are removed. Consider decreasing the number of bins.
  warnings.warn(
/usr/local/lib/python3.12/site-packages/sklearn/preprocessing/_discretization.py:385: UserWarning: Bins whose width are too small (i.e., <= 1e-8) in feature 0 are removed. Consider decreasing the number of bins.
  warnings.warn(
NumberOfTimes90DaysLate 40 auto 300 done
/usr/local/lib/python3.12/site-packages/sklearn/preprocessing/_discretization.py:385: UserWarning: Bins whose width are too small (i.e., <= 1e-8) in feature 0 are removed. Consider decreasing the number of bins.
  warnings.warn(
/usr/local/lib/python3.12/site-packages/sklearn/preprocessing/_discretization.py:385: UserWarning: Bins whose width are too small (i.e., <= 1e-8) in feature 0 are removed. Consider decreasing the number of bins.
  warnings.warn(
/usr/local/lib/python3.12/site-packages/sklearn/preprocessing/_discretization.py:385: UserWarning: Bins whose width are too small (i.e., <= 1e-8) in feature 0 are removed. Consider decreasing the number of bins.
  warnings.warn(
/usr/local/lib/python3.12/site-packages/sklearn/preprocessing/_discretization.py:385: UserWarning: Bins whose width are too small (i.e., <= 1e-8) in feature 0 are removed. Consider decreasing the number of bins.
  warnings.warn(
NumberOfTimes90DaysLate 40 none 60 done
/usr/local/lib/python3.12/site-packages/sklearn/preprocessing/_discretization.py:385: UserWarning: Bins whose width are too small (i.e., <= 1e-8) in feature 0 are removed. Consider decreasing the number of bins.
  warnings.warn(
/usr/local/lib/python3.12/site-packages/sklearn/preprocessing/_discretization.py:385: UserWarning: Bins whose width are too small (i.e., <= 1e-8) in feature 0 are removed. Consider decreasing the number of bins.
  warnings.warn(
/usr/local/lib/python3.12/site-packages/sklearn/preprocessing/_discretization.py:385: UserWarning: Bins whose width are too small (i.e., <= 1e-8) in feature 0 are removed. Consider decreasing the number of bins.
  warnings.warn(
/usr/local/lib/python3.12/site-packages/sklearn/preprocessing/_discretization.py:385: UserWarning: Bins whose width are too small (i.e., <= 1e-8) in feature 0 are removed. Consider decreasing the number of bins.
  warnings.warn(
NumberOfTimes90DaysLate 40 none 300 done
/usr/local/lib/python3.12/site-packages/sklearn/preprocessing/_discretization.py:385: UserWarning: Bins whose width are too small (i.e., <= 1e-8) in feature 0 are removed. Consider decreasing the number of bins.
  warnings.warn(
/usr/local/lib/python3.12/site-packages/sklearn/preprocessing/_discretization.py:385: UserWarning: Bins whose width are too small (i.e., <= 1e-8) in feature 0 are removed. Consider decreasing the number of bins.
  warnings.warn(
/usr/local/lib/python3.12/site-packages/sklearn/preprocessing/_discretization.py:385: UserWarning: Bins whose width are too small (i.e., <= 1e-8) in feature 0 are removed. Consider decreasing the number of bins.
  warnings.warn(
/usr/local/lib/python3.12/site-packages/sklearn/preprocessing/_discretization.py:385: UserWarning: Bins whose width are too small (i.e., <= 1e-8) in feature 0 are removed. Consider decreasing the number of bins.
  warnings.warn(
NumberOfTimes90DaysLate 60 auto 60 done
/usr/local/lib/python3.12/site-packages/sklearn/preprocessing/_discretization.py:385: UserWarning: Bins whose width are too small (i.e., <= 1e-8) in feature 0 are removed. Consider decreasing the number of bins.
  warnings.warn(
/usr/local/lib/python3.12/site-packages/sklearn/preprocessing/_discretization.py:385: UserWarning: Bins whose width are too small (i.e., <= 1e-8) in feature 0 are removed. Consider decreasing the number of bins.
  warnings.warn(
/usr/local/lib/python3.12/site-packages/sklearn/preprocessing/_discretization.py:385: UserWarning: Bins whose width are too small (i.e., <= 1e-8) in feature 0 are removed. Consider decreasing the number of bins.
  warnings.warn(
/usr/local/lib/python3.12/site-packages/sklearn/preprocessing/_discretization.py:385: UserWarning: Bins whose width are too small (i.e., <= 1e-8) in feature 0 are removed. Consider decreasing the number of bins.
  warnings.warn(
NumberOfTimes90DaysLate 60 auto 300 done
/usr/local/lib/python3.12/site-packages/sklearn/preprocessing/_discretization.py:385: UserWarning: Bins whose width are too small (i.e., <= 1e-8) in feature 0 are removed. Consider decreasing the number of bins.
  warnings.warn(
/usr/local/lib/python3.12/site-packages/sklearn/preprocessing/_discretization.py:385: UserWarning: Bins whose width are too small (i.e., <= 1e-8) in feature 0 are removed. Consider decreasing the number of bins.
  warnings.warn(
/usr/local/lib/python3.12/site-packages/sklearn/preprocessing/_discretization.py:385: UserWarning: Bins whose width are too small (i.e., <= 1e-8) in feature 0 are removed. Consider decreasing the number of bins.
  warnings.warn(
/usr/local/lib/python3.12/site-packages/sklearn/preprocessing/_discretization.py:385: UserWarning: Bins whose width are too small (i.e., <= 1e-8) in feature 0 are removed. Consider decreasing the number of bins.
  warnings.warn(
NumberOfTimes90DaysLate 60 none 60 done
/usr/local/lib/python3.12/site-packages/sklearn/preprocessing/_discretization.py:385: UserWarning: Bins whose width are too small (i.e., <= 1e-8) in feature 0 are removed. Consider decreasing the number of bins.
  warnings.warn(
/usr/local/lib/python3.12/site-packages/sklearn/preprocessing/_discretization.py:385: UserWarning: Bins whose width are too small (i.e., <= 1e-8) in feature 0 are removed. Consider decreasing the number of bins.
  warnings.warn(
/usr/local/lib/python3.12/site-packages/sklearn/preprocessing/_discretization.py:385: UserWarning: Bins whose width are too small (i.e., <= 1e-8) in feature 0 are removed. Consider decreasing the number of bins.
  warnings.warn(
/usr/local/lib/python3.12/site-packages/sklearn/preprocessing/_discretization.py:385: UserWarning: Bins whose width are too small (i.e., <= 1e-8) in feature 0 are removed. Consider decreasing the number of bins.
  warnings.warn(
NumberOfTimes90DaysLate 60 none 300 done
/usr/local/lib/python3.12/site-packages/sklearn/preprocessing/_discretization.py:385: UserWarning: Bins whose width are too small (i.e., <= 1e-8) in feature 0 are removed. Consider decreasing the number of bins.
  warnings.warn(
/usr/local/lib/python3.12/site-packages/sklearn/preprocessing/_discretization.py:385: UserWarning: Bins whose width are too small (i.e., <= 1e-8) in feature 0 are removed. Consider decreasing the number of bins.
  warnings.warn(
/usr/local/lib/python3.12/site-packages/sklearn/preprocessing/_discretization.py:385: UserWarning: Bins whose width are too small (i.e., <= 1e-8) in feature 0 are removed. Consider decreasing the number of bins.
  warnings.warn(
/usr/local/lib/python3.12/site-packages/sklearn/preprocessing/_discretization.py:385: UserWarning: Bins whose width are too small (i.e., <= 1e-8) in feature 0 are removed. Consider decreasing the number of bins.
  warnings.warn(
NumberOfTimes90DaysLate 80 auto 60 done
/usr/local/lib/python3.12/site-packages/sklearn/preprocessing/_discretization.py:385: UserWarning: Bins whose width are too small (i.e., <= 1e-8) in feature 0 are removed. Consider decreasing the number of bins.
  warnings.warn(
/usr/local/lib/python3.12/site-packages/sklearn/preprocessing/_discretization.py:385: UserWarning: Bins whose width are too small (i.e., <= 1e-8) in feature 0 are removed. Consider decreasing the number of bins.
  warnings.warn(
/usr/local/lib/python3.12/site-packages/sklearn/preprocessing/_discretization.py:385: UserWarning: Bins whose width are too small (i.e., <= 1e-8) in feature 0 are removed. Consider decreasing the number of bins.
  warnings.warn(
/usr/local/lib/python3.12/site-packages/sklearn/preprocessing/_discretization.py:385: UserWarning: Bins whose width are too small (i.e., <= 1e-8) in feature 0 are removed. Consider decreasing the number of bins.
  warnings.warn(
NumberOfTimes90DaysLate 80 auto 300 done
/usr/local/lib/python3.12/site-packages/sklearn/preprocessing/_discretization.py:385: UserWarning: Bins whose width are too small (i.e., <= 1e-8) in feature 0 are removed. Consider decreasing the number of bins.
  warnings.warn(
/usr/local/lib/python3.12/site-packages/sklearn/preprocessing/_discretization.py:385: UserWarning: Bins whose width are too small (i.e., <= 1e-8) in feature 0 are removed. Consider decreasing the number of bins.
  warnings.warn(
/usr/local/lib/python3.12/site-packages/sklearn/preprocessing/_discretization.py:385: UserWarning: Bins whose width are too small (i.e., <= 1e-8) in feature 0 are removed. Consider decreasing the number of bins.
  warnings.warn(
/usr/local/lib/python3.12/site-packages/sklearn/preprocessing/_discretization.py:385: UserWarning: Bins whose width are too small (i.e., <= 1e-8) in feature 0 are removed. Consider decreasing the number of bins.
  warnings.warn(
NumberOfTimes90DaysLate 80 none 60 done
/usr/local/lib/python3.12/site-packages/sklearn/preprocessing/_discretization.py:385: UserWarning: Bins whose width are too small (i.e., <= 1e-8) in feature 0 are removed. Consider decreasing the number of bins.
  warnings.warn(
/usr/local/lib/python3.12/site-packages/sklearn/preprocessing/_discretization.py:385: UserWarning: Bins whose width are too small (i.e., <= 1e-8) in feature 0 are removed. Consider decreasing the number of bins.
  warnings.warn(
/usr/local/lib/python3.12/site-packages/sklearn/preprocessing/_discretization.py:385: UserWarning: Bins whose width are too small (i.e., <= 1e-8) in feature 0 are removed. Consider decreasing the number of bins.
  warnings.warn(
/usr/local/lib/python3.12/site-packages/sklearn/preprocessing/_discretization.py:385: UserWarning: Bins whose width are too small (i.e., <= 1e-8) in feature 0 are removed. Consider decreasing the number of bins.
  warnings.warn(
NumberOfTimes90DaysLate 80 none 300 done
/usr/local/lib/python3.12/site-packages/sklearn/preprocessing/_discretization.py:385: UserWarning: Bins whose width are too small (i.e., <= 1e-8) in feature 0 are removed. Consider decreasing the number of bins.
  warnings.warn(
/usr/local/lib/python3.12/site-packages/sklearn/preprocessing/_discretization.py:385: UserWarning: Bins whose width are too small (i.e., <= 1e-8) in feature 0 are removed. Consider decreasing the number of bins.
  warnings.warn(
/usr/local/lib/python3.12/site-packages/sklearn/preprocessing/_discretization.py:385: UserWarning: Bins whose width are too small (i.e., <= 1e-8) in feature 0 are removed. Consider decreasing the number of bins.
  warnings.warn(
/usr/local/lib/python3.12/site-packages/sklearn/preprocessing/_discretization.py:385: UserWarning: Bins whose width are too small (i.e., <= 1e-8) in feature 0 are removed. Consider decreasing the number of bins.
  warnings.warn(
NumberOfTimes90DaysLate 100 auto 60 done
/usr/local/lib/python3.12/site-packages/sklearn/preprocessing/_discretization.py:385: UserWarning: Bins whose width are too small (i.e., <= 1e-8) in feature 0 are removed. Consider decreasing the number of bins.
  warnings.warn(
/usr/local/lib/python3.12/site-packages/sklearn/preprocessing/_discretization.py:385: UserWarning: Bins whose width are too small (i.e., <= 1e-8) in feature 0 are removed. Consider decreasing the number of bins.
  warnings.warn(
/usr/local/lib/python3.12/site-packages/sklearn/preprocessing/_discretization.py:385: UserWarning: Bins whose width are too small (i.e., <= 1e-8) in feature 0 are removed. Consider decreasing the number of bins.
  warnings.warn(
/usr/local/lib/python3.12/site-packages/sklearn/preprocessing/_discretization.py:385: UserWarning: Bins whose width are too small (i.e., <= 1e-8) in feature 0 are removed. Consider decreasing the number of bins.
  warnings.warn(
NumberOfTimes90DaysLate 100 auto 300 done
/usr/local/lib/python3.12/site-packages/sklearn/preprocessing/_discretization.py:385: UserWarning: Bins whose width are too small (i.e., <= 1e-8) in feature 0 are removed. Consider decreasing the number of bins.
  warnings.warn(
/usr/local/lib/python3.12/site-packages/sklearn/preprocessing/_discretization.py:385: UserWarning: Bins whose width are too small (i.e., <= 1e-8) in feature 0 are removed. Consider decreasing the number of bins.
  warnings.warn(
/usr/local/lib/python3.12/site-packages/sklearn/preprocessing/_discretization.py:385: UserWarning: Bins whose width are too small (i.e., <= 1e-8) in feature 0 are removed. Consider decreasing the number of bins.
  warnings.warn(
/usr/local/lib/python3.12/site-packages/sklearn/preprocessing/_discretization.py:385: UserWarning: Bins whose width are too small (i.e., <= 1e-8) in feature 0 are removed. Consider decreasing the number of bins.
  warnings.warn(
NumberOfTimes90DaysLate 100 none 60 done
/usr/local/lib/python3.12/site-packages/sklearn/preprocessing/_discretization.py:385: UserWarning: Bins whose width are too small (i.e., <= 1e-8) in feature 0 are removed. Consider decreasing the number of bins.
  warnings.warn(
/usr/local/lib/python3.12/site-packages/sklearn/preprocessing/_discretization.py:385: UserWarning: Bins whose width are too small (i.e., <= 1e-8) in feature 0 are removed. Consider decreasing the number of bins.
  warnings.warn(
/usr/local/lib/python3.12/site-packages/sklearn/preprocessing/_discretization.py:385: UserWarning: Bins whose width are too small (i.e., <= 1e-8) in feature 0 are removed. Consider decreasing the number of bins.
  warnings.warn(
/usr/local/lib/python3.12/site-packages/sklearn/preprocessing/_discretization.py:385: UserWarning: Bins whose width are too small (i.e., <= 1e-8) in feature 0 are removed. Consider decreasing the number of bins.
  warnings.warn(
NumberOfTimes90DaysLate 100 none 300 done
/usr/local/lib/python3.12/site-packages/sklearn/preprocessing/_discretization.py:385: UserWarning: Bins whose width are too small (i.e., <= 1e-8) in feature 0 are removed. Consider decreasing the number of bins.
  warnings.warn(
/usr/local/lib/python3.12/site-packages/sklearn/preprocessing/_discretization.py:385: UserWarning: Bins whose width are too small (i.e., <= 1e-8) in feature 0 are removed. Consider decreasing the number of bins.
  warnings.warn(
/usr/local/lib/python3.12/site-packages/sklearn/preprocessing/_discretization.py:385: UserWarning: Bins whose width are too small (i.e., <= 1e-8) in feature 0 are removed. Consider decreasing the number of bins.
  warnings.warn(
/usr/local/lib/python3.12/site-packages/sklearn/preprocessing/_discretization.py:385: UserWarning: Bins whose width are too small (i.e., <= 1e-8) in feature 0 are removed. Consider decreasing the number of bins.
  warnings.warn(
NumberOfTime30-59DaysPastDueNotWorse 10 auto 60 done
/usr/local/lib/python3.12/site-packages/sklearn/preprocessing/_discretization.py:385: UserWarning: Bins whose width are too small (i.e., <= 1e-8) in feature 0 are removed. Consider decreasing the number of bins.
  warnings.warn(
/usr/local/lib/python3.12/site-packages/sklearn/preprocessing/_discretization.py:385: UserWarning: Bins whose width are too small (i.e., <= 1e-8) in feature 0 are removed. Consider decreasing the number of bins.
  warnings.warn(
/usr/local/lib/python3.12/site-packages/sklearn/preprocessing/_discretization.py:385: UserWarning: Bins whose width are too small (i.e., <= 1e-8) in feature 0 are removed. Consider decreasing the number of bins.
  warnings.warn(
/usr/local/lib/python3.12/site-packages/sklearn/preprocessing/_discretization.py:385: UserWarning: Bins whose width are too small (i.e., <= 1e-8) in feature 0 are removed. Consider decreasing the number of bins.
  warnings.warn(
NumberOfTime30-59DaysPastDueNotWorse 10 auto 300 done
/usr/local/lib/python3.12/site-packages/sklearn/preprocessing/_discretization.py:385: UserWarning: Bins whose width are too small (i.e., <= 1e-8) in feature 0 are removed. Consider decreasing the number of bins.
  warnings.warn(
/usr/local/lib/python3.12/site-packages/sklearn/preprocessing/_discretization.py:385: UserWarning: Bins whose width are too small (i.e., <= 1e-8) in feature 0 are removed. Consider decreasing the number of bins.
  warnings.warn(
/usr/local/lib/python3.12/site-packages/sklearn/preprocessing/_discretization.py:385: UserWarning: Bins whose width are too small (i.e., <= 1e-8) in feature 0 are removed. Consider decreasing the number of bins.
  warnings.warn(
/usr/local/lib/python3.12/site-packages/sklearn/preprocessing/_discretization.py:385: UserWarning: Bins whose width are too small (i.e., <= 1e-8) in feature 0 are removed. Consider decreasing the number of bins.
  warnings.warn(
NumberOfTime30-59DaysPastDueNotWorse 10 none 60 done
/usr/local/lib/python3.12/site-packages/sklearn/preprocessing/_discretization.py:385: UserWarning: Bins whose width are too small (i.e., <= 1e-8) in feature 0 are removed. Consider decreasing the number of bins.
  warnings.warn(
/usr/local/lib/python3.12/site-packages/sklearn/preprocessing/_discretization.py:385: UserWarning: Bins whose width are too small (i.e., <= 1e-8) in feature 0 are removed. Consider decreasing the number of bins.
  warnings.warn(
/usr/local/lib/python3.12/site-packages/sklearn/preprocessing/_discretization.py:385: UserWarning: Bins whose width are too small (i.e., <= 1e-8) in feature 0 are removed. Consider decreasing the number of bins.
  warnings.warn(
/usr/local/lib/python3.12/site-packages/sklearn/preprocessing/_discretization.py:385: UserWarning: Bins whose width are too small (i.e., <= 1e-8) in feature 0 are removed. Consider decreasing the number of bins.
  warnings.warn(
NumberOfTime30-59DaysPastDueNotWorse 10 none 300 done
/usr/local/lib/python3.12/site-packages/sklearn/preprocessing/_discretization.py:385: UserWarning: Bins whose width are too small (i.e., <= 1e-8) in feature 0 are removed. Consider decreasing the number of bins.
  warnings.warn(
/usr/local/lib/python3.12/site-packages/sklearn/preprocessing/_discretization.py:385: UserWarning: Bins whose width are too small (i.e., <= 1e-8) in feature 0 are removed. Consider decreasing the number of bins.
  warnings.warn(
/usr/local/lib/python3.12/site-packages/sklearn/preprocessing/_discretization.py:385: UserWarning: Bins whose width are too small (i.e., <= 1e-8) in feature 0 are removed. Consider decreasing the number of bins.
  warnings.warn(
/usr/local/lib/python3.12/site-packages/sklearn/preprocessing/_discretization.py:385: UserWarning: Bins whose width are too small (i.e., <= 1e-8) in feature 0 are removed. Consider decreasing the number of bins.
  warnings.warn(
NumberOfTime30-59DaysPastDueNotWorse 20 auto 60 done
/usr/local/lib/python3.12/site-packages/sklearn/preprocessing/_discretization.py:385: UserWarning: Bins whose width are too small (i.e., <= 1e-8) in feature 0 are removed. Consider decreasing the number of bins.
  warnings.warn(
/usr/local/lib/python3.12/site-packages/sklearn/preprocessing/_discretization.py:385: UserWarning: Bins whose width are too small (i.e., <= 1e-8) in feature 0 are removed. Consider decreasing the number of bins.
  warnings.warn(
/usr/local/lib/python3.12/site-packages/sklearn/preprocessing/_discretization.py:385: UserWarning: Bins whose width are too small (i.e., <= 1e-8) in feature 0 are removed. Consider decreasing the number of bins.
  warnings.warn(
/usr/local/lib/python3.12/site-packages/sklearn/preprocessing/_discretization.py:385: UserWarning: Bins whose width are too small (i.e., <= 1e-8) in feature 0 are removed. Consider decreasing the number of bins.
  warnings.warn(
NumberOfTime30-59DaysPastDueNotWorse 20 auto 300 done
/usr/local/lib/python3.12/site-packages/sklearn/preprocessing/_discretization.py:385: UserWarning: Bins whose width are too small (i.e., <= 1e-8) in feature 0 are removed. Consider decreasing the number of bins.
  warnings.warn(
/usr/local/lib/python3.12/site-packages/sklearn/preprocessing/_discretization.py:385: UserWarning: Bins whose width are too small (i.e., <= 1e-8) in feature 0 are removed. Consider decreasing the number of bins.
  warnings.warn(
/usr/local/lib/python3.12/site-packages/sklearn/preprocessing/_discretization.py:385: UserWarning: Bins whose width are too small (i.e., <= 1e-8) in feature 0 are removed. Consider decreasing the number of bins.
  warnings.warn(
/usr/local/lib/python3.12/site-packages/sklearn/preprocessing/_discretization.py:385: UserWarning: Bins whose width are too small (i.e., <= 1e-8) in feature 0 are removed. Consider decreasing the number of bins.
  warnings.warn(
NumberOfTime30-59DaysPastDueNotWorse 20 none 60 done
/usr/local/lib/python3.12/site-packages/sklearn/preprocessing/_discretization.py:385: UserWarning: Bins whose width are too small (i.e., <= 1e-8) in feature 0 are removed. Consider decreasing the number of bins.
  warnings.warn(
/usr/local/lib/python3.12/site-packages/sklearn/preprocessing/_discretization.py:385: UserWarning: Bins whose width are too small (i.e., <= 1e-8) in feature 0 are removed. Consider decreasing the number of bins.
  warnings.warn(
/usr/local/lib/python3.12/site-packages/sklearn/preprocessing/_discretization.py:385: UserWarning: Bins whose width are too small (i.e., <= 1e-8) in feature 0 are removed. Consider decreasing the number of bins.
  warnings.warn(
/usr/local/lib/python3.12/site-packages/sklearn/preprocessing/_discretization.py:385: UserWarning: Bins whose width are too small (i.e., <= 1e-8) in feature 0 are removed. Consider decreasing the number of bins.
  warnings.warn(
NumberOfTime30-59DaysPastDueNotWorse 20 none 300 done
/usr/local/lib/python3.12/site-packages/sklearn/preprocessing/_discretization.py:385: UserWarning: Bins whose width are too small (i.e., <= 1e-8) in feature 0 are removed. Consider decreasing the number of bins.
  warnings.warn(
/usr/local/lib/python3.12/site-packages/sklearn/preprocessing/_discretization.py:385: UserWarning: Bins whose width are too small (i.e., <= 1e-8) in feature 0 are removed. Consider decreasing the number of bins.
  warnings.warn(
/usr/local/lib/python3.12/site-packages/sklearn/preprocessing/_discretization.py:385: UserWarning: Bins whose width are too small (i.e., <= 1e-8) in feature 0 are removed. Consider decreasing the number of bins.
  warnings.warn(
/usr/local/lib/python3.12/site-packages/sklearn/preprocessing/_discretization.py:385: UserWarning: Bins whose width are too small (i.e., <= 1e-8) in feature 0 are removed. Consider decreasing the number of bins.
  warnings.warn(
NumberOfTime30-59DaysPastDueNotWorse 40 auto 60 done
/usr/local/lib/python3.12/site-packages/sklearn/preprocessing/_discretization.py:385: UserWarning: Bins whose width are too small (i.e., <= 1e-8) in feature 0 are removed. Consider decreasing the number of bins.
  warnings.warn(
/usr/local/lib/python3.12/site-packages/sklearn/preprocessing/_discretization.py:385: UserWarning: Bins whose width are too small (i.e., <= 1e-8) in feature 0 are removed. Consider decreasing the number of bins.
  warnings.warn(
/usr/local/lib/python3.12/site-packages/sklearn/preprocessing/_discretization.py:385: UserWarning: Bins whose width are too small (i.e., <= 1e-8) in feature 0 are removed. Consider decreasing the number of bins.
  warnings.warn(
/usr/local/lib/python3.12/site-packages/sklearn/preprocessing/_discretization.py:385: UserWarning: Bins whose width are too small (i.e., <= 1e-8) in feature 0 are removed. Consider decreasing the number of bins.
  warnings.warn(
NumberOfTime30-59DaysPastDueNotWorse 40 auto 300 done
/usr/local/lib/python3.12/site-packages/sklearn/preprocessing/_discretization.py:385: UserWarning: Bins whose width are too small (i.e., <= 1e-8) in feature 0 are removed. Consider decreasing the number of bins.
  warnings.warn(
/usr/local/lib/python3.12/site-packages/sklearn/preprocessing/_discretization.py:385: UserWarning: Bins whose width are too small (i.e., <= 1e-8) in feature 0 are removed. Consider decreasing the number of bins.
  warnings.warn(
/usr/local/lib/python3.12/site-packages/sklearn/preprocessing/_discretization.py:385: UserWarning: Bins whose width are too small (i.e., <= 1e-8) in feature 0 are removed. Consider decreasing the number of bins.
  warnings.warn(
/usr/local/lib/python3.12/site-packages/sklearn/preprocessing/_discretization.py:385: UserWarning: Bins whose width are too small (i.e., <= 1e-8) in feature 0 are removed. Consider decreasing the number of bins.
  warnings.warn(
NumberOfTime30-59DaysPastDueNotWorse 40 none 60 done
/usr/local/lib/python3.12/site-packages/sklearn/preprocessing/_discretization.py:385: UserWarning: Bins whose width are too small (i.e., <= 1e-8) in feature 0 are removed. Consider decreasing the number of bins.
  warnings.warn(
/usr/local/lib/python3.12/site-packages/sklearn/preprocessing/_discretization.py:385: UserWarning: Bins whose width are too small (i.e., <= 1e-8) in feature 0 are removed. Consider decreasing the number of bins.
  warnings.warn(
/usr/local/lib/python3.12/site-packages/sklearn/preprocessing/_discretization.py:385: UserWarning: Bins whose width are too small (i.e., <= 1e-8) in feature 0 are removed. Consider decreasing the number of bins.
  warnings.warn(
/usr/local/lib/python3.12/site-packages/sklearn/preprocessing/_discretization.py:385: UserWarning: Bins whose width are too small (i.e., <= 1e-8) in feature 0 are removed. Consider decreasing the number of bins.
  warnings.warn(
NumberOfTime30-59DaysPastDueNotWorse 40 none 300 done
/usr/local/lib/python3.12/site-packages/sklearn/preprocessing/_discretization.py:385: UserWarning: Bins whose width are too small (i.e., <= 1e-8) in feature 0 are removed. Consider decreasing the number of bins.
  warnings.warn(
/usr/local/lib/python3.12/site-packages/sklearn/preprocessing/_discretization.py:385: UserWarning: Bins whose width are too small (i.e., <= 1e-8) in feature 0 are removed. Consider decreasing the number of bins.
  warnings.warn(
/usr/local/lib/python3.12/site-packages/sklearn/preprocessing/_discretization.py:385: UserWarning: Bins whose width are too small (i.e., <= 1e-8) in feature 0 are removed. Consider decreasing the number of bins.
  warnings.warn(
/usr/local/lib/python3.12/site-packages/sklearn/preprocessing/_discretization.py:385: UserWarning: Bins whose width are too small (i.e., <= 1e-8) in feature 0 are removed. Consider decreasing the number of bins.
  warnings.warn(
NumberOfTime30-59DaysPastDueNotWorse 60 auto 60 done
/usr/local/lib/python3.12/site-packages/sklearn/preprocessing/_discretization.py:385: UserWarning: Bins whose width are too small (i.e., <= 1e-8) in feature 0 are removed. Consider decreasing the number of bins.
  warnings.warn(
/usr/local/lib/python3.12/site-packages/sklearn/preprocessing/_discretization.py:385: UserWarning: Bins whose width are too small (i.e., <= 1e-8) in feature 0 are removed. Consider decreasing the number of bins.
  warnings.warn(
/usr/local/lib/python3.12/site-packages/sklearn/preprocessing/_discretization.py:385: UserWarning: Bins whose width are too small (i.e., <= 1e-8) in feature 0 are removed. Consider decreasing the number of bins.
  warnings.warn(
/usr/local/lib/python3.12/site-packages/sklearn/preprocessing/_discretization.py:385: UserWarning: Bins whose width are too small (i.e., <= 1e-8) in feature 0 are removed. Consider decreasing the number of bins.
  warnings.warn(
NumberOfTime30-59DaysPastDueNotWorse 60 auto 300 done
/usr/local/lib/python3.12/site-packages/sklearn/preprocessing/_discretization.py:385: UserWarning: Bins whose width are too small (i.e., <= 1e-8) in feature 0 are removed. Consider decreasing the number of bins.
  warnings.warn(
/usr/local/lib/python3.12/site-packages/sklearn/preprocessing/_discretization.py:385: UserWarning: Bins whose width are too small (i.e., <= 1e-8) in feature 0 are removed. Consider decreasing the number of bins.
  warnings.warn(
/usr/local/lib/python3.12/site-packages/sklearn/preprocessing/_discretization.py:385: UserWarning: Bins whose width are too small (i.e., <= 1e-8) in feature 0 are removed. Consider decreasing the number of bins.
  warnings.warn(
/usr/local/lib/python3.12/site-packages/sklearn/preprocessing/_discretization.py:385: UserWarning: Bins whose width are too small (i.e., <= 1e-8) in feature 0 are removed. Consider decreasing the number of bins.
  warnings.warn(
NumberOfTime30-59DaysPastDueNotWorse 60 none 60 done
/usr/local/lib/python3.12/site-packages/sklearn/preprocessing/_discretization.py:385: UserWarning: Bins whose width are too small (i.e., <= 1e-8) in feature 0 are removed. Consider decreasing the number of bins.
  warnings.warn(
/usr/local/lib/python3.12/site-packages/sklearn/preprocessing/_discretization.py:385: UserWarning: Bins whose width are too small (i.e., <= 1e-8) in feature 0 are removed. Consider decreasing the number of bins.
  warnings.warn(
/usr/local/lib/python3.12/site-packages/sklearn/preprocessing/_discretization.py:385: UserWarning: Bins whose width are too small (i.e., <= 1e-8) in feature 0 are removed. Consider decreasing the number of bins.
  warnings.warn(
/usr/local/lib/python3.12/site-packages/sklearn/preprocessing/_discretization.py:385: UserWarning: Bins whose width are too small (i.e., <= 1e-8) in feature 0 are removed. Consider decreasing the number of bins.
  warnings.warn(
NumberOfTime30-59DaysPastDueNotWorse 60 none 300 done
/usr/local/lib/python3.12/site-packages/sklearn/preprocessing/_discretization.py:385: UserWarning: Bins whose width are too small (i.e., <= 1e-8) in feature 0 are removed. Consider decreasing the number of bins.
  warnings.warn(
/usr/local/lib/python3.12/site-packages/sklearn/preprocessing/_discretization.py:385: UserWarning: Bins whose width are too small (i.e., <= 1e-8) in feature 0 are removed. Consider decreasing the number of bins.
  warnings.warn(
/usr/local/lib/python3.12/site-packages/sklearn/preprocessing/_discretization.py:385: UserWarning: Bins whose width are too small (i.e., <= 1e-8) in feature 0 are removed. Consider decreasing the number of bins.
  warnings.warn(
/usr/local/lib/python3.12/site-packages/sklearn/preprocessing/_discretization.py:385: UserWarning: Bins whose width are too small (i.e., <= 1e-8) in feature 0 are removed. Consider decreasing the number of bins.
  warnings.warn(
NumberOfTime30-59DaysPastDueNotWorse 80 auto 60 done
/usr/local/lib/python3.12/site-packages/sklearn/preprocessing/_discretization.py:385: UserWarning: Bins whose width are too small (i.e., <= 1e-8) in feature 0 are removed. Consider decreasing the number of bins.
  warnings.warn(
/usr/local/lib/python3.12/site-packages/sklearn/preprocessing/_discretization.py:385: UserWarning: Bins whose width are too small (i.e., <= 1e-8) in feature 0 are removed. Consider decreasing the number of bins.
  warnings.warn(
/usr/local/lib/python3.12/site-packages/sklearn/preprocessing/_discretization.py:385: UserWarning: Bins whose width are too small (i.e., <= 1e-8) in feature 0 are removed. Consider decreasing the number of bins.
  warnings.warn(
/usr/local/lib/python3.12/site-packages/sklearn/preprocessing/_discretization.py:385: UserWarning: Bins whose width are too small (i.e., <= 1e-8) in feature 0 are removed. Consider decreasing the number of bins.
  warnings.warn(
NumberOfTime30-59DaysPastDueNotWorse 80 auto 300 done
/usr/local/lib/python3.12/site-packages/sklearn/preprocessing/_discretization.py:385: UserWarning: Bins whose width are too small (i.e., <= 1e-8) in feature 0 are removed. Consider decreasing the number of bins.
  warnings.warn(
/usr/local/lib/python3.12/site-packages/sklearn/preprocessing/_discretization.py:385: UserWarning: Bins whose width are too small (i.e., <= 1e-8) in feature 0 are removed. Consider decreasing the number of bins.
  warnings.warn(
/usr/local/lib/python3.12/site-packages/sklearn/preprocessing/_discretization.py:385: UserWarning: Bins whose width are too small (i.e., <= 1e-8) in feature 0 are removed. Consider decreasing the number of bins.
  warnings.warn(
/usr/local/lib/python3.12/site-packages/sklearn/preprocessing/_discretization.py:385: UserWarning: Bins whose width are too small (i.e., <= 1e-8) in feature 0 are removed. Consider decreasing the number of bins.
  warnings.warn(
NumberOfTime30-59DaysPastDueNotWorse 80 none 60 done
/usr/local/lib/python3.12/site-packages/sklearn/preprocessing/_discretization.py:385: UserWarning: Bins whose width are too small (i.e., <= 1e-8) in feature 0 are removed. Consider decreasing the number of bins.
  warnings.warn(
/usr/local/lib/python3.12/site-packages/sklearn/preprocessing/_discretization.py:385: UserWarning: Bins whose width are too small (i.e., <= 1e-8) in feature 0 are removed. Consider decreasing the number of bins.
  warnings.warn(
/usr/local/lib/python3.12/site-packages/sklearn/preprocessing/_discretization.py:385: UserWarning: Bins whose width are too small (i.e., <= 1e-8) in feature 0 are removed. Consider decreasing the number of bins.
  warnings.warn(
/usr/local/lib/python3.12/site-packages/sklearn/preprocessing/_discretization.py:385: UserWarning: Bins whose width are too small (i.e., <= 1e-8) in feature 0 are removed. Consider decreasing the number of bins.
  warnings.warn(
NumberOfTime30-59DaysPastDueNotWorse 80 none 300 done
/usr/local/lib/python3.12/site-packages/sklearn/preprocessing/_discretization.py:385: UserWarning: Bins whose width are too small (i.e., <= 1e-8) in feature 0 are removed. Consider decreasing the number of bins.
  warnings.warn(
/usr/local/lib/python3.12/site-packages/sklearn/preprocessing/_discretization.py:385: UserWarning: Bins whose width are too small (i.e., <= 1e-8) in feature 0 are removed. Consider decreasing the number of bins.
  warnings.warn(
/usr/local/lib/python3.12/site-packages/sklearn/preprocessing/_discretization.py:385: UserWarning: Bins whose width are too small (i.e., <= 1e-8) in feature 0 are removed. Consider decreasing the number of bins.
  warnings.warn(
/usr/local/lib/python3.12/site-packages/sklearn/preprocessing/_discretization.py:385: UserWarning: Bins whose width are too small (i.e., <= 1e-8) in feature 0 are removed. Consider decreasing the number of bins.
  warnings.warn(
NumberOfTime30-59DaysPastDueNotWorse 100 auto 60 done
/usr/local/lib/python3.12/site-packages/sklearn/preprocessing/_discretization.py:385: UserWarning: Bins whose width are too small (i.e., <= 1e-8) in feature 0 are removed. Consider decreasing the number of bins.
  warnings.warn(
/usr/local/lib/python3.12/site-packages/sklearn/preprocessing/_discretization.py:385: UserWarning: Bins whose width are too small (i.e., <= 1e-8) in feature 0 are removed. Consider decreasing the number of bins.
  warnings.warn(
/usr/local/lib/python3.12/site-packages/sklearn/preprocessing/_discretization.py:385: UserWarning: Bins whose width are too small (i.e., <= 1e-8) in feature 0 are removed. Consider decreasing the number of bins.
  warnings.warn(
/usr/local/lib/python3.12/site-packages/sklearn/preprocessing/_discretization.py:385: UserWarning: Bins whose width are too small (i.e., <= 1e-8) in feature 0 are removed. Consider decreasing the number of bins.
  warnings.warn(
NumberOfTime30-59DaysPastDueNotWorse 100 auto 300 done
/usr/local/lib/python3.12/site-packages/sklearn/preprocessing/_discretization.py:385: UserWarning: Bins whose width are too small (i.e., <= 1e-8) in feature 0 are removed. Consider decreasing the number of bins.
  warnings.warn(
/usr/local/lib/python3.12/site-packages/sklearn/preprocessing/_discretization.py:385: UserWarning: Bins whose width are too small (i.e., <= 1e-8) in feature 0 are removed. Consider decreasing the number of bins.
  warnings.warn(
/usr/local/lib/python3.12/site-packages/sklearn/preprocessing/_discretization.py:385: UserWarning: Bins whose width are too small (i.e., <= 1e-8) in feature 0 are removed. Consider decreasing the number of bins.
  warnings.warn(
/usr/local/lib/python3.12/site-packages/sklearn/preprocessing/_discretization.py:385: UserWarning: Bins whose width are too small (i.e., <= 1e-8) in feature 0 are removed. Consider decreasing the number of bins.
  warnings.warn(
NumberOfTime30-59DaysPastDueNotWorse 100 none 60 done
/usr/local/lib/python3.12/site-packages/sklearn/preprocessing/_discretization.py:385: UserWarning: Bins whose width are too small (i.e., <= 1e-8) in feature 0 are removed. Consider decreasing the number of bins.
  warnings.warn(
/usr/local/lib/python3.12/site-packages/sklearn/preprocessing/_discretization.py:385: UserWarning: Bins whose width are too small (i.e., <= 1e-8) in feature 0 are removed. Consider decreasing the number of bins.
  warnings.warn(
/usr/local/lib/python3.12/site-packages/sklearn/preprocessing/_discretization.py:385: UserWarning: Bins whose width are too small (i.e., <= 1e-8) in feature 0 are removed. Consider decreasing the number of bins.
  warnings.warn(
/usr/local/lib/python3.12/site-packages/sklearn/preprocessing/_discretization.py:385: UserWarning: Bins whose width are too small (i.e., <= 1e-8) in feature 0 are removed. Consider decreasing the number of bins.
  warnings.warn(
NumberOfTime30-59DaysPastDueNotWorse 100 none 300 done
/usr/local/lib/python3.12/site-packages/sklearn/preprocessing/_discretization.py:385: UserWarning: Bins whose width are too small (i.e., <= 1e-8) in feature 0 are removed. Consider decreasing the number of bins.
  warnings.warn(
/usr/local/lib/python3.12/site-packages/sklearn/preprocessing/_discretization.py:385: UserWarning: Bins whose width are too small (i.e., <= 1e-8) in feature 0 are removed. Consider decreasing the number of bins.
  warnings.warn(
/usr/local/lib/python3.12/site-packages/sklearn/preprocessing/_discretization.py:385: UserWarning: Bins whose width are too small (i.e., <= 1e-8) in feature 0 are removed. Consider decreasing the number of bins.
  warnings.warn(
/usr/local/lib/python3.12/site-packages/sklearn/preprocessing/_discretization.py:385: UserWarning: Bins whose width are too small (i.e., <= 1e-8) in feature 0 are removed. Consider decreasing the number of bins.
  warnings.warn(
NumberRealEstateLoansOrLines 10 auto 60 done
/usr/local/lib/python3.12/site-packages/sklearn/preprocessing/_discretization.py:385: UserWarning: Bins whose width are too small (i.e., <= 1e-8) in feature 0 are removed. Consider decreasing the number of bins.
  warnings.warn(
/usr/local/lib/python3.12/site-packages/sklearn/preprocessing/_discretization.py:385: UserWarning: Bins whose width are too small (i.e., <= 1e-8) in feature 0 are removed. Consider decreasing the number of bins.
  warnings.warn(
/usr/local/lib/python3.12/site-packages/sklearn/preprocessing/_discretization.py:385: UserWarning: Bins whose width are too small (i.e., <= 1e-8) in feature 0 are removed. Consider decreasing the number of bins.
  warnings.warn(
/usr/local/lib/python3.12/site-packages/sklearn/preprocessing/_discretization.py:385: UserWarning: Bins whose width are too small (i.e., <= 1e-8) in feature 0 are removed. Consider decreasing the number of bins.
  warnings.warn(
NumberRealEstateLoansOrLines 10 auto 300 done
/usr/local/lib/python3.12/site-packages/sklearn/preprocessing/_discretization.py:385: UserWarning: Bins whose width are too small (i.e., <= 1e-8) in feature 0 are removed. Consider decreasing the number of bins.
  warnings.warn(
/usr/local/lib/python3.12/site-packages/sklearn/preprocessing/_discretization.py:385: UserWarning: Bins whose width are too small (i.e., <= 1e-8) in feature 0 are removed. Consider decreasing the number of bins.
  warnings.warn(
/usr/local/lib/python3.12/site-packages/sklearn/preprocessing/_discretization.py:385: UserWarning: Bins whose width are too small (i.e., <= 1e-8) in feature 0 are removed. Consider decreasing the number of bins.
  warnings.warn(
/usr/local/lib/python3.12/site-packages/sklearn/preprocessing/_discretization.py:385: UserWarning: Bins whose width are too small (i.e., <= 1e-8) in feature 0 are removed. Consider decreasing the number of bins.
  warnings.warn(
NumberRealEstateLoansOrLines 10 none 60 done
/usr/local/lib/python3.12/site-packages/sklearn/preprocessing/_discretization.py:385: UserWarning: Bins whose width are too small (i.e., <= 1e-8) in feature 0 are removed. Consider decreasing the number of bins.
  warnings.warn(
/usr/local/lib/python3.12/site-packages/sklearn/preprocessing/_discretization.py:385: UserWarning: Bins whose width are too small (i.e., <= 1e-8) in feature 0 are removed. Consider decreasing the number of bins.
  warnings.warn(
/usr/local/lib/python3.12/site-packages/sklearn/preprocessing/_discretization.py:385: UserWarning: Bins whose width are too small (i.e., <= 1e-8) in feature 0 are removed. Consider decreasing the number of bins.
  warnings.warn(
/usr/local/lib/python3.12/site-packages/sklearn/preprocessing/_discretization.py:385: UserWarning: Bins whose width are too small (i.e., <= 1e-8) in feature 0 are removed. Consider decreasing the number of bins.
  warnings.warn(
NumberRealEstateLoansOrLines 10 none 300 done
/usr/local/lib/python3.12/site-packages/sklearn/preprocessing/_discretization.py:385: UserWarning: Bins whose width are too small (i.e., <= 1e-8) in feature 0 are removed. Consider decreasing the number of bins.
  warnings.warn(
/usr/local/lib/python3.12/site-packages/sklearn/preprocessing/_discretization.py:385: UserWarning: Bins whose width are too small (i.e., <= 1e-8) in feature 0 are removed. Consider decreasing the number of bins.
  warnings.warn(
/usr/local/lib/python3.12/site-packages/sklearn/preprocessing/_discretization.py:385: UserWarning: Bins whose width are too small (i.e., <= 1e-8) in feature 0 are removed. Consider decreasing the number of bins.
  warnings.warn(
/usr/local/lib/python3.12/site-packages/sklearn/preprocessing/_discretization.py:385: UserWarning: Bins whose width are too small (i.e., <= 1e-8) in feature 0 are removed. Consider decreasing the number of bins.
  warnings.warn(
NumberRealEstateLoansOrLines 20 auto 60 done
/usr/local/lib/python3.12/site-packages/sklearn/preprocessing/_discretization.py:385: UserWarning: Bins whose width are too small (i.e., <= 1e-8) in feature 0 are removed. Consider decreasing the number of bins.
  warnings.warn(
/usr/local/lib/python3.12/site-packages/sklearn/preprocessing/_discretization.py:385: UserWarning: Bins whose width are too small (i.e., <= 1e-8) in feature 0 are removed. Consider decreasing the number of bins.
  warnings.warn(
/usr/local/lib/python3.12/site-packages/sklearn/preprocessing/_discretization.py:385: UserWarning: Bins whose width are too small (i.e., <= 1e-8) in feature 0 are removed. Consider decreasing the number of bins.
  warnings.warn(
/usr/local/lib/python3.12/site-packages/sklearn/preprocessing/_discretization.py:385: UserWarning: Bins whose width are too small (i.e., <= 1e-8) in feature 0 are removed. Consider decreasing the number of bins.
  warnings.warn(
NumberRealEstateLoansOrLines 20 auto 300 done
/usr/local/lib/python3.12/site-packages/sklearn/preprocessing/_discretization.py:385: UserWarning: Bins whose width are too small (i.e., <= 1e-8) in feature 0 are removed. Consider decreasing the number of bins.
  warnings.warn(
/usr/local/lib/python3.12/site-packages/sklearn/preprocessing/_discretization.py:385: UserWarning: Bins whose width are too small (i.e., <= 1e-8) in feature 0 are removed. Consider decreasing the number of bins.
  warnings.warn(
/usr/local/lib/python3.12/site-packages/sklearn/preprocessing/_discretization.py:385: UserWarning: Bins whose width are too small (i.e., <= 1e-8) in feature 0 are removed. Consider decreasing the number of bins.
  warnings.warn(
/usr/local/lib/python3.12/site-packages/sklearn/preprocessing/_discretization.py:385: UserWarning: Bins whose width are too small (i.e., <= 1e-8) in feature 0 are removed. Consider decreasing the number of bins.
  warnings.warn(
NumberRealEstateLoansOrLines 20 none 60 done
/usr/local/lib/python3.12/site-packages/sklearn/preprocessing/_discretization.py:385: UserWarning: Bins whose width are too small (i.e., <= 1e-8) in feature 0 are removed. Consider decreasing the number of bins.
  warnings.warn(
/usr/local/lib/python3.12/site-packages/sklearn/preprocessing/_discretization.py:385: UserWarning: Bins whose width are too small (i.e., <= 1e-8) in feature 0 are removed. Consider decreasing the number of bins.
  warnings.warn(
/usr/local/lib/python3.12/site-packages/sklearn/preprocessing/_discretization.py:385: UserWarning: Bins whose width are too small (i.e., <= 1e-8) in feature 0 are removed. Consider decreasing the number of bins.
  warnings.warn(
/usr/local/lib/python3.12/site-packages/sklearn/preprocessing/_discretization.py:385: UserWarning: Bins whose width are too small (i.e., <= 1e-8) in feature 0 are removed. Consider decreasing the number of bins.
  warnings.warn(
NumberRealEstateLoansOrLines 20 none 300 done
/usr/local/lib/python3.12/site-packages/sklearn/preprocessing/_discretization.py:385: UserWarning: Bins whose width are too small (i.e., <= 1e-8) in feature 0 are removed. Consider decreasing the number of bins.
  warnings.warn(
/usr/local/lib/python3.12/site-packages/sklearn/preprocessing/_discretization.py:385: UserWarning: Bins whose width are too small (i.e., <= 1e-8) in feature 0 are removed. Consider decreasing the number of bins.
  warnings.warn(
/usr/local/lib/python3.12/site-packages/sklearn/preprocessing/_discretization.py:385: UserWarning: Bins whose width are too small (i.e., <= 1e-8) in feature 0 are removed. Consider decreasing the number of bins.
  warnings.warn(
/usr/local/lib/python3.12/site-packages/sklearn/preprocessing/_discretization.py:385: UserWarning: Bins whose width are too small (i.e., <= 1e-8) in feature 0 are removed. Consider decreasing the number of bins.
  warnings.warn(
NumberRealEstateLoansOrLines 40 auto 60 done
/usr/local/lib/python3.12/site-packages/sklearn/preprocessing/_discretization.py:385: UserWarning: Bins whose width are too small (i.e., <= 1e-8) in feature 0 are removed. Consider decreasing the number of bins.
  warnings.warn(
/usr/local/lib/python3.12/site-packages/sklearn/preprocessing/_discretization.py:385: UserWarning: Bins whose width are too small (i.e., <= 1e-8) in feature 0 are removed. Consider decreasing the number of bins.
  warnings.warn(
/usr/local/lib/python3.12/site-packages/sklearn/preprocessing/_discretization.py:385: UserWarning: Bins whose width are too small (i.e., <= 1e-8) in feature 0 are removed. Consider decreasing the number of bins.
  warnings.warn(
/usr/local/lib/python3.12/site-packages/sklearn/preprocessing/_discretization.py:385: UserWarning: Bins whose width are too small (i.e., <= 1e-8) in feature 0 are removed. Consider decreasing the number of bins.
  warnings.warn(
NumberRealEstateLoansOrLines 40 auto 300 done
/usr/local/lib/python3.12/site-packages/sklearn/preprocessing/_discretization.py:385: UserWarning: Bins whose width are too small (i.e., <= 1e-8) in feature 0 are removed. Consider decreasing the number of bins.
  warnings.warn(
/usr/local/lib/python3.12/site-packages/sklearn/preprocessing/_discretization.py:385: UserWarning: Bins whose width are too small (i.e., <= 1e-8) in feature 0 are removed. Consider decreasing the number of bins.
  warnings.warn(
/usr/local/lib/python3.12/site-packages/sklearn/preprocessing/_discretization.py:385: UserWarning: Bins whose width are too small (i.e., <= 1e-8) in feature 0 are removed. Consider decreasing the number of bins.
  warnings.warn(
/usr/local/lib/python3.12/site-packages/sklearn/preprocessing/_discretization.py:385: UserWarning: Bins whose width are too small (i.e., <= 1e-8) in feature 0 are removed. Consider decreasing the number of bins.
  warnings.warn(
NumberRealEstateLoansOrLines 40 none 60 done
/usr/local/lib/python3.12/site-packages/sklearn/preprocessing/_discretization.py:385: UserWarning: Bins whose width are too small (i.e., <= 1e-8) in feature 0 are removed. Consider decreasing the number of bins.
  warnings.warn(
/usr/local/lib/python3.12/site-packages/sklearn/preprocessing/_discretization.py:385: UserWarning: Bins whose width are too small (i.e., <= 1e-8) in feature 0 are removed. Consider decreasing the number of bins.
  warnings.warn(
/usr/local/lib/python3.12/site-packages/sklearn/preprocessing/_discretization.py:385: UserWarning: Bins whose width are too small (i.e., <= 1e-8) in feature 0 are removed. Consider decreasing the number of bins.
  warnings.warn(
/usr/local/lib/python3.12/site-packages/sklearn/preprocessing/_discretization.py:385: UserWarning: Bins whose width are too small (i.e., <= 1e-8) in feature 0 are removed. Consider decreasing the number of bins.
  warnings.warn(
NumberRealEstateLoansOrLines 40 none 300 done
/usr/local/lib/python3.12/site-packages/sklearn/preprocessing/_discretization.py:385: UserWarning: Bins whose width are too small (i.e., <= 1e-8) in feature 0 are removed. Consider decreasing the number of bins.
  warnings.warn(
/usr/local/lib/python3.12/site-packages/sklearn/preprocessing/_discretization.py:385: UserWarning: Bins whose width are too small (i.e., <= 1e-8) in feature 0 are removed. Consider decreasing the number of bins.
  warnings.warn(
/usr/local/lib/python3.12/site-packages/sklearn/preprocessing/_discretization.py:385: UserWarning: Bins whose width are too small (i.e., <= 1e-8) in feature 0 are removed. Consider decreasing the number of bins.
  warnings.warn(
/usr/local/lib/python3.12/site-packages/sklearn/preprocessing/_discretization.py:385: UserWarning: Bins whose width are too small (i.e., <= 1e-8) in feature 0 are removed. Consider decreasing the number of bins.
  warnings.warn(
NumberRealEstateLoansOrLines 60 auto 60 done
/usr/local/lib/python3.12/site-packages/sklearn/preprocessing/_discretization.py:385: UserWarning: Bins whose width are too small (i.e., <= 1e-8) in feature 0 are removed. Consider decreasing the number of bins.
  warnings.warn(
/usr/local/lib/python3.12/site-packages/sklearn/preprocessing/_discretization.py:385: UserWarning: Bins whose width are too small (i.e., <= 1e-8) in feature 0 are removed. Consider decreasing the number of bins.
  warnings.warn(
/usr/local/lib/python3.12/site-packages/sklearn/preprocessing/_discretization.py:385: UserWarning: Bins whose width are too small (i.e., <= 1e-8) in feature 0 are removed. Consider decreasing the number of bins.
  warnings.warn(
/usr/local/lib/python3.12/site-packages/sklearn/preprocessing/_discretization.py:385: UserWarning: Bins whose width are too small (i.e., <= 1e-8) in feature 0 are removed. Consider decreasing the number of bins.
  warnings.warn(
NumberRealEstateLoansOrLines 60 auto 300 done
/usr/local/lib/python3.12/site-packages/sklearn/preprocessing/_discretization.py:385: UserWarning: Bins whose width are too small (i.e., <= 1e-8) in feature 0 are removed. Consider decreasing the number of bins.
  warnings.warn(
/usr/local/lib/python3.12/site-packages/sklearn/preprocessing/_discretization.py:385: UserWarning: Bins whose width are too small (i.e., <= 1e-8) in feature 0 are removed. Consider decreasing the number of bins.
  warnings.warn(
/usr/local/lib/python3.12/site-packages/sklearn/preprocessing/_discretization.py:385: UserWarning: Bins whose width are too small (i.e., <= 1e-8) in feature 0 are removed. Consider decreasing the number of bins.
  warnings.warn(
/usr/local/lib/python3.12/site-packages/sklearn/preprocessing/_discretization.py:385: UserWarning: Bins whose width are too small (i.e., <= 1e-8) in feature 0 are removed. Consider decreasing the number of bins.
  warnings.warn(
NumberRealEstateLoansOrLines 60 none 60 done
/usr/local/lib/python3.12/site-packages/sklearn/preprocessing/_discretization.py:385: UserWarning: Bins whose width are too small (i.e., <= 1e-8) in feature 0 are removed. Consider decreasing the number of bins.
  warnings.warn(
/usr/local/lib/python3.12/site-packages/sklearn/preprocessing/_discretization.py:385: UserWarning: Bins whose width are too small (i.e., <= 1e-8) in feature 0 are removed. Consider decreasing the number of bins.
  warnings.warn(
/usr/local/lib/python3.12/site-packages/sklearn/preprocessing/_discretization.py:385: UserWarning: Bins whose width are too small (i.e., <= 1e-8) in feature 0 are removed. Consider decreasing the number of bins.
  warnings.warn(
/usr/local/lib/python3.12/site-packages/sklearn/preprocessing/_discretization.py:385: UserWarning: Bins whose width are too small (i.e., <= 1e-8) in feature 0 are removed. Consider decreasing the number of bins.
  warnings.warn(
NumberRealEstateLoansOrLines 60 none 300 done
/usr/local/lib/python3.12/site-packages/sklearn/preprocessing/_discretization.py:385: UserWarning: Bins whose width are too small (i.e., <= 1e-8) in feature 0 are removed. Consider decreasing the number of bins.
  warnings.warn(
/usr/local/lib/python3.12/site-packages/sklearn/preprocessing/_discretization.py:385: UserWarning: Bins whose width are too small (i.e., <= 1e-8) in feature 0 are removed. Consider decreasing the number of bins.
  warnings.warn(
/usr/local/lib/python3.12/site-packages/sklearn/preprocessing/_discretization.py:385: UserWarning: Bins whose width are too small (i.e., <= 1e-8) in feature 0 are removed. Consider decreasing the number of bins.
  warnings.warn(
/usr/local/lib/python3.12/site-packages/sklearn/preprocessing/_discretization.py:385: UserWarning: Bins whose width are too small (i.e., <= 1e-8) in feature 0 are removed. Consider decreasing the number of bins.
  warnings.warn(
NumberRealEstateLoansOrLines 80 auto 60 done
/usr/local/lib/python3.12/site-packages/sklearn/preprocessing/_discretization.py:385: UserWarning: Bins whose width are too small (i.e., <= 1e-8) in feature 0 are removed. Consider decreasing the number of bins.
  warnings.warn(
/usr/local/lib/python3.12/site-packages/sklearn/preprocessing/_discretization.py:385: UserWarning: Bins whose width are too small (i.e., <= 1e-8) in feature 0 are removed. Consider decreasing the number of bins.
  warnings.warn(
/usr/local/lib/python3.12/site-packages/sklearn/preprocessing/_discretization.py:385: UserWarning: Bins whose width are too small (i.e., <= 1e-8) in feature 0 are removed. Consider decreasing the number of bins.
  warnings.warn(
/usr/local/lib/python3.12/site-packages/sklearn/preprocessing/_discretization.py:385: UserWarning: Bins whose width are too small (i.e., <= 1e-8) in feature 0 are removed. Consider decreasing the number of bins.
  warnings.warn(
NumberRealEstateLoansOrLines 80 auto 300 done
/usr/local/lib/python3.12/site-packages/sklearn/preprocessing/_discretization.py:385: UserWarning: Bins whose width are too small (i.e., <= 1e-8) in feature 0 are removed. Consider decreasing the number of bins.
  warnings.warn(
/usr/local/lib/python3.12/site-packages/sklearn/preprocessing/_discretization.py:385: UserWarning: Bins whose width are too small (i.e., <= 1e-8) in feature 0 are removed. Consider decreasing the number of bins.
  warnings.warn(
/usr/local/lib/python3.12/site-packages/sklearn/preprocessing/_discretization.py:385: UserWarning: Bins whose width are too small (i.e., <= 1e-8) in feature 0 are removed. Consider decreasing the number of bins.
  warnings.warn(
/usr/local/lib/python3.12/site-packages/sklearn/preprocessing/_discretization.py:385: UserWarning: Bins whose width are too small (i.e., <= 1e-8) in feature 0 are removed. Consider decreasing the number of bins.
  warnings.warn(
NumberRealEstateLoansOrLines 80 none 60 done
/usr/local/lib/python3.12/site-packages/sklearn/preprocessing/_discretization.py:385: UserWarning: Bins whose width are too small (i.e., <= 1e-8) in feature 0 are removed. Consider decreasing the number of bins.
  warnings.warn(
/usr/local/lib/python3.12/site-packages/sklearn/preprocessing/_discretization.py:385: UserWarning: Bins whose width are too small (i.e., <= 1e-8) in feature 0 are removed. Consider decreasing the number of bins.
  warnings.warn(
/usr/local/lib/python3.12/site-packages/sklearn/preprocessing/_discretization.py:385: UserWarning: Bins whose width are too small (i.e., <= 1e-8) in feature 0 are removed. Consider decreasing the number of bins.
  warnings.warn(
/usr/local/lib/python3.12/site-packages/sklearn/preprocessing/_discretization.py:385: UserWarning: Bins whose width are too small (i.e., <= 1e-8) in feature 0 are removed. Consider decreasing the number of bins.
  warnings.warn(
NumberRealEstateLoansOrLines 80 none 300 done
/usr/local/lib/python3.12/site-packages/sklearn/preprocessing/_discretization.py:385: UserWarning: Bins whose width are too small (i.e., <= 1e-8) in feature 0 are removed. Consider decreasing the number of bins.
  warnings.warn(
/usr/local/lib/python3.12/site-packages/sklearn/preprocessing/_discretization.py:385: UserWarning: Bins whose width are too small (i.e., <= 1e-8) in feature 0 are removed. Consider decreasing the number of bins.
  warnings.warn(
/usr/local/lib/python3.12/site-packages/sklearn/preprocessing/_discretization.py:385: UserWarning: Bins whose width are too small (i.e., <= 1e-8) in feature 0 are removed. Consider decreasing the number of bins.
  warnings.warn(
/usr/local/lib/python3.12/site-packages/sklearn/preprocessing/_discretization.py:385: UserWarning: Bins whose width are too small (i.e., <= 1e-8) in feature 0 are removed. Consider decreasing the number of bins.
  warnings.warn(
NumberRealEstateLoansOrLines 100 auto 60 done
/usr/local/lib/python3.12/site-packages/sklearn/preprocessing/_discretization.py:385: UserWarning: Bins whose width are too small (i.e., <= 1e-8) in feature 0 are removed. Consider decreasing the number of bins.
  warnings.warn(
/usr/local/lib/python3.12/site-packages/sklearn/preprocessing/_discretization.py:385: UserWarning: Bins whose width are too small (i.e., <= 1e-8) in feature 0 are removed. Consider decreasing the number of bins.
  warnings.warn(
/usr/local/lib/python3.12/site-packages/sklearn/preprocessing/_discretization.py:385: UserWarning: Bins whose width are too small (i.e., <= 1e-8) in feature 0 are removed. Consider decreasing the number of bins.
  warnings.warn(
/usr/local/lib/python3.12/site-packages/sklearn/preprocessing/_discretization.py:385: UserWarning: Bins whose width are too small (i.e., <= 1e-8) in feature 0 are removed. Consider decreasing the number of bins.
  warnings.warn(
NumberRealEstateLoansOrLines 100 auto 300 done
/usr/local/lib/python3.12/site-packages/sklearn/preprocessing/_discretization.py:385: UserWarning: Bins whose width are too small (i.e., <= 1e-8) in feature 0 are removed. Consider decreasing the number of bins.
  warnings.warn(
/usr/local/lib/python3.12/site-packages/sklearn/preprocessing/_discretization.py:385: UserWarning: Bins whose width are too small (i.e., <= 1e-8) in feature 0 are removed. Consider decreasing the number of bins.
  warnings.warn(
/usr/local/lib/python3.12/site-packages/sklearn/preprocessing/_discretization.py:385: UserWarning: Bins whose width are too small (i.e., <= 1e-8) in feature 0 are removed. Consider decreasing the number of bins.
  warnings.warn(
/usr/local/lib/python3.12/site-packages/sklearn/preprocessing/_discretization.py:385: UserWarning: Bins whose width are too small (i.e., <= 1e-8) in feature 0 are removed. Consider decreasing the number of bins.
  warnings.warn(
NumberRealEstateLoansOrLines 100 none 60 done
/usr/local/lib/python3.12/site-packages/sklearn/preprocessing/_discretization.py:385: UserWarning: Bins whose width are too small (i.e., <= 1e-8) in feature 0 are removed. Consider decreasing the number of bins.
  warnings.warn(
/usr/local/lib/python3.12/site-packages/sklearn/preprocessing/_discretization.py:385: UserWarning: Bins whose width are too small (i.e., <= 1e-8) in feature 0 are removed. Consider decreasing the number of bins.
  warnings.warn(
/usr/local/lib/python3.12/site-packages/sklearn/preprocessing/_discretization.py:385: UserWarning: Bins whose width are too small (i.e., <= 1e-8) in feature 0 are removed. Consider decreasing the number of bins.
  warnings.warn(
/usr/local/lib/python3.12/site-packages/sklearn/preprocessing/_discretization.py:385: UserWarning: Bins whose width are too small (i.e., <= 1e-8) in feature 0 are removed. Consider decreasing the number of bins.
  warnings.warn(
NumberRealEstateLoansOrLines 100 none 300 done
DebtRatio 10 auto 60 done
DebtRatio 10 auto 300 done
DebtRatio 10 none 60 done
DebtRatio 10 none 300 done
DebtRatio 20 auto 60 done
DebtRatio 20 auto 300 done
DebtRatio 20 none 60 done
DebtRatio 20 none 300 done
/usr/local/lib/python3.12/site-packages/sklearn/preprocessing/_discretization.py:385: UserWarning: Bins whose width are too small (i.e., <= 1e-8) in feature 0 are removed. Consider decreasing the number of bins.
  warnings.warn(
/usr/local/lib/python3.12/site-packages/sklearn/preprocessing/_discretization.py:385: UserWarning: Bins whose width are too small (i.e., <= 1e-8) in feature 0 are removed. Consider decreasing the number of bins.
  warnings.warn(
/usr/local/lib/python3.12/site-packages/sklearn/preprocessing/_discretization.py:385: UserWarning: Bins whose width are too small (i.e., <= 1e-8) in feature 0 are removed. Consider decreasing the number of bins.
  warnings.warn(
/usr/local/lib/python3.12/site-packages/sklearn/preprocessing/_discretization.py:385: UserWarning: Bins whose width are too small (i.e., <= 1e-8) in feature 0 are removed. Consider decreasing the number of bins.
  warnings.warn(
DebtRatio 40 auto 60 done
/usr/local/lib/python3.12/site-packages/sklearn/preprocessing/_discretization.py:385: UserWarning: Bins whose width are too small (i.e., <= 1e-8) in feature 0 are removed. Consider decreasing the number of bins.
  warnings.warn(
/usr/local/lib/python3.12/site-packages/sklearn/preprocessing/_discretization.py:385: UserWarning: Bins whose width are too small (i.e., <= 1e-8) in feature 0 are removed. Consider decreasing the number of bins.
  warnings.warn(
/usr/local/lib/python3.12/site-packages/sklearn/preprocessing/_discretization.py:385: UserWarning: Bins whose width are too small (i.e., <= 1e-8) in feature 0 are removed. Consider decreasing the number of bins.
  warnings.warn(
/usr/local/lib/python3.12/site-packages/sklearn/preprocessing/_discretization.py:385: UserWarning: Bins whose width are too small (i.e., <= 1e-8) in feature 0 are removed. Consider decreasing the number of bins.
  warnings.warn(
DebtRatio 40 auto 300 done
/usr/local/lib/python3.12/site-packages/sklearn/preprocessing/_discretization.py:385: UserWarning: Bins whose width are too small (i.e., <= 1e-8) in feature 0 are removed. Consider decreasing the number of bins.
  warnings.warn(
/usr/local/lib/python3.12/site-packages/sklearn/preprocessing/_discretization.py:385: UserWarning: Bins whose width are too small (i.e., <= 1e-8) in feature 0 are removed. Consider decreasing the number of bins.
  warnings.warn(
/usr/local/lib/python3.12/site-packages/sklearn/preprocessing/_discretization.py:385: UserWarning: Bins whose width are too small (i.e., <= 1e-8) in feature 0 are removed. Consider decreasing the number of bins.
  warnings.warn(
/usr/local/lib/python3.12/site-packages/sklearn/preprocessing/_discretization.py:385: UserWarning: Bins whose width are too small (i.e., <= 1e-8) in feature 0 are removed. Consider decreasing the number of bins.
  warnings.warn(
DebtRatio 40 none 60 done
/usr/local/lib/python3.12/site-packages/sklearn/preprocessing/_discretization.py:385: UserWarning: Bins whose width are too small (i.e., <= 1e-8) in feature 0 are removed. Consider decreasing the number of bins.
  warnings.warn(
/usr/local/lib/python3.12/site-packages/sklearn/preprocessing/_discretization.py:385: UserWarning: Bins whose width are too small (i.e., <= 1e-8) in feature 0 are removed. Consider decreasing the number of bins.
  warnings.warn(
/usr/local/lib/python3.12/site-packages/sklearn/preprocessing/_discretization.py:385: UserWarning: Bins whose width are too small (i.e., <= 1e-8) in feature 0 are removed. Consider decreasing the number of bins.
  warnings.warn(
/usr/local/lib/python3.12/site-packages/sklearn/preprocessing/_discretization.py:385: UserWarning: Bins whose width are too small (i.e., <= 1e-8) in feature 0 are removed. Consider decreasing the number of bins.
  warnings.warn(
DebtRatio 40 none 300 done
/usr/local/lib/python3.12/site-packages/sklearn/preprocessing/_discretization.py:385: UserWarning: Bins whose width are too small (i.e., <= 1e-8) in feature 0 are removed. Consider decreasing the number of bins.
  warnings.warn(
E0000 00:00:1785863940.076860  322646 linear_solver.cc:2026] No solution exists. MPSolverInterface::result_status_ = MPSOLVER_NOT_SOLVED
/usr/local/lib/python3.12/site-packages/sklearn/preprocessing/_discretization.py:385: UserWarning: Bins whose width are too small (i.e., <= 1e-8) in feature 0 are removed. Consider decreasing the number of bins.
  warnings.warn(
/usr/local/lib/python3.12/site-packages/sklearn/preprocessing/_discretization.py:385: UserWarning: Bins whose width are too small (i.e., <= 1e-8) in feature 0 are removed. Consider decreasing the number of bins.
  warnings.warn(
E0000 00:00:1785864006.287337  322646 linear_solver.cc:2026] No solution exists. MPSolverInterface::result_status_ = MPSOLVER_NOT_SOLVED
/usr/local/lib/python3.12/site-packages/sklearn/preprocessing/_discretization.py:385: UserWarning: Bins whose width are too small (i.e., <= 1e-8) in feature 0 are removed. Consider decreasing the number of bins.
  warnings.warn(
E0000 00:00:1785864063.425187  322646 linear_solver.cc:2026] No solution exists. MPSolverInterface::result_status_ = MPSOLVER_NOT_SOLVED
DebtRatio 60 auto 60 done
/usr/local/lib/python3.12/site-packages/sklearn/preprocessing/_discretization.py:385: UserWarning: Bins whose width are too small (i.e., <= 1e-8) in feature 0 are removed. Consider decreasing the number of bins.
  warnings.warn(
/usr/local/lib/python3.12/site-packages/sklearn/preprocessing/_discretization.py:385: UserWarning: Bins whose width are too small (i.e., <= 1e-8) in feature 0 are removed. Consider decreasing the number of bins.
  warnings.warn(
/usr/local/lib/python3.12/site-packages/sklearn/preprocessing/_discretization.py:385: UserWarning: Bins whose width are too small (i.e., <= 1e-8) in feature 0 are removed. Consider decreasing the number of bins.
  warnings.warn(
/usr/local/lib/python3.12/site-packages/sklearn/preprocessing/_discretization.py:385: UserWarning: Bins whose width are too small (i.e., <= 1e-8) in feature 0 are removed. Consider decreasing the number of bins.
  warnings.warn(
DebtRatio 60 auto 300 done
/usr/local/lib/python3.12/site-packages/sklearn/preprocessing/_discretization.py:385: UserWarning: Bins whose width are too small (i.e., <= 1e-8) in feature 0 are removed. Consider decreasing the number of bins.
  warnings.warn(
/usr/local/lib/python3.12/site-packages/sklearn/preprocessing/_discretization.py:385: UserWarning: Bins whose width are too small (i.e., <= 1e-8) in feature 0 are removed. Consider decreasing the number of bins.
  warnings.warn(
/usr/local/lib/python3.12/site-packages/sklearn/preprocessing/_discretization.py:385: UserWarning: Bins whose width are too small (i.e., <= 1e-8) in feature 0 are removed. Consider decreasing the number of bins.
  warnings.warn(
/usr/local/lib/python3.12/site-packages/sklearn/preprocessing/_discretization.py:385: UserWarning: Bins whose width are too small (i.e., <= 1e-8) in feature 0 are removed. Consider decreasing the number of bins.
  warnings.warn(
DebtRatio 60 none 60 done
/usr/local/lib/python3.12/site-packages/sklearn/preprocessing/_discretization.py:385: UserWarning: Bins whose width are too small (i.e., <= 1e-8) in feature 0 are removed. Consider decreasing the number of bins.
  warnings.warn(
/usr/local/lib/python3.12/site-packages/sklearn/preprocessing/_discretization.py:385: UserWarning: Bins whose width are too small (i.e., <= 1e-8) in feature 0 are removed. Consider decreasing the number of bins.
  warnings.warn(
/usr/local/lib/python3.12/site-packages/sklearn/preprocessing/_discretization.py:385: UserWarning: Bins whose width are too small (i.e., <= 1e-8) in feature 0 are removed. Consider decreasing the number of bins.
  warnings.warn(
/usr/local/lib/python3.12/site-packages/sklearn/preprocessing/_discretization.py:385: UserWarning: Bins whose width are too small (i.e., <= 1e-8) in feature 0 are removed. Consider decreasing the number of bins.
  warnings.warn(
DebtRatio 60 none 300 done
/usr/local/lib/python3.12/site-packages/sklearn/preprocessing/_discretization.py:385: UserWarning: Bins whose width are too small (i.e., <= 1e-8) in feature 0 are removed. Consider decreasing the number of bins.
  warnings.warn(
E0000 00:00:1785865026.874534  322646 linear_solver.cc:2026] No solution exists. MPSolverInterface::result_status_ = MPSOLVER_NOT_SOLVED
/usr/local/lib/python3.12/site-packages/sklearn/preprocessing/_discretization.py:385: UserWarning: Bins whose width are too small (i.e., <= 1e-8) in feature 0 are removed. Consider decreasing the number of bins.
  warnings.warn(
/usr/local/lib/python3.12/site-packages/sklearn/preprocessing/_discretization.py:385: UserWarning: Bins whose width are too small (i.e., <= 1e-8) in feature 0 are removed. Consider decreasing the number of bins.
  warnings.warn(
E0000 00:00:1785865104.987637  322646 linear_solver.cc:2026] No solution exists. MPSolverInterface::result_status_ = MPSOLVER_NOT_SOLVED
/usr/local/lib/python3.12/site-packages/sklearn/preprocessing/_discretization.py:385: UserWarning: Bins whose width are too small (i.e., <= 1e-8) in feature 0 are removed. Consider decreasing the number of bins.
  warnings.warn(
E0000 00:00:1785865159.341931  322646 linear_solver.cc:2026] No solution exists. MPSolverInterface::result_status_ = MPSOLVER_NOT_SOLVED
DebtRatio 80 auto 60 done
/usr/local/lib/python3.12/site-packages/sklearn/preprocessing/_discretization.py:385: UserWarning: Bins whose width are too small (i.e., <= 1e-8) in feature 0 are removed. Consider decreasing the number of bins.
  warnings.warn(
E0000 00:00:1785865458.282661  322646 linear_solver.cc:2026] No solution exists. MPSolverInterface::result_status_ = MPSOLVER_NOT_SOLVED
/usr/local/lib/python3.12/site-packages/sklearn/preprocessing/_discretization.py:385: UserWarning: Bins whose width are too small (i.e., <= 1e-8) in feature 0 are removed. Consider decreasing the number of bins.
  warnings.warn(
/usr/local/lib/python3.12/site-packages/sklearn/preprocessing/_discretization.py:385: UserWarning: Bins whose width are too small (i.e., <= 1e-8) in feature 0 are removed. Consider decreasing the number of bins.
  warnings.warn(
E0000 00:00:1785865776.624453  322646 linear_solver.cc:2026] No solution exists. MPSolverInterface::result_status_ = MPSOLVER_NOT_SOLVED
/usr/local/lib/python3.12/site-packages/sklearn/preprocessing/_discretization.py:385: UserWarning: Bins whose width are too small (i.e., <= 1e-8) in feature 0 are removed. Consider decreasing the number of bins.
  warnings.warn(
E0000 00:00:1785866071.367278  322646 linear_solver.cc:2026] No solution exists. MPSolverInterface::result_status_ = MPSOLVER_NOT_SOLVED
DebtRatio 80 auto 300 done
/usr/local/lib/python3.12/site-packages/sklearn/preprocessing/_discretization.py:385: UserWarning: Bins whose width are too small (i.e., <= 1e-8) in feature 0 are removed. Consider decreasing the number of bins.
  warnings.warn(
/usr/local/lib/python3.12/site-packages/sklearn/preprocessing/_discretization.py:385: UserWarning: Bins whose width are too small (i.e., <= 1e-8) in feature 0 are removed. Consider decreasing the number of bins.
  warnings.warn(
/usr/local/lib/python3.12/site-packages/sklearn/preprocessing/_discretization.py:385: UserWarning: Bins whose width are too small (i.e., <= 1e-8) in feature 0 are removed. Consider decreasing the number of bins.
  warnings.warn(
/usr/local/lib/python3.12/site-packages/sklearn/preprocessing/_discretization.py:385: UserWarning: Bins whose width are too small (i.e., <= 1e-8) in feature 0 are removed. Consider decreasing the number of bins.
  warnings.warn(
DebtRatio 80 none 60 done
/usr/local/lib/python3.12/site-packages/sklearn/preprocessing/_discretization.py:385: UserWarning: Bins whose width are too small (i.e., <= 1e-8) in feature 0 are removed. Consider decreasing the number of bins.
  warnings.warn(
/usr/local/lib/python3.12/site-packages/sklearn/preprocessing/_discretization.py:385: UserWarning: Bins whose width are too small (i.e., <= 1e-8) in feature 0 are removed. Consider decreasing the number of bins.
  warnings.warn(
/usr/local/lib/python3.12/site-packages/sklearn/preprocessing/_discretization.py:385: UserWarning: Bins whose width are too small (i.e., <= 1e-8) in feature 0 are removed. Consider decreasing the number of bins.
  warnings.warn(
/usr/local/lib/python3.12/site-packages/sklearn/preprocessing/_discretization.py:385: UserWarning: Bins whose width are too small (i.e., <= 1e-8) in feature 0 are removed. Consider decreasing the number of bins.
  warnings.warn(
DebtRatio 80 none 300 done
/usr/local/lib/python3.12/site-packages/sklearn/preprocessing/_discretization.py:385: UserWarning: Bins whose width are too small (i.e., <= 1e-8) in feature 0 are removed. Consider decreasing the number of bins.
  warnings.warn(
E0000 00:00:1785866169.760145  322646 linear_solver.cc:2026] No solution exists. MPSolverInterface::result_status_ = MPSOLVER_NOT_SOLVED
/usr/local/lib/python3.12/site-packages/sklearn/preprocessing/_discretization.py:385: UserWarning: Bins whose width are too small (i.e., <= 1e-8) in feature 0 are removed. Consider decreasing the number of bins.
  warnings.warn(
/usr/local/lib/python3.12/site-packages/sklearn/preprocessing/_discretization.py:385: UserWarning: Bins whose width are too small (i.e., <= 1e-8) in feature 0 are removed. Consider decreasing the number of bins.
  warnings.warn(
E0000 00:00:1785866300.551373  322646 linear_solver.cc:2026] No solution exists. MPSolverInterface::result_status_ = MPSOLVER_NOT_SOLVED
/usr/local/lib/python3.12/site-packages/sklearn/preprocessing/_discretization.py:385: UserWarning: Bins whose width are too small (i.e., <= 1e-8) in feature 0 are removed. Consider decreasing the number of bins.
  warnings.warn(
E0000 00:00:1785866401.481344  322646 linear_solver.cc:2026] No solution exists. MPSolverInterface::result_status_ = MPSOLVER_NOT_SOLVED
DebtRatio 100 auto 60 done
/usr/local/lib/python3.12/site-packages/sklearn/preprocessing/_discretization.py:385: UserWarning: Bins whose width are too small (i.e., <= 1e-8) in feature 0 are removed. Consider decreasing the number of bins.
  warnings.warn(
E0000 00:00:1785866712.283768  322646 linear_solver.cc:2026] No solution exists. MPSolverInterface::result_status_ = MPSOLVER_NOT_SOLVED
/usr/local/lib/python3.12/site-packages/sklearn/preprocessing/_discretization.py:385: UserWarning: Bins whose width are too small (i.e., <= 1e-8) in feature 0 are removed. Consider decreasing the number of bins.
  warnings.warn(
/usr/local/lib/python3.12/site-packages/sklearn/preprocessing/_discretization.py:385: UserWarning: Bins whose width are too small (i.e., <= 1e-8) in feature 0 are removed. Consider decreasing the number of bins.
  warnings.warn(
E0000 00:00:1785867075.190362  322646 linear_solver.cc:2026] No solution exists. MPSolverInterface::result_status_ = MPSOLVER_NOT_SOLVED
/usr/local/lib/python3.12/site-packages/sklearn/preprocessing/_discretization.py:385: UserWarning: Bins whose width are too small (i.e., <= 1e-8) in feature 0 are removed. Consider decreasing the number of bins.
  warnings.warn(
E0000 00:00:1785867384.213273  322646 linear_solver.cc:2026] No solution exists. MPSolverInterface::result_status_ = MPSOLVER_NOT_SOLVED
DebtRatio 100 auto 300 done
/usr/local/lib/python3.12/site-packages/sklearn/preprocessing/_discretization.py:385: UserWarning: Bins whose width are too small (i.e., <= 1e-8) in feature 0 are removed. Consider decreasing the number of bins.
  warnings.warn(
/usr/local/lib/python3.12/site-packages/sklearn/preprocessing/_discretization.py:385: UserWarning: Bins whose width are too small (i.e., <= 1e-8) in feature 0 are removed. Consider decreasing the number of bins.
  warnings.warn(
/usr/local/lib/python3.12/site-packages/sklearn/preprocessing/_discretization.py:385: UserWarning: Bins whose width are too small (i.e., <= 1e-8) in feature 0 are removed. Consider decreasing the number of bins.
  warnings.warn(
/usr/local/lib/python3.12/site-packages/sklearn/preprocessing/_discretization.py:385: UserWarning: Bins whose width are too small (i.e., <= 1e-8) in feature 0 are removed. Consider decreasing the number of bins.
  warnings.warn(
DebtRatio 100 none 60 done
/usr/local/lib/python3.12/site-packages/sklearn/preprocessing/_discretization.py:385: UserWarning: Bins whose width are too small (i.e., <= 1e-8) in feature 0 are removed. Consider decreasing the number of bins.
  warnings.warn(
/usr/local/lib/python3.12/site-packages/sklearn/preprocessing/_discretization.py:385: UserWarning: Bins whose width are too small (i.e., <= 1e-8) in feature 0 are removed. Consider decreasing the number of bins.
  warnings.warn(
/usr/local/lib/python3.12/site-packages/sklearn/preprocessing/_discretization.py:385: UserWarning: Bins whose width are too small (i.e., <= 1e-8) in feature 0 are removed. Consider decreasing the number of bins.
  warnings.warn(
/usr/local/lib/python3.12/site-packages/sklearn/preprocessing/_discretization.py:385: UserWarning: Bins whose width are too small (i.e., <= 1e-8) in feature 0 are removed. Consider decreasing the number of bins.
  warnings.warn(
DebtRatio 100 none 300 done
NumberOfOpenCreditLinesAndLoans 10 auto 60 done
NumberOfOpenCreditLinesAndLoans 10 auto 300 done
NumberOfOpenCreditLinesAndLoans 10 none 60 done
NumberOfOpenCreditLinesAndLoans 10 none 300 done
/usr/local/lib/python3.12/site-packages/sklearn/preprocessing/_discretization.py:385: UserWarning: Bins whose width are too small (i.e., <= 1e-8) in feature 0 are removed. Consider decreasing the number of bins.
  warnings.warn(
/usr/local/lib/python3.12/site-packages/sklearn/preprocessing/_discretization.py:385: UserWarning: Bins whose width are too small (i.e., <= 1e-8) in feature 0 are removed. Consider decreasing the number of bins.
  warnings.warn(
/usr/local/lib/python3.12/site-packages/sklearn/preprocessing/_discretization.py:385: UserWarning: Bins whose width are too small (i.e., <= 1e-8) in feature 0 are removed. Consider decreasing the number of bins.
  warnings.warn(
/usr/local/lib/python3.12/site-packages/sklearn/preprocessing/_discretization.py:385: UserWarning: Bins whose width are too small (i.e., <= 1e-8) in feature 0 are removed. Consider decreasing the number of bins.
  warnings.warn(
NumberOfOpenCreditLinesAndLoans 20 auto 60 done
/usr/local/lib/python3.12/site-packages/sklearn/preprocessing/_discretization.py:385: UserWarning: Bins whose width are too small (i.e., <= 1e-8) in feature 0 are removed. Consider decreasing the number of bins.
  warnings.warn(
/usr/local/lib/python3.12/site-packages/sklearn/preprocessing/_discretization.py:385: UserWarning: Bins whose width are too small (i.e., <= 1e-8) in feature 0 are removed. Consider decreasing the number of bins.
  warnings.warn(
/usr/local/lib/python3.12/site-packages/sklearn/preprocessing/_discretization.py:385: UserWarning: Bins whose width are too small (i.e., <= 1e-8) in feature 0 are removed. Consider decreasing the number of bins.
  warnings.warn(
/usr/local/lib/python3.12/site-packages/sklearn/preprocessing/_discretization.py:385: UserWarning: Bins whose width are too small (i.e., <= 1e-8) in feature 0 are removed. Consider decreasing the number of bins.
  warnings.warn(
NumberOfOpenCreditLinesAndLoans 20 auto 300 done
/usr/local/lib/python3.12/site-packages/sklearn/preprocessing/_discretization.py:385: UserWarning: Bins whose width are too small (i.e., <= 1e-8) in feature 0 are removed. Consider decreasing the number of bins.
  warnings.warn(
/usr/local/lib/python3.12/site-packages/sklearn/preprocessing/_discretization.py:385: UserWarning: Bins whose width are too small (i.e., <= 1e-8) in feature 0 are removed. Consider decreasing the number of bins.
  warnings.warn(
/usr/local/lib/python3.12/site-packages/sklearn/preprocessing/_discretization.py:385: UserWarning: Bins whose width are too small (i.e., <= 1e-8) in feature 0 are removed. Consider decreasing the number of bins.
  warnings.warn(
/usr/local/lib/python3.12/site-packages/sklearn/preprocessing/_discretization.py:385: UserWarning: Bins whose width are too small (i.e., <= 1e-8) in feature 0 are removed. Consider decreasing the number of bins.
  warnings.warn(
NumberOfOpenCreditLinesAndLoans 20 none 60 done
/usr/local/lib/python3.12/site-packages/sklearn/preprocessing/_discretization.py:385: UserWarning: Bins whose width are too small (i.e., <= 1e-8) in feature 0 are removed. Consider decreasing the number of bins.
  warnings.warn(
/usr/local/lib/python3.12/site-packages/sklearn/preprocessing/_discretization.py:385: UserWarning: Bins whose width are too small (i.e., <= 1e-8) in feature 0 are removed. Consider decreasing the number of bins.
  warnings.warn(
/usr/local/lib/python3.12/site-packages/sklearn/preprocessing/_discretization.py:385: UserWarning: Bins whose width are too small (i.e., <= 1e-8) in feature 0 are removed. Consider decreasing the number of bins.
  warnings.warn(
/usr/local/lib/python3.12/site-packages/sklearn/preprocessing/_discretization.py:385: UserWarning: Bins whose width are too small (i.e., <= 1e-8) in feature 0 are removed. Consider decreasing the number of bins.
  warnings.warn(
NumberOfOpenCreditLinesAndLoans 20 none 300 done
/usr/local/lib/python3.12/site-packages/sklearn/preprocessing/_discretization.py:385: UserWarning: Bins whose width are too small (i.e., <= 1e-8) in feature 0 are removed. Consider decreasing the number of bins.
  warnings.warn(
/usr/local/lib/python3.12/site-packages/sklearn/preprocessing/_discretization.py:385: UserWarning: Bins whose width are too small (i.e., <= 1e-8) in feature 0 are removed. Consider decreasing the number of bins.
  warnings.warn(
/usr/local/lib/python3.12/site-packages/sklearn/preprocessing/_discretization.py:385: UserWarning: Bins whose width are too small (i.e., <= 1e-8) in feature 0 are removed. Consider decreasing the number of bins.
  warnings.warn(
/usr/local/lib/python3.12/site-packages/sklearn/preprocessing/_discretization.py:385: UserWarning: Bins whose width are too small (i.e., <= 1e-8) in feature 0 are removed. Consider decreasing the number of bins.
  warnings.warn(
NumberOfOpenCreditLinesAndLoans 40 auto 60 done
/usr/local/lib/python3.12/site-packages/sklearn/preprocessing/_discretization.py:385: UserWarning: Bins whose width are too small (i.e., <= 1e-8) in feature 0 are removed. Consider decreasing the number of bins.
  warnings.warn(
/usr/local/lib/python3.12/site-packages/sklearn/preprocessing/_discretization.py:385: UserWarning: Bins whose width are too small (i.e., <= 1e-8) in feature 0 are removed. Consider decreasing the number of bins.
  warnings.warn(
/usr/local/lib/python3.12/site-packages/sklearn/preprocessing/_discretization.py:385: UserWarning: Bins whose width are too small (i.e., <= 1e-8) in feature 0 are removed. Consider decreasing the number of bins.
  warnings.warn(
/usr/local/lib/python3.12/site-packages/sklearn/preprocessing/_discretization.py:385: UserWarning: Bins whose width are too small (i.e., <= 1e-8) in feature 0 are removed. Consider decreasing the number of bins.
  warnings.warn(
NumberOfOpenCreditLinesAndLoans 40 auto 300 done
/usr/local/lib/python3.12/site-packages/sklearn/preprocessing/_discretization.py:385: UserWarning: Bins whose width are too small (i.e., <= 1e-8) in feature 0 are removed. Consider decreasing the number of bins.
  warnings.warn(
/usr/local/lib/python3.12/site-packages/sklearn/preprocessing/_discretization.py:385: UserWarning: Bins whose width are too small (i.e., <= 1e-8) in feature 0 are removed. Consider decreasing the number of bins.
  warnings.warn(
/usr/local/lib/python3.12/site-packages/sklearn/preprocessing/_discretization.py:385: UserWarning: Bins whose width are too small (i.e., <= 1e-8) in feature 0 are removed. Consider decreasing the number of bins.
  warnings.warn(
/usr/local/lib/python3.12/site-packages/sklearn/preprocessing/_discretization.py:385: UserWarning: Bins whose width are too small (i.e., <= 1e-8) in feature 0 are removed. Consider decreasing the number of bins.
  warnings.warn(
NumberOfOpenCreditLinesAndLoans 40 none 60 done
/usr/local/lib/python3.12/site-packages/sklearn/preprocessing/_discretization.py:385: UserWarning: Bins whose width are too small (i.e., <= 1e-8) in feature 0 are removed. Consider decreasing the number of bins.
  warnings.warn(
/usr/local/lib/python3.12/site-packages/sklearn/preprocessing/_discretization.py:385: UserWarning: Bins whose width are too small (i.e., <= 1e-8) in feature 0 are removed. Consider decreasing the number of bins.
  warnings.warn(
/usr/local/lib/python3.12/site-packages/sklearn/preprocessing/_discretization.py:385: UserWarning: Bins whose width are too small (i.e., <= 1e-8) in feature 0 are removed. Consider decreasing the number of bins.
  warnings.warn(
/usr/local/lib/python3.12/site-packages/sklearn/preprocessing/_discretization.py:385: UserWarning: Bins whose width are too small (i.e., <= 1e-8) in feature 0 are removed. Consider decreasing the number of bins.
  warnings.warn(
NumberOfOpenCreditLinesAndLoans 40 none 300 done
/usr/local/lib/python3.12/site-packages/sklearn/preprocessing/_discretization.py:385: UserWarning: Bins whose width are too small (i.e., <= 1e-8) in feature 0 are removed. Consider decreasing the number of bins.
  warnings.warn(
/usr/local/lib/python3.12/site-packages/sklearn/preprocessing/_discretization.py:385: UserWarning: Bins whose width are too small (i.e., <= 1e-8) in feature 0 are removed. Consider decreasing the number of bins.
  warnings.warn(
/usr/local/lib/python3.12/site-packages/sklearn/preprocessing/_discretization.py:385: UserWarning: Bins whose width are too small (i.e., <= 1e-8) in feature 0 are removed. Consider decreasing the number of bins.
  warnings.warn(
/usr/local/lib/python3.12/site-packages/sklearn/preprocessing/_discretization.py:385: UserWarning: Bins whose width are too small (i.e., <= 1e-8) in feature 0 are removed. Consider decreasing the number of bins.
  warnings.warn(
NumberOfOpenCreditLinesAndLoans 60 auto 60 done
/usr/local/lib/python3.12/site-packages/sklearn/preprocessing/_discretization.py:385: UserWarning: Bins whose width are too small (i.e., <= 1e-8) in feature 0 are removed. Consider decreasing the number of bins.
  warnings.warn(
/usr/local/lib/python3.12/site-packages/sklearn/preprocessing/_discretization.py:385: UserWarning: Bins whose width are too small (i.e., <= 1e-8) in feature 0 are removed. Consider decreasing the number of bins.
  warnings.warn(
/usr/local/lib/python3.12/site-packages/sklearn/preprocessing/_discretization.py:385: UserWarning: Bins whose width are too small (i.e., <= 1e-8) in feature 0 are removed. Consider decreasing the number of bins.
  warnings.warn(
/usr/local/lib/python3.12/site-packages/sklearn/preprocessing/_discretization.py:385: UserWarning: Bins whose width are too small (i.e., <= 1e-8) in feature 0 are removed. Consider decreasing the number of bins.
  warnings.warn(
NumberOfOpenCreditLinesAndLoans 60 auto 300 done
/usr/local/lib/python3.12/site-packages/sklearn/preprocessing/_discretization.py:385: UserWarning: Bins whose width are too small (i.e., <= 1e-8) in feature 0 are removed. Consider decreasing the number of bins.
  warnings.warn(
/usr/local/lib/python3.12/site-packages/sklearn/preprocessing/_discretization.py:385: UserWarning: Bins whose width are too small (i.e., <= 1e-8) in feature 0 are removed. Consider decreasing the number of bins.
  warnings.warn(
/usr/local/lib/python3.12/site-packages/sklearn/preprocessing/_discretization.py:385: UserWarning: Bins whose width are too small (i.e., <= 1e-8) in feature 0 are removed. Consider decreasing the number of bins.
  warnings.warn(
/usr/local/lib/python3.12/site-packages/sklearn/preprocessing/_discretization.py:385: UserWarning: Bins whose width are too small (i.e., <= 1e-8) in feature 0 are removed. Consider decreasing the number of bins.
  warnings.warn(
NumberOfOpenCreditLinesAndLoans 60 none 60 done
/usr/local/lib/python3.12/site-packages/sklearn/preprocessing/_discretization.py:385: UserWarning: Bins whose width are too small (i.e., <= 1e-8) in feature 0 are removed. Consider decreasing the number of bins.
  warnings.warn(
/usr/local/lib/python3.12/site-packages/sklearn/preprocessing/_discretization.py:385: UserWarning: Bins whose width are too small (i.e., <= 1e-8) in feature 0 are removed. Consider decreasing the number of bins.
  warnings.warn(
/usr/local/lib/python3.12/site-packages/sklearn/preprocessing/_discretization.py:385: UserWarning: Bins whose width are too small (i.e., <= 1e-8) in feature 0 are removed. Consider decreasing the number of bins.
  warnings.warn(
/usr/local/lib/python3.12/site-packages/sklearn/preprocessing/_discretization.py:385: UserWarning: Bins whose width are too small (i.e., <= 1e-8) in feature 0 are removed. Consider decreasing the number of bins.
  warnings.warn(
NumberOfOpenCreditLinesAndLoans 60 none 300 done
/usr/local/lib/python3.12/site-packages/sklearn/preprocessing/_discretization.py:385: UserWarning: Bins whose width are too small (i.e., <= 1e-8) in feature 0 are removed. Consider decreasing the number of bins.
  warnings.warn(
/usr/local/lib/python3.12/site-packages/sklearn/preprocessing/_discretization.py:385: UserWarning: Bins whose width are too small (i.e., <= 1e-8) in feature 0 are removed. Consider decreasing the number of bins.
  warnings.warn(
/usr/local/lib/python3.12/site-packages/sklearn/preprocessing/_discretization.py:385: UserWarning: Bins whose width are too small (i.e., <= 1e-8) in feature 0 are removed. Consider decreasing the number of bins.
  warnings.warn(
/usr/local/lib/python3.12/site-packages/sklearn/preprocessing/_discretization.py:385: UserWarning: Bins whose width are too small (i.e., <= 1e-8) in feature 0 are removed. Consider decreasing the number of bins.
  warnings.warn(
NumberOfOpenCreditLinesAndLoans 80 auto 60 done
/usr/local/lib/python3.12/site-packages/sklearn/preprocessing/_discretization.py:385: UserWarning: Bins whose width are too small (i.e., <= 1e-8) in feature 0 are removed. Consider decreasing the number of bins.
  warnings.warn(
/usr/local/lib/python3.12/site-packages/sklearn/preprocessing/_discretization.py:385: UserWarning: Bins whose width are too small (i.e., <= 1e-8) in feature 0 are removed. Consider decreasing the number of bins.
  warnings.warn(
/usr/local/lib/python3.12/site-packages/sklearn/preprocessing/_discretization.py:385: UserWarning: Bins whose width are too small (i.e., <= 1e-8) in feature 0 are removed. Consider decreasing the number of bins.
  warnings.warn(
/usr/local/lib/python3.12/site-packages/sklearn/preprocessing/_discretization.py:385: UserWarning: Bins whose width are too small (i.e., <= 1e-8) in feature 0 are removed. Consider decreasing the number of bins.
  warnings.warn(
NumberOfOpenCreditLinesAndLoans 80 auto 300 done
/usr/local/lib/python3.12/site-packages/sklearn/preprocessing/_discretization.py:385: UserWarning: Bins whose width are too small (i.e., <= 1e-8) in feature 0 are removed. Consider decreasing the number of bins.
  warnings.warn(
/usr/local/lib/python3.12/site-packages/sklearn/preprocessing/_discretization.py:385: UserWarning: Bins whose width are too small (i.e., <= 1e-8) in feature 0 are removed. Consider decreasing the number of bins.
  warnings.warn(
/usr/local/lib/python3.12/site-packages/sklearn/preprocessing/_discretization.py:385: UserWarning: Bins whose width are too small (i.e., <= 1e-8) in feature 0 are removed. Consider decreasing the number of bins.
  warnings.warn(
/usr/local/lib/python3.12/site-packages/sklearn/preprocessing/_discretization.py:385: UserWarning: Bins whose width are too small (i.e., <= 1e-8) in feature 0 are removed. Consider decreasing the number of bins.
  warnings.warn(
NumberOfOpenCreditLinesAndLoans 80 none 60 done
/usr/local/lib/python3.12/site-packages/sklearn/preprocessing/_discretization.py:385: UserWarning: Bins whose width are too small (i.e., <= 1e-8) in feature 0 are removed. Consider decreasing the number of bins.
  warnings.warn(
/usr/local/lib/python3.12/site-packages/sklearn/preprocessing/_discretization.py:385: UserWarning: Bins whose width are too small (i.e., <= 1e-8) in feature 0 are removed. Consider decreasing the number of bins.
  warnings.warn(
/usr/local/lib/python3.12/site-packages/sklearn/preprocessing/_discretization.py:385: UserWarning: Bins whose width are too small (i.e., <= 1e-8) in feature 0 are removed. Consider decreasing the number of bins.
  warnings.warn(
/usr/local/lib/python3.12/site-packages/sklearn/preprocessing/_discretization.py:385: UserWarning: Bins whose width are too small (i.e., <= 1e-8) in feature 0 are removed. Consider decreasing the number of bins.
  warnings.warn(
NumberOfOpenCreditLinesAndLoans 80 none 300 done
/usr/local/lib/python3.12/site-packages/sklearn/preprocessing/_discretization.py:385: UserWarning: Bins whose width are too small (i.e., <= 1e-8) in feature 0 are removed. Consider decreasing the number of bins.
  warnings.warn(
/usr/local/lib/python3.12/site-packages/sklearn/preprocessing/_discretization.py:385: UserWarning: Bins whose width are too small (i.e., <= 1e-8) in feature 0 are removed. Consider decreasing the number of bins.
  warnings.warn(
/usr/local/lib/python3.12/site-packages/sklearn/preprocessing/_discretization.py:385: UserWarning: Bins whose width are too small (i.e., <= 1e-8) in feature 0 are removed. Consider decreasing the number of bins.
  warnings.warn(
/usr/local/lib/python3.12/site-packages/sklearn/preprocessing/_discretization.py:385: UserWarning: Bins whose width are too small (i.e., <= 1e-8) in feature 0 are removed. Consider decreasing the number of bins.
  warnings.warn(
NumberOfOpenCreditLinesAndLoans 100 auto 60 done
/usr/local/lib/python3.12/site-packages/sklearn/preprocessing/_discretization.py:385: UserWarning: Bins whose width are too small (i.e., <= 1e-8) in feature 0 are removed. Consider decreasing the number of bins.
  warnings.warn(
/usr/local/lib/python3.12/site-packages/sklearn/preprocessing/_discretization.py:385: UserWarning: Bins whose width are too small (i.e., <= 1e-8) in feature 0 are removed. Consider decreasing the number of bins.
  warnings.warn(
/usr/local/lib/python3.12/site-packages/sklearn/preprocessing/_discretization.py:385: UserWarning: Bins whose width are too small (i.e., <= 1e-8) in feature 0 are removed. Consider decreasing the number of bins.
  warnings.warn(
/usr/local/lib/python3.12/site-packages/sklearn/preprocessing/_discretization.py:385: UserWarning: Bins whose width are too small (i.e., <= 1e-8) in feature 0 are removed. Consider decreasing the number of bins.
  warnings.warn(
NumberOfOpenCreditLinesAndLoans 100 auto 300 done
/usr/local/lib/python3.12/site-packages/sklearn/preprocessing/_discretization.py:385: UserWarning: Bins whose width are too small (i.e., <= 1e-8) in feature 0 are removed. Consider decreasing the number of bins.
  warnings.warn(
/usr/local/lib/python3.12/site-packages/sklearn/preprocessing/_discretization.py:385: UserWarning: Bins whose width are too small (i.e., <= 1e-8) in feature 0 are removed. Consider decreasing the number of bins.
  warnings.warn(
/usr/local/lib/python3.12/site-packages/sklearn/preprocessing/_discretization.py:385: UserWarning: Bins whose width are too small (i.e., <= 1e-8) in feature 0 are removed. Consider decreasing the number of bins.
  warnings.warn(
/usr/local/lib/python3.12/site-packages/sklearn/preprocessing/_discretization.py:385: UserWarning: Bins whose width are too small (i.e., <= 1e-8) in feature 0 are removed. Consider decreasing the number of bins.
  warnings.warn(
NumberOfOpenCreditLinesAndLoans 100 none 60 done
/usr/local/lib/python3.12/site-packages/sklearn/preprocessing/_discretization.py:385: UserWarning: Bins whose width are too small (i.e., <= 1e-8) in feature 0 are removed. Consider decreasing the number of bins.
  warnings.warn(
/usr/local/lib/python3.12/site-packages/sklearn/preprocessing/_discretization.py:385: UserWarning: Bins whose width are too small (i.e., <= 1e-8) in feature 0 are removed. Consider decreasing the number of bins.
  warnings.warn(
/usr/local/lib/python3.12/site-packages/sklearn/preprocessing/_discretization.py:385: UserWarning: Bins whose width are too small (i.e., <= 1e-8) in feature 0 are removed. Consider decreasing the number of bins.
  warnings.warn(
/usr/local/lib/python3.12/site-packages/sklearn/preprocessing/_discretization.py:385: UserWarning: Bins whose width are too small (i.e., <= 1e-8) in feature 0 are removed. Consider decreasing the number of bins.
  warnings.warn(
NumberOfOpenCreditLinesAndLoans 100 none 300 done
SCALING: wrote 576 rows -> outputs/scaling_v2/scaling_gmsc_0.parquet
[2026-08-04 14:17:26,462][HYDRA] 	#1 : dataset=aps seed=0 out=outputs/scaling_v2
/usr/local/lib/python3.12/site-packages/sklearn/preprocessing/_discretization.py:385: UserWarning: Bins whose width are too small (i.e., <= 1e-8) in feature 0 are removed. Consider decreasing the number of bins.
  warnings.warn(
/usr/local/lib/python3.12/site-packages/sklearn/preprocessing/_discretization.py:385: UserWarning: Bins whose width are too small (i.e., <= 1e-8) in feature 0 are removed. Consider decreasing the number of bins.
  warnings.warn(
/usr/local/lib/python3.12/site-packages/sklearn/preprocessing/_discretization.py:385: UserWarning: Bins whose width are too small (i.e., <= 1e-8) in feature 0 are removed. Consider decreasing the number of bins.
  warnings.warn(
/usr/local/lib/python3.12/site-packages/sklearn/preprocessing/_discretization.py:385: UserWarning: Bins whose width are too small (i.e., <= 1e-8) in feature 0 are removed. Consider decreasing the number of bins.
  warnings.warn(
ea_000 10 auto 60 done
/usr/local/lib/python3.12/site-packages/sklearn/preprocessing/_discretization.py:385: UserWarning: Bins whose width are too small (i.e., <= 1e-8) in feature 0 are removed. Consider decreasing the number of bins.
  warnings.warn(
/usr/local/lib/python3.12/site-packages/sklearn/preprocessing/_discretization.py:385: UserWarning: Bins whose width are too small (i.e., <= 1e-8) in feature 0 are removed. Consider decreasing the number of bins.
  warnings.warn(
/usr/local/lib/python3.12/site-packages/sklearn/preprocessing/_discretization.py:385: UserWarning: Bins whose width are too small (i.e., <= 1e-8) in feature 0 are removed. Consider decreasing the number of bins.
  warnings.warn(
/usr/local/lib/python3.12/site-packages/sklearn/preprocessing/_discretization.py:385: UserWarning: Bins whose width are too small (i.e., <= 1e-8) in feature 0 are removed. Consider decreasing the number of bins.
  warnings.warn(
ea_000 10 auto 300 done
/usr/local/lib/python3.12/site-packages/sklearn/preprocessing/_discretization.py:385: UserWarning: Bins whose width are too small (i.e., <= 1e-8) in feature 0 are removed. Consider decreasing the number of bins.
  warnings.warn(
/usr/local/lib/python3.12/site-packages/sklearn/preprocessing/_discretization.py:385: UserWarning: Bins whose width are too small (i.e., <= 1e-8) in feature 0 are removed. Consider decreasing the number of bins.
  warnings.warn(
/usr/local/lib/python3.12/site-packages/sklearn/preprocessing/_discretization.py:385: UserWarning: Bins whose width are too small (i.e., <= 1e-8) in feature 0 are removed. Consider decreasing the number of bins.
  warnings.warn(
/usr/local/lib/python3.12/site-packages/sklearn/preprocessing/_discretization.py:385: UserWarning: Bins whose width are too small (i.e., <= 1e-8) in feature 0 are removed. Consider decreasing the number of bins.
  warnings.warn(
ea_000 10 none 60 done
/usr/local/lib/python3.12/site-packages/sklearn/preprocessing/_discretization.py:385: UserWarning: Bins whose width are too small (i.e., <= 1e-8) in feature 0 are removed. Consider decreasing the number of bins.
  warnings.warn(
/usr/local/lib/python3.12/site-packages/sklearn/preprocessing/_discretization.py:385: UserWarning: Bins whose width are too small (i.e., <= 1e-8) in feature 0 are removed. Consider decreasing the number of bins.
  warnings.warn(
/usr/local/lib/python3.12/site-packages/sklearn/preprocessing/_discretization.py:385: UserWarning: Bins whose width are too small (i.e., <= 1e-8) in feature 0 are removed. Consider decreasing the number of bins.
  warnings.warn(
/usr/local/lib/python3.12/site-packages/sklearn/preprocessing/_discretization.py:385: UserWarning: Bins whose width are too small (i.e., <= 1e-8) in feature 0 are removed. Consider decreasing the number of bins.
  warnings.warn(
ea_000 10 none 300 done
/usr/local/lib/python3.12/site-packages/sklearn/preprocessing/_discretization.py:385: UserWarning: Bins whose width are too small (i.e., <= 1e-8) in feature 0 are removed. Consider decreasing the number of bins.
  warnings.warn(
/usr/local/lib/python3.12/site-packages/sklearn/preprocessing/_discretization.py:385: UserWarning: Bins whose width are too small (i.e., <= 1e-8) in feature 0 are removed. Consider decreasing the number of bins.
  warnings.warn(
/usr/local/lib/python3.12/site-packages/sklearn/preprocessing/_discretization.py:385: UserWarning: Bins whose width are too small (i.e., <= 1e-8) in feature 0 are removed. Consider decreasing the number of bins.
  warnings.warn(
/usr/local/lib/python3.12/site-packages/sklearn/preprocessing/_discretization.py:385: UserWarning: Bins whose width are too small (i.e., <= 1e-8) in feature 0 are removed. Consider decreasing the number of bins.
  warnings.warn(
ea_000 20 auto 60 done
/usr/local/lib/python3.12/site-packages/sklearn/preprocessing/_discretization.py:385: UserWarning: Bins whose width are too small (i.e., <= 1e-8) in feature 0 are removed. Consider decreasing the number of bins.
  warnings.warn(
/usr/local/lib/python3.12/site-packages/sklearn/preprocessing/_discretization.py:385: UserWarning: Bins whose width are too small (i.e., <= 1e-8) in feature 0 are removed. Consider decreasing the number of bins.
  warnings.warn(
/usr/local/lib/python3.12/site-packages/sklearn/preprocessing/_discretization.py:385: UserWarning: Bins whose width are too small (i.e., <= 1e-8) in feature 0 are removed. Consider decreasing the number of bins.
  warnings.warn(
/usr/local/lib/python3.12/site-packages/sklearn/preprocessing/_discretization.py:385: UserWarning: Bins whose width are too small (i.e., <= 1e-8) in feature 0 are removed. Consider decreasing the number of bins.
  warnings.warn(
ea_000 20 auto 300 done
/usr/local/lib/python3.12/site-packages/sklearn/preprocessing/_discretization.py:385: UserWarning: Bins whose width are too small (i.e., <= 1e-8) in feature 0 are removed. Consider decreasing the number of bins.
  warnings.warn(
/usr/local/lib/python3.12/site-packages/sklearn/preprocessing/_discretization.py:385: UserWarning: Bins whose width are too small (i.e., <= 1e-8) in feature 0 are removed. Consider decreasing the number of bins.
  warnings.warn(
/usr/local/lib/python3.12/site-packages/sklearn/preprocessing/_discretization.py:385: UserWarning: Bins whose width are too small (i.e., <= 1e-8) in feature 0 are removed. Consider decreasing the number of bins.
  warnings.warn(
/usr/local/lib/python3.12/site-packages/sklearn/preprocessing/_discretization.py:385: UserWarning: Bins whose width are too small (i.e., <= 1e-8) in feature 0 are removed. Consider decreasing the number of bins.
  warnings.warn(
ea_000 20 none 60 done
/usr/local/lib/python3.12/site-packages/sklearn/preprocessing/_discretization.py:385: UserWarning: Bins whose width are too small (i.e., <= 1e-8) in feature 0 are removed. Consider decreasing the number of bins.
  warnings.warn(
/usr/local/lib/python3.12/site-packages/sklearn/preprocessing/_discretization.py:385: UserWarning: Bins whose width are too small (i.e., <= 1e-8) in feature 0 are removed. Consider decreasing the number of bins.
  warnings.warn(
/usr/local/lib/python3.12/site-packages/sklearn/preprocessing/_discretization.py:385: UserWarning: Bins whose width are too small (i.e., <= 1e-8) in feature 0 are removed. Consider decreasing the number of bins.
  warnings.warn(
/usr/local/lib/python3.12/site-packages/sklearn/preprocessing/_discretization.py:385: UserWarning: Bins whose width are too small (i.e., <= 1e-8) in feature 0 are removed. Consider decreasing the number of bins.
  warnings.warn(
ea_000 20 none 300 done
/usr/local/lib/python3.12/site-packages/sklearn/preprocessing/_discretization.py:385: UserWarning: Bins whose width are too small (i.e., <= 1e-8) in feature 0 are removed. Consider decreasing the number of bins.
  warnings.warn(
/usr/local/lib/python3.12/site-packages/sklearn/preprocessing/_discretization.py:385: UserWarning: Bins whose width are too small (i.e., <= 1e-8) in feature 0 are removed. Consider decreasing the number of bins.
  warnings.warn(
/usr/local/lib/python3.12/site-packages/sklearn/preprocessing/_discretization.py:385: UserWarning: Bins whose width are too small (i.e., <= 1e-8) in feature 0 are removed. Consider decreasing the number of bins.
  warnings.warn(
/usr/local/lib/python3.12/site-packages/sklearn/preprocessing/_discretization.py:385: UserWarning: Bins whose width are too small (i.e., <= 1e-8) in feature 0 are removed. Consider decreasing the number of bins.
  warnings.warn(
ea_000 40 auto 60 done
/usr/local/lib/python3.12/site-packages/sklearn/preprocessing/_discretization.py:385: UserWarning: Bins whose width are too small (i.e., <= 1e-8) in feature 0 are removed. Consider decreasing the number of bins.
  warnings.warn(
/usr/local/lib/python3.12/site-packages/sklearn/preprocessing/_discretization.py:385: UserWarning: Bins whose width are too small (i.e., <= 1e-8) in feature 0 are removed. Consider decreasing the number of bins.
  warnings.warn(
/usr/local/lib/python3.12/site-packages/sklearn/preprocessing/_discretization.py:385: UserWarning: Bins whose width are too small (i.e., <= 1e-8) in feature 0 are removed. Consider decreasing the number of bins.
  warnings.warn(
/usr/local/lib/python3.12/site-packages/sklearn/preprocessing/_discretization.py:385: UserWarning: Bins whose width are too small (i.e., <= 1e-8) in feature 0 are removed. Consider decreasing the number of bins.
  warnings.warn(
ea_000 40 auto 300 done
/usr/local/lib/python3.12/site-packages/sklearn/preprocessing/_discretization.py:385: UserWarning: Bins whose width are too small (i.e., <= 1e-8) in feature 0 are removed. Consider decreasing the number of bins.
  warnings.warn(
/usr/local/lib/python3.12/site-packages/sklearn/preprocessing/_discretization.py:385: UserWarning: Bins whose width are too small (i.e., <= 1e-8) in feature 0 are removed. Consider decreasing the number of bins.
  warnings.warn(
/usr/local/lib/python3.12/site-packages/sklearn/preprocessing/_discretization.py:385: UserWarning: Bins whose width are too small (i.e., <= 1e-8) in feature 0 are removed. Consider decreasing the number of bins.
  warnings.warn(
/usr/local/lib/python3.12/site-packages/sklearn/preprocessing/_discretization.py:385: UserWarning: Bins whose width are too small (i.e., <= 1e-8) in feature 0 are removed. Consider decreasing the number of bins.
  warnings.warn(
ea_000 40 none 60 done
/usr/local/lib/python3.12/site-packages/sklearn/preprocessing/_discretization.py:385: UserWarning: Bins whose width are too small (i.e., <= 1e-8) in feature 0 are removed. Consider decreasing the number of bins.
  warnings.warn(
/usr/local/lib/python3.12/site-packages/sklearn/preprocessing/_discretization.py:385: UserWarning: Bins whose width are too small (i.e., <= 1e-8) in feature 0 are removed. Consider decreasing the number of bins.
  warnings.warn(
/usr/local/lib/python3.12/site-packages/sklearn/preprocessing/_discretization.py:385: UserWarning: Bins whose width are too small (i.e., <= 1e-8) in feature 0 are removed. Consider decreasing the number of bins.
  warnings.warn(
/usr/local/lib/python3.12/site-packages/sklearn/preprocessing/_discretization.py:385: UserWarning: Bins whose width are too small (i.e., <= 1e-8) in feature 0 are removed. Consider decreasing the number of bins.
  warnings.warn(
ea_000 40 none 300 done
/usr/local/lib/python3.12/site-packages/sklearn/preprocessing/_discretization.py:385: UserWarning: Bins whose width are too small (i.e., <= 1e-8) in feature 0 are removed. Consider decreasing the number of bins.
  warnings.warn(
/usr/local/lib/python3.12/site-packages/sklearn/preprocessing/_discretization.py:385: UserWarning: Bins whose width are too small (i.e., <= 1e-8) in feature 0 are removed. Consider decreasing the number of bins.
  warnings.warn(
/usr/local/lib/python3.12/site-packages/sklearn/preprocessing/_discretization.py:385: UserWarning: Bins whose width are too small (i.e., <= 1e-8) in feature 0 are removed. Consider decreasing the number of bins.
  warnings.warn(
/usr/local/lib/python3.12/site-packages/sklearn/preprocessing/_discretization.py:385: UserWarning: Bins whose width are too small (i.e., <= 1e-8) in feature 0 are removed. Consider decreasing the number of bins.
  warnings.warn(
ea_000 60 auto 60 done
/usr/local/lib/python3.12/site-packages/sklearn/preprocessing/_discretization.py:385: UserWarning: Bins whose width are too small (i.e., <= 1e-8) in feature 0 are removed. Consider decreasing the number of bins.
  warnings.warn(
/usr/local/lib/python3.12/site-packages/sklearn/preprocessing/_discretization.py:385: UserWarning: Bins whose width are too small (i.e., <= 1e-8) in feature 0 are removed. Consider decreasing the number of bins.
  warnings.warn(
/usr/local/lib/python3.12/site-packages/sklearn/preprocessing/_discretization.py:385: UserWarning: Bins whose width are too small (i.e., <= 1e-8) in feature 0 are removed. Consider decreasing the number of bins.
  warnings.warn(
/usr/local/lib/python3.12/site-packages/sklearn/preprocessing/_discretization.py:385: UserWarning: Bins whose width are too small (i.e., <= 1e-8) in feature 0 are removed. Consider decreasing the number of bins.
  warnings.warn(
ea_000 60 auto 300 done
/usr/local/lib/python3.12/site-packages/sklearn/preprocessing/_discretization.py:385: UserWarning: Bins whose width are too small (i.e., <= 1e-8) in feature 0 are removed. Consider decreasing the number of bins.
  warnings.warn(
/usr/local/lib/python3.12/site-packages/sklearn/preprocessing/_discretization.py:385: UserWarning: Bins whose width are too small (i.e., <= 1e-8) in feature 0 are removed. Consider decreasing the number of bins.
  warnings.warn(
/usr/local/lib/python3.12/site-packages/sklearn/preprocessing/_discretization.py:385: UserWarning: Bins whose width are too small (i.e., <= 1e-8) in feature 0 are removed. Consider decreasing the number of bins.
  warnings.warn(
/usr/local/lib/python3.12/site-packages/sklearn/preprocessing/_discretization.py:385: UserWarning: Bins whose width are too small (i.e., <= 1e-8) in feature 0 are removed. Consider decreasing the number of bins.
  warnings.warn(
ea_000 60 none 60 done
/usr/local/lib/python3.12/site-packages/sklearn/preprocessing/_discretization.py:385: UserWarning: Bins whose width are too small (i.e., <= 1e-8) in feature 0 are removed. Consider decreasing the number of bins.
  warnings.warn(
/usr/local/lib/python3.12/site-packages/sklearn/preprocessing/_discretization.py:385: UserWarning: Bins whose width are too small (i.e., <= 1e-8) in feature 0 are removed. Consider decreasing the number of bins.
  warnings.warn(
/usr/local/lib/python3.12/site-packages/sklearn/preprocessing/_discretization.py:385: UserWarning: Bins whose width are too small (i.e., <= 1e-8) in feature 0 are removed. Consider decreasing the number of bins.
  warnings.warn(
/usr/local/lib/python3.12/site-packages/sklearn/preprocessing/_discretization.py:385: UserWarning: Bins whose width are too small (i.e., <= 1e-8) in feature 0 are removed. Consider decreasing the number of bins.
  warnings.warn(
ea_000 60 none 300 done
/usr/local/lib/python3.12/site-packages/sklearn/preprocessing/_discretization.py:385: UserWarning: Bins whose width are too small (i.e., <= 1e-8) in feature 0 are removed. Consider decreasing the number of bins.
  warnings.warn(
/usr/local/lib/python3.12/site-packages/sklearn/preprocessing/_discretization.py:385: UserWarning: Bins whose width are too small (i.e., <= 1e-8) in feature 0 are removed. Consider decreasing the number of bins.
  warnings.warn(
/usr/local/lib/python3.12/site-packages/sklearn/preprocessing/_discretization.py:385: UserWarning: Bins whose width are too small (i.e., <= 1e-8) in feature 0 are removed. Consider decreasing the number of bins.
  warnings.warn(
/usr/local/lib/python3.12/site-packages/sklearn/preprocessing/_discretization.py:385: UserWarning: Bins whose width are too small (i.e., <= 1e-8) in feature 0 are removed. Consider decreasing the number of bins.
  warnings.warn(
ea_000 80 auto 60 done
/usr/local/lib/python3.12/site-packages/sklearn/preprocessing/_discretization.py:385: UserWarning: Bins whose width are too small (i.e., <= 1e-8) in feature 0 are removed. Consider decreasing the number of bins.
  warnings.warn(
/usr/local/lib/python3.12/site-packages/sklearn/preprocessing/_discretization.py:385: UserWarning: Bins whose width are too small (i.e., <= 1e-8) in feature 0 are removed. Consider decreasing the number of bins.
  warnings.warn(
/usr/local/lib/python3.12/site-packages/sklearn/preprocessing/_discretization.py:385: UserWarning: Bins whose width are too small (i.e., <= 1e-8) in feature 0 are removed. Consider decreasing the number of bins.
  warnings.warn(
/usr/local/lib/python3.12/site-packages/sklearn/preprocessing/_discretization.py:385: UserWarning: Bins whose width are too small (i.e., <= 1e-8) in feature 0 are removed. Consider decreasing the number of bins.
  warnings.warn(
ea_000 80 auto 300 done
/usr/local/lib/python3.12/site-packages/sklearn/preprocessing/_discretization.py:385: UserWarning: Bins whose width are too small (i.e., <= 1e-8) in feature 0 are removed. Consider decreasing the number of bins.
  warnings.warn(
/usr/local/lib/python3.12/site-packages/sklearn/preprocessing/_discretization.py:385: UserWarning: Bins whose width are too small (i.e., <= 1e-8) in feature 0 are removed. Consider decreasing the number of bins.
  warnings.warn(
/usr/local/lib/python3.12/site-packages/sklearn/preprocessing/_discretization.py:385: UserWarning: Bins whose width are too small (i.e., <= 1e-8) in feature 0 are removed. Consider decreasing the number of bins.
  warnings.warn(
/usr/local/lib/python3.12/site-packages/sklearn/preprocessing/_discretization.py:385: UserWarning: Bins whose width are too small (i.e., <= 1e-8) in feature 0 are removed. Consider decreasing the number of bins.
  warnings.warn(
ea_000 80 none 60 done
/usr/local/lib/python3.12/site-packages/sklearn/preprocessing/_discretization.py:385: UserWarning: Bins whose width are too small (i.e., <= 1e-8) in feature 0 are removed. Consider decreasing the number of bins.
  warnings.warn(
/usr/local/lib/python3.12/site-packages/sklearn/preprocessing/_discretization.py:385: UserWarning: Bins whose width are too small (i.e., <= 1e-8) in feature 0 are removed. Consider decreasing the number of bins.
  warnings.warn(
/usr/local/lib/python3.12/site-packages/sklearn/preprocessing/_discretization.py:385: UserWarning: Bins whose width are too small (i.e., <= 1e-8) in feature 0 are removed. Consider decreasing the number of bins.
  warnings.warn(
/usr/local/lib/python3.12/site-packages/sklearn/preprocessing/_discretization.py:385: UserWarning: Bins whose width are too small (i.e., <= 1e-8) in feature 0 are removed. Consider decreasing the number of bins.
  warnings.warn(
ea_000 80 none 300 done
/usr/local/lib/python3.12/site-packages/sklearn/preprocessing/_discretization.py:385: UserWarning: Bins whose width are too small (i.e., <= 1e-8) in feature 0 are removed. Consider decreasing the number of bins.
  warnings.warn(
/usr/local/lib/python3.12/site-packages/sklearn/preprocessing/_discretization.py:385: UserWarning: Bins whose width are too small (i.e., <= 1e-8) in feature 0 are removed. Consider decreasing the number of bins.
  warnings.warn(
/usr/local/lib/python3.12/site-packages/sklearn/preprocessing/_discretization.py:385: UserWarning: Bins whose width are too small (i.e., <= 1e-8) in feature 0 are removed. Consider decreasing the number of bins.
  warnings.warn(
/usr/local/lib/python3.12/site-packages/sklearn/preprocessing/_discretization.py:385: UserWarning: Bins whose width are too small (i.e., <= 1e-8) in feature 0 are removed. Consider decreasing the number of bins.
  warnings.warn(
ea_000 100 auto 60 done
/usr/local/lib/python3.12/site-packages/sklearn/preprocessing/_discretization.py:385: UserWarning: Bins whose width are too small (i.e., <= 1e-8) in feature 0 are removed. Consider decreasing the number of bins.
  warnings.warn(
/usr/local/lib/python3.12/site-packages/sklearn/preprocessing/_discretization.py:385: UserWarning: Bins whose width are too small (i.e., <= 1e-8) in feature 0 are removed. Consider decreasing the number of bins.
  warnings.warn(
/usr/local/lib/python3.12/site-packages/sklearn/preprocessing/_discretization.py:385: UserWarning: Bins whose width are too small (i.e., <= 1e-8) in feature 0 are removed. Consider decreasing the number of bins.
  warnings.warn(
/usr/local/lib/python3.12/site-packages/sklearn/preprocessing/_discretization.py:385: UserWarning: Bins whose width are too small (i.e., <= 1e-8) in feature 0 are removed. Consider decreasing the number of bins.
  warnings.warn(
ea_000 100 auto 300 done
/usr/local/lib/python3.12/site-packages/sklearn/preprocessing/_discretization.py:385: UserWarning: Bins whose width are too small (i.e., <= 1e-8) in feature 0 are removed. Consider decreasing the number of bins.
  warnings.warn(
/usr/local/lib/python3.12/site-packages/sklearn/preprocessing/_discretization.py:385: UserWarning: Bins whose width are too small (i.e., <= 1e-8) in feature 0 are removed. Consider decreasing the number of bins.
  warnings.warn(
/usr/local/lib/python3.12/site-packages/sklearn/preprocessing/_discretization.py:385: UserWarning: Bins whose width are too small (i.e., <= 1e-8) in feature 0 are removed. Consider decreasing the number of bins.
  warnings.warn(
/usr/local/lib/python3.12/site-packages/sklearn/preprocessing/_discretization.py:385: UserWarning: Bins whose width are too small (i.e., <= 1e-8) in feature 0 are removed. Consider decreasing the number of bins.
  warnings.warn(
ea_000 100 none 60 done
/usr/local/lib/python3.12/site-packages/sklearn/preprocessing/_discretization.py:385: UserWarning: Bins whose width are too small (i.e., <= 1e-8) in feature 0 are removed. Consider decreasing the number of bins.
  warnings.warn(
/usr/local/lib/python3.12/site-packages/sklearn/preprocessing/_discretization.py:385: UserWarning: Bins whose width are too small (i.e., <= 1e-8) in feature 0 are removed. Consider decreasing the number of bins.
  warnings.warn(
/usr/local/lib/python3.12/site-packages/sklearn/preprocessing/_discretization.py:385: UserWarning: Bins whose width are too small (i.e., <= 1e-8) in feature 0 are removed. Consider decreasing the number of bins.
  warnings.warn(
/usr/local/lib/python3.12/site-packages/sklearn/preprocessing/_discretization.py:385: UserWarning: Bins whose width are too small (i.e., <= 1e-8) in feature 0 are removed. Consider decreasing the number of bins.
  warnings.warn(
ea_000 100 none 300 done
/usr/local/lib/python3.12/site-packages/sklearn/preprocessing/_discretization.py:385: UserWarning: Bins whose width are too small (i.e., <= 1e-8) in feature 0 are removed. Consider decreasing the number of bins.
  warnings.warn(
/usr/local/lib/python3.12/site-packages/sklearn/preprocessing/_discretization.py:385: UserWarning: Bins whose width are too small (i.e., <= 1e-8) in feature 0 are removed. Consider decreasing the number of bins.
  warnings.warn(
/usr/local/lib/python3.12/site-packages/sklearn/preprocessing/_discretization.py:385: UserWarning: Bins whose width are too small (i.e., <= 1e-8) in feature 0 are removed. Consider decreasing the number of bins.
  warnings.warn(
/usr/local/lib/python3.12/site-packages/sklearn/preprocessing/_discretization.py:385: UserWarning: Bins whose width are too small (i.e., <= 1e-8) in feature 0 are removed. Consider decreasing the number of bins.
  warnings.warn(
ce_000 10 auto 60 done
/usr/local/lib/python3.12/site-packages/sklearn/preprocessing/_discretization.py:385: UserWarning: Bins whose width are too small (i.e., <= 1e-8) in feature 0 are removed. Consider decreasing the number of bins.
  warnings.warn(
/usr/local/lib/python3.12/site-packages/sklearn/preprocessing/_discretization.py:385: UserWarning: Bins whose width are too small (i.e., <= 1e-8) in feature 0 are removed. Consider decreasing the number of bins.
  warnings.warn(
/usr/local/lib/python3.12/site-packages/sklearn/preprocessing/_discretization.py:385: UserWarning: Bins whose width are too small (i.e., <= 1e-8) in feature 0 are removed. Consider decreasing the number of bins.
  warnings.warn(
/usr/local/lib/python3.12/site-packages/sklearn/preprocessing/_discretization.py:385: UserWarning: Bins whose width are too small (i.e., <= 1e-8) in feature 0 are removed. Consider decreasing the number of bins.
  warnings.warn(
ce_000 10 auto 300 done
/usr/local/lib/python3.12/site-packages/sklearn/preprocessing/_discretization.py:385: UserWarning: Bins whose width are too small (i.e., <= 1e-8) in feature 0 are removed. Consider decreasing the number of bins.
  warnings.warn(
/usr/local/lib/python3.12/site-packages/sklearn/preprocessing/_discretization.py:385: UserWarning: Bins whose width are too small (i.e., <= 1e-8) in feature 0 are removed. Consider decreasing the number of bins.
  warnings.warn(
/usr/local/lib/python3.12/site-packages/sklearn/preprocessing/_discretization.py:385: UserWarning: Bins whose width are too small (i.e., <= 1e-8) in feature 0 are removed. Consider decreasing the number of bins.
  warnings.warn(
/usr/local/lib/python3.12/site-packages/sklearn/preprocessing/_discretization.py:385: UserWarning: Bins whose width are too small (i.e., <= 1e-8) in feature 0 are removed. Consider decreasing the number of bins.
  warnings.warn(
ce_000 10 none 60 done
/usr/local/lib/python3.12/site-packages/sklearn/preprocessing/_discretization.py:385: UserWarning: Bins whose width are too small (i.e., <= 1e-8) in feature 0 are removed. Consider decreasing the number of bins.
  warnings.warn(
/usr/local/lib/python3.12/site-packages/sklearn/preprocessing/_discretization.py:385: UserWarning: Bins whose width are too small (i.e., <= 1e-8) in feature 0 are removed. Consider decreasing the number of bins.
  warnings.warn(
/usr/local/lib/python3.12/site-packages/sklearn/preprocessing/_discretization.py:385: UserWarning: Bins whose width are too small (i.e., <= 1e-8) in feature 0 are removed. Consider decreasing the number of bins.
  warnings.warn(
/usr/local/lib/python3.12/site-packages/sklearn/preprocessing/_discretization.py:385: UserWarning: Bins whose width are too small (i.e., <= 1e-8) in feature 0 are removed. Consider decreasing the number of bins.
  warnings.warn(
ce_000 10 none 300 done
/usr/local/lib/python3.12/site-packages/sklearn/preprocessing/_discretization.py:385: UserWarning: Bins whose width are too small (i.e., <= 1e-8) in feature 0 are removed. Consider decreasing the number of bins.
  warnings.warn(
/usr/local/lib/python3.12/site-packages/sklearn/preprocessing/_discretization.py:385: UserWarning: Bins whose width are too small (i.e., <= 1e-8) in feature 0 are removed. Consider decreasing the number of bins.
  warnings.warn(
/usr/local/lib/python3.12/site-packages/sklearn/preprocessing/_discretization.py:385: UserWarning: Bins whose width are too small (i.e., <= 1e-8) in feature 0 are removed. Consider decreasing the number of bins.
  warnings.warn(
/usr/local/lib/python3.12/site-packages/sklearn/preprocessing/_discretization.py:385: UserWarning: Bins whose width are too small (i.e., <= 1e-8) in feature 0 are removed. Consider decreasing the number of bins.
  warnings.warn(
ce_000 20 auto 60 done
/usr/local/lib/python3.12/site-packages/sklearn/preprocessing/_discretization.py:385: UserWarning: Bins whose width are too small (i.e., <= 1e-8) in feature 0 are removed. Consider decreasing the number of bins.
  warnings.warn(
/usr/local/lib/python3.12/site-packages/sklearn/preprocessing/_discretization.py:385: UserWarning: Bins whose width are too small (i.e., <= 1e-8) in feature 0 are removed. Consider decreasing the number of bins.
  warnings.warn(
/usr/local/lib/python3.12/site-packages/sklearn/preprocessing/_discretization.py:385: UserWarning: Bins whose width are too small (i.e., <= 1e-8) in feature 0 are removed. Consider decreasing the number of bins.
  warnings.warn(
/usr/local/lib/python3.12/site-packages/sklearn/preprocessing/_discretization.py:385: UserWarning: Bins whose width are too small (i.e., <= 1e-8) in feature 0 are removed. Consider decreasing the number of bins.
  warnings.warn(
ce_000 20 auto 300 done
/usr/local/lib/python3.12/site-packages/sklearn/preprocessing/_discretization.py:385: UserWarning: Bins whose width are too small (i.e., <= 1e-8) in feature 0 are removed. Consider decreasing the number of bins.
  warnings.warn(
/usr/local/lib/python3.12/site-packages/sklearn/preprocessing/_discretization.py:385: UserWarning: Bins whose width are too small (i.e., <= 1e-8) in feature 0 are removed. Consider decreasing the number of bins.
  warnings.warn(
/usr/local/lib/python3.12/site-packages/sklearn/preprocessing/_discretization.py:385: UserWarning: Bins whose width are too small (i.e., <= 1e-8) in feature 0 are removed. Consider decreasing the number of bins.
  warnings.warn(
/usr/local/lib/python3.12/site-packages/sklearn/preprocessing/_discretization.py:385: UserWarning: Bins whose width are too small (i.e., <= 1e-8) in feature 0 are removed. Consider decreasing the number of bins.
  warnings.warn(
ce_000 20 none 60 done
/usr/local/lib/python3.12/site-packages/sklearn/preprocessing/_discretization.py:385: UserWarning: Bins whose width are too small (i.e., <= 1e-8) in feature 0 are removed. Consider decreasing the number of bins.
  warnings.warn(
/usr/local/lib/python3.12/site-packages/sklearn/preprocessing/_discretization.py:385: UserWarning: Bins whose width are too small (i.e., <= 1e-8) in feature 0 are removed. Consider decreasing the number of bins.
  warnings.warn(
/usr/local/lib/python3.12/site-packages/sklearn/preprocessing/_discretization.py:385: UserWarning: Bins whose width are too small (i.e., <= 1e-8) in feature 0 are removed. Consider decreasing the number of bins.
  warnings.warn(
/usr/local/lib/python3.12/site-packages/sklearn/preprocessing/_discretization.py:385: UserWarning: Bins whose width are too small (i.e., <= 1e-8) in feature 0 are removed. Consider decreasing the number of bins.
  warnings.warn(
ce_000 20 none 300 done
/usr/local/lib/python3.12/site-packages/sklearn/preprocessing/_discretization.py:385: UserWarning: Bins whose width are too small (i.e., <= 1e-8) in feature 0 are removed. Consider decreasing the number of bins.
  warnings.warn(
/usr/local/lib/python3.12/site-packages/sklearn/preprocessing/_discretization.py:385: UserWarning: Bins whose width are too small (i.e., <= 1e-8) in feature 0 are removed. Consider decreasing the number of bins.
  warnings.warn(
/usr/local/lib/python3.12/site-packages/sklearn/preprocessing/_discretization.py:385: UserWarning: Bins whose width are too small (i.e., <= 1e-8) in feature 0 are removed. Consider decreasing the number of bins.
  warnings.warn(
/usr/local/lib/python3.12/site-packages/sklearn/preprocessing/_discretization.py:385: UserWarning: Bins whose width are too small (i.e., <= 1e-8) in feature 0 are removed. Consider decreasing the number of bins.
  warnings.warn(
ce_000 40 auto 60 done
/usr/local/lib/python3.12/site-packages/sklearn/preprocessing/_discretization.py:385: UserWarning: Bins whose width are too small (i.e., <= 1e-8) in feature 0 are removed. Consider decreasing the number of bins.
  warnings.warn(
/usr/local/lib/python3.12/site-packages/sklearn/preprocessing/_discretization.py:385: UserWarning: Bins whose width are too small (i.e., <= 1e-8) in feature 0 are removed. Consider decreasing the number of bins.
  warnings.warn(
/usr/local/lib/python3.12/site-packages/sklearn/preprocessing/_discretization.py:385: UserWarning: Bins whose width are too small (i.e., <= 1e-8) in feature 0 are removed. Consider decreasing the number of bins.
  warnings.warn(
/usr/local/lib/python3.12/site-packages/sklearn/preprocessing/_discretization.py:385: UserWarning: Bins whose width are too small (i.e., <= 1e-8) in feature 0 are removed. Consider decreasing the number of bins.
  warnings.warn(
ce_000 40 auto 300 done
/usr/local/lib/python3.12/site-packages/sklearn/preprocessing/_discretization.py:385: UserWarning: Bins whose width are too small (i.e., <= 1e-8) in feature 0 are removed. Consider decreasing the number of bins.
  warnings.warn(
/usr/local/lib/python3.12/site-packages/sklearn/preprocessing/_discretization.py:385: UserWarning: Bins whose width are too small (i.e., <= 1e-8) in feature 0 are removed. Consider decreasing the number of bins.
  warnings.warn(
/usr/local/lib/python3.12/site-packages/sklearn/preprocessing/_discretization.py:385: UserWarning: Bins whose width are too small (i.e., <= 1e-8) in feature 0 are removed. Consider decreasing the number of bins.
  warnings.warn(
/usr/local/lib/python3.12/site-packages/sklearn/preprocessing/_discretization.py:385: UserWarning: Bins whose width are too small (i.e., <= 1e-8) in feature 0 are removed. Consider decreasing the number of bins.
  warnings.warn(
ce_000 40 none 60 done
/usr/local/lib/python3.12/site-packages/sklearn/preprocessing/_discretization.py:385: UserWarning: Bins whose width are too small (i.e., <= 1e-8) in feature 0 are removed. Consider decreasing the number of bins.
  warnings.warn(
/usr/local/lib/python3.12/site-packages/sklearn/preprocessing/_discretization.py:385: UserWarning: Bins whose width are too small (i.e., <= 1e-8) in feature 0 are removed. Consider decreasing the number of bins.
  warnings.warn(
/usr/local/lib/python3.12/site-packages/sklearn/preprocessing/_discretization.py:385: UserWarning: Bins whose width are too small (i.e., <= 1e-8) in feature 0 are removed. Consider decreasing the number of bins.
  warnings.warn(
/usr/local/lib/python3.12/site-packages/sklearn/preprocessing/_discretization.py:385: UserWarning: Bins whose width are too small (i.e., <= 1e-8) in feature 0 are removed. Consider decreasing the number of bins.
  warnings.warn(
ce_000 40 none 300 done
/usr/local/lib/python3.12/site-packages/sklearn/preprocessing/_discretization.py:385: UserWarning: Bins whose width are too small (i.e., <= 1e-8) in feature 0 are removed. Consider decreasing the number of bins.
  warnings.warn(
/usr/local/lib/python3.12/site-packages/sklearn/preprocessing/_discretization.py:385: UserWarning: Bins whose width are too small (i.e., <= 1e-8) in feature 0 are removed. Consider decreasing the number of bins.
  warnings.warn(
/usr/local/lib/python3.12/site-packages/sklearn/preprocessing/_discretization.py:385: UserWarning: Bins whose width are too small (i.e., <= 1e-8) in feature 0 are removed. Consider decreasing the number of bins.
  warnings.warn(
/usr/local/lib/python3.12/site-packages/sklearn/preprocessing/_discretization.py:385: UserWarning: Bins whose width are too small (i.e., <= 1e-8) in feature 0 are removed. Consider decreasing the number of bins.
  warnings.warn(
ce_000 60 auto 60 done
/usr/local/lib/python3.12/site-packages/sklearn/preprocessing/_discretization.py:385: UserWarning: Bins whose width are too small (i.e., <= 1e-8) in feature 0 are removed. Consider decreasing the number of bins.
  warnings.warn(
/usr/local/lib/python3.12/site-packages/sklearn/preprocessing/_discretization.py:385: UserWarning: Bins whose width are too small (i.e., <= 1e-8) in feature 0 are removed. Consider decreasing the number of bins.
  warnings.warn(
/usr/local/lib/python3.12/site-packages/sklearn/preprocessing/_discretization.py:385: UserWarning: Bins whose width are too small (i.e., <= 1e-8) in feature 0 are removed. Consider decreasing the number of bins.
  warnings.warn(
/usr/local/lib/python3.12/site-packages/sklearn/preprocessing/_discretization.py:385: UserWarning: Bins whose width are too small (i.e., <= 1e-8) in feature 0 are removed. Consider decreasing the number of bins.
  warnings.warn(
ce_000 60 auto 300 done
/usr/local/lib/python3.12/site-packages/sklearn/preprocessing/_discretization.py:385: UserWarning: Bins whose width are too small (i.e., <= 1e-8) in feature 0 are removed. Consider decreasing the number of bins.
  warnings.warn(
/usr/local/lib/python3.12/site-packages/sklearn/preprocessing/_discretization.py:385: UserWarning: Bins whose width are too small (i.e., <= 1e-8) in feature 0 are removed. Consider decreasing the number of bins.
  warnings.warn(
/usr/local/lib/python3.12/site-packages/sklearn/preprocessing/_discretization.py:385: UserWarning: Bins whose width are too small (i.e., <= 1e-8) in feature 0 are removed. Consider decreasing the number of bins.
  warnings.warn(
/usr/local/lib/python3.12/site-packages/sklearn/preprocessing/_discretization.py:385: UserWarning: Bins whose width are too small (i.e., <= 1e-8) in feature 0 are removed. Consider decreasing the number of bins.
  warnings.warn(
ce_000 60 none 60 done
/usr/local/lib/python3.12/site-packages/sklearn/preprocessing/_discretization.py:385: UserWarning: Bins whose width are too small (i.e., <= 1e-8) in feature 0 are removed. Consider decreasing the number of bins.
  warnings.warn(
/usr/local/lib/python3.12/site-packages/sklearn/preprocessing/_discretization.py:385: UserWarning: Bins whose width are too small (i.e., <= 1e-8) in feature 0 are removed. Consider decreasing the number of bins.
  warnings.warn(
/usr/local/lib/python3.12/site-packages/sklearn/preprocessing/_discretization.py:385: UserWarning: Bins whose width are too small (i.e., <= 1e-8) in feature 0 are removed. Consider decreasing the number of bins.
  warnings.warn(
/usr/local/lib/python3.12/site-packages/sklearn/preprocessing/_discretization.py:385: UserWarning: Bins whose width are too small (i.e., <= 1e-8) in feature 0 are removed. Consider decreasing the number of bins.
  warnings.warn(
ce_000 60 none 300 done
/usr/local/lib/python3.12/site-packages/sklearn/preprocessing/_discretization.py:385: UserWarning: Bins whose width are too small (i.e., <= 1e-8) in feature 0 are removed. Consider decreasing the number of bins.
  warnings.warn(
/usr/local/lib/python3.12/site-packages/sklearn/preprocessing/_discretization.py:385: UserWarning: Bins whose width are too small (i.e., <= 1e-8) in feature 0 are removed. Consider decreasing the number of bins.
  warnings.warn(
/usr/local/lib/python3.12/site-packages/sklearn/preprocessing/_discretization.py:385: UserWarning: Bins whose width are too small (i.e., <= 1e-8) in feature 0 are removed. Consider decreasing the number of bins.
  warnings.warn(
/usr/local/lib/python3.12/site-packages/sklearn/preprocessing/_discretization.py:385: UserWarning: Bins whose width are too small (i.e., <= 1e-8) in feature 0 are removed. Consider decreasing the number of bins.
  warnings.warn(
ce_000 80 auto 60 done
/usr/local/lib/python3.12/site-packages/sklearn/preprocessing/_discretization.py:385: UserWarning: Bins whose width are too small (i.e., <= 1e-8) in feature 0 are removed. Consider decreasing the number of bins.
  warnings.warn(
/usr/local/lib/python3.12/site-packages/sklearn/preprocessing/_discretization.py:385: UserWarning: Bins whose width are too small (i.e., <= 1e-8) in feature 0 are removed. Consider decreasing the number of bins.
  warnings.warn(
/usr/local/lib/python3.12/site-packages/sklearn/preprocessing/_discretization.py:385: UserWarning: Bins whose width are too small (i.e., <= 1e-8) in feature 0 are removed. Consider decreasing the number of bins.
  warnings.warn(
/usr/local/lib/python3.12/site-packages/sklearn/preprocessing/_discretization.py:385: UserWarning: Bins whose width are too small (i.e., <= 1e-8) in feature 0 are removed. Consider decreasing the number of bins.
  warnings.warn(
ce_000 80 auto 300 done
/usr/local/lib/python3.12/site-packages/sklearn/preprocessing/_discretization.py:385: UserWarning: Bins whose width are too small (i.e., <= 1e-8) in feature 0 are removed. Consider decreasing the number of bins.
  warnings.warn(
/usr/local/lib/python3.12/site-packages/sklearn/preprocessing/_discretization.py:385: UserWarning: Bins whose width are too small (i.e., <= 1e-8) in feature 0 are removed. Consider decreasing the number of bins.
  warnings.warn(
/usr/local/lib/python3.12/site-packages/sklearn/preprocessing/_discretization.py:385: UserWarning: Bins whose width are too small (i.e., <= 1e-8) in feature 0 are removed. Consider decreasing the number of bins.
  warnings.warn(
/usr/local/lib/python3.12/site-packages/sklearn/preprocessing/_discretization.py:385: UserWarning: Bins whose width are too small (i.e., <= 1e-8) in feature 0 are removed. Consider decreasing the number of bins.
  warnings.warn(
ce_000 80 none 60 done
/usr/local/lib/python3.12/site-packages/sklearn/preprocessing/_discretization.py:385: UserWarning: Bins whose width are too small (i.e., <= 1e-8) in feature 0 are removed. Consider decreasing the number of bins.
  warnings.warn(
/usr/local/lib/python3.12/site-packages/sklearn/preprocessing/_discretization.py:385: UserWarning: Bins whose width are too small (i.e., <= 1e-8) in feature 0 are removed. Consider decreasing the number of bins.
  warnings.warn(
/usr/local/lib/python3.12/site-packages/sklearn/preprocessing/_discretization.py:385: UserWarning: Bins whose width are too small (i.e., <= 1e-8) in feature 0 are removed. Consider decreasing the number of bins.
  warnings.warn(
/usr/local/lib/python3.12/site-packages/sklearn/preprocessing/_discretization.py:385: UserWarning: Bins whose width are too small (i.e., <= 1e-8) in feature 0 are removed. Consider decreasing the number of bins.
  warnings.warn(
ce_000 80 none 300 done
/usr/local/lib/python3.12/site-packages/sklearn/preprocessing/_discretization.py:385: UserWarning: Bins whose width are too small (i.e., <= 1e-8) in feature 0 are removed. Consider decreasing the number of bins.
  warnings.warn(
/usr/local/lib/python3.12/site-packages/sklearn/preprocessing/_discretization.py:385: UserWarning: Bins whose width are too small (i.e., <= 1e-8) in feature 0 are removed. Consider decreasing the number of bins.
  warnings.warn(
/usr/local/lib/python3.12/site-packages/sklearn/preprocessing/_discretization.py:385: UserWarning: Bins whose width are too small (i.e., <= 1e-8) in feature 0 are removed. Consider decreasing the number of bins.
  warnings.warn(
/usr/local/lib/python3.12/site-packages/sklearn/preprocessing/_discretization.py:385: UserWarning: Bins whose width are too small (i.e., <= 1e-8) in feature 0 are removed. Consider decreasing the number of bins.
  warnings.warn(
ce_000 100 auto 60 done
/usr/local/lib/python3.12/site-packages/sklearn/preprocessing/_discretization.py:385: UserWarning: Bins whose width are too small (i.e., <= 1e-8) in feature 0 are removed. Consider decreasing the number of bins.
  warnings.warn(
/usr/local/lib/python3.12/site-packages/sklearn/preprocessing/_discretization.py:385: UserWarning: Bins whose width are too small (i.e., <= 1e-8) in feature 0 are removed. Consider decreasing the number of bins.
  warnings.warn(
/usr/local/lib/python3.12/site-packages/sklearn/preprocessing/_discretization.py:385: UserWarning: Bins whose width are too small (i.e., <= 1e-8) in feature 0 are removed. Consider decreasing the number of bins.
  warnings.warn(
/usr/local/lib/python3.12/site-packages/sklearn/preprocessing/_discretization.py:385: UserWarning: Bins whose width are too small (i.e., <= 1e-8) in feature 0 are removed. Consider decreasing the number of bins.
  warnings.warn(
ce_000 100 auto 300 done
/usr/local/lib/python3.12/site-packages/sklearn/preprocessing/_discretization.py:385: UserWarning: Bins whose width are too small (i.e., <= 1e-8) in feature 0 are removed. Consider decreasing the number of bins.
  warnings.warn(
/usr/local/lib/python3.12/site-packages/sklearn/preprocessing/_discretization.py:385: UserWarning: Bins whose width are too small (i.e., <= 1e-8) in feature 0 are removed. Consider decreasing the number of bins.
  warnings.warn(
/usr/local/lib/python3.12/site-packages/sklearn/preprocessing/_discretization.py:385: UserWarning: Bins whose width are too small (i.e., <= 1e-8) in feature 0 are removed. Consider decreasing the number of bins.
  warnings.warn(
/usr/local/lib/python3.12/site-packages/sklearn/preprocessing/_discretization.py:385: UserWarning: Bins whose width are too small (i.e., <= 1e-8) in feature 0 are removed. Consider decreasing the number of bins.
  warnings.warn(
ce_000 100 none 60 done
/usr/local/lib/python3.12/site-packages/sklearn/preprocessing/_discretization.py:385: UserWarning: Bins whose width are too small (i.e., <= 1e-8) in feature 0 are removed. Consider decreasing the number of bins.
  warnings.warn(
/usr/local/lib/python3.12/site-packages/sklearn/preprocessing/_discretization.py:385: UserWarning: Bins whose width are too small (i.e., <= 1e-8) in feature 0 are removed. Consider decreasing the number of bins.
  warnings.warn(
/usr/local/lib/python3.12/site-packages/sklearn/preprocessing/_discretization.py:385: UserWarning: Bins whose width are too small (i.e., <= 1e-8) in feature 0 are removed. Consider decreasing the number of bins.
  warnings.warn(
/usr/local/lib/python3.12/site-packages/sklearn/preprocessing/_discretization.py:385: UserWarning: Bins whose width are too small (i.e., <= 1e-8) in feature 0 are removed. Consider decreasing the number of bins.
  warnings.warn(
ce_000 100 none 300 done
bd_000 10 auto 60 done
bd_000 10 auto 300 done
bd_000 10 none 60 done
bd_000 10 none 300 done
/usr/local/lib/python3.12/site-packages/sklearn/preprocessing/_discretization.py:385: UserWarning: Bins whose width are too small (i.e., <= 1e-8) in feature 0 are removed. Consider decreasing the number of bins.
  warnings.warn(
/usr/local/lib/python3.12/site-packages/sklearn/preprocessing/_discretization.py:385: UserWarning: Bins whose width are too small (i.e., <= 1e-8) in feature 0 are removed. Consider decreasing the number of bins.
  warnings.warn(
/usr/local/lib/python3.12/site-packages/sklearn/preprocessing/_discretization.py:385: UserWarning: Bins whose width are too small (i.e., <= 1e-8) in feature 0 are removed. Consider decreasing the number of bins.
  warnings.warn(
/usr/local/lib/python3.12/site-packages/sklearn/preprocessing/_discretization.py:385: UserWarning: Bins whose width are too small (i.e., <= 1e-8) in feature 0 are removed. Consider decreasing the number of bins.
  warnings.warn(
bd_000 20 auto 60 done
/usr/local/lib/python3.12/site-packages/sklearn/preprocessing/_discretization.py:385: UserWarning: Bins whose width are too small (i.e., <= 1e-8) in feature 0 are removed. Consider decreasing the number of bins.
  warnings.warn(
/usr/local/lib/python3.12/site-packages/sklearn/preprocessing/_discretization.py:385: UserWarning: Bins whose width are too small (i.e., <= 1e-8) in feature 0 are removed. Consider decreasing the number of bins.
  warnings.warn(
/usr/local/lib/python3.12/site-packages/sklearn/preprocessing/_discretization.py:385: UserWarning: Bins whose width are too small (i.e., <= 1e-8) in feature 0 are removed. Consider decreasing the number of bins.
  warnings.warn(
/usr/local/lib/python3.12/site-packages/sklearn/preprocessing/_discretization.py:385: UserWarning: Bins whose width are too small (i.e., <= 1e-8) in feature 0 are removed. Consider decreasing the number of bins.
  warnings.warn(
bd_000 20 auto 300 done
/usr/local/lib/python3.12/site-packages/sklearn/preprocessing/_discretization.py:385: UserWarning: Bins whose width are too small (i.e., <= 1e-8) in feature 0 are removed. Consider decreasing the number of bins.
  warnings.warn(
/usr/local/lib/python3.12/site-packages/sklearn/preprocessing/_discretization.py:385: UserWarning: Bins whose width are too small (i.e., <= 1e-8) in feature 0 are removed. Consider decreasing the number of bins.
  warnings.warn(
/usr/local/lib/python3.12/site-packages/sklearn/preprocessing/_discretization.py:385: UserWarning: Bins whose width are too small (i.e., <= 1e-8) in feature 0 are removed. Consider decreasing the number of bins.
  warnings.warn(
/usr/local/lib/python3.12/site-packages/sklearn/preprocessing/_discretization.py:385: UserWarning: Bins whose width are too small (i.e., <= 1e-8) in feature 0 are removed. Consider decreasing the number of bins.
  warnings.warn(
bd_000 20 none 60 done
/usr/local/lib/python3.12/site-packages/sklearn/preprocessing/_discretization.py:385: UserWarning: Bins whose width are too small (i.e., <= 1e-8) in feature 0 are removed. Consider decreasing the number of bins.
  warnings.warn(
/usr/local/lib/python3.12/site-packages/sklearn/preprocessing/_discretization.py:385: UserWarning: Bins whose width are too small (i.e., <= 1e-8) in feature 0 are removed. Consider decreasing the number of bins.
  warnings.warn(
/usr/local/lib/python3.12/site-packages/sklearn/preprocessing/_discretization.py:385: UserWarning: Bins whose width are too small (i.e., <= 1e-8) in feature 0 are removed. Consider decreasing the number of bins.
  warnings.warn(
/usr/local/lib/python3.12/site-packages/sklearn/preprocessing/_discretization.py:385: UserWarning: Bins whose width are too small (i.e., <= 1e-8) in feature 0 are removed. Consider decreasing the number of bins.
  warnings.warn(
bd_000 20 none 300 done
/usr/local/lib/python3.12/site-packages/sklearn/preprocessing/_discretization.py:385: UserWarning: Bins whose width are too small (i.e., <= 1e-8) in feature 0 are removed. Consider decreasing the number of bins.
  warnings.warn(
/usr/local/lib/python3.12/site-packages/sklearn/preprocessing/_discretization.py:385: UserWarning: Bins whose width are too small (i.e., <= 1e-8) in feature 0 are removed. Consider decreasing the number of bins.
  warnings.warn(
/usr/local/lib/python3.12/site-packages/sklearn/preprocessing/_discretization.py:385: UserWarning: Bins whose width are too small (i.e., <= 1e-8) in feature 0 are removed. Consider decreasing the number of bins.
  warnings.warn(
/usr/local/lib/python3.12/site-packages/sklearn/preprocessing/_discretization.py:385: UserWarning: Bins whose width are too small (i.e., <= 1e-8) in feature 0 are removed. Consider decreasing the number of bins.
  warnings.warn(
bd_000 40 auto 60 done
/usr/local/lib/python3.12/site-packages/sklearn/preprocessing/_discretization.py:385: UserWarning: Bins whose width are too small (i.e., <= 1e-8) in feature 0 are removed. Consider decreasing the number of bins.
  warnings.warn(
/usr/local/lib/python3.12/site-packages/sklearn/preprocessing/_discretization.py:385: UserWarning: Bins whose width are too small (i.e., <= 1e-8) in feature 0 are removed. Consider decreasing the number of bins.
  warnings.warn(
/usr/local/lib/python3.12/site-packages/sklearn/preprocessing/_discretization.py:385: UserWarning: Bins whose width are too small (i.e., <= 1e-8) in feature 0 are removed. Consider decreasing the number of bins.
  warnings.warn(
/usr/local/lib/python3.12/site-packages/sklearn/preprocessing/_discretization.py:385: UserWarning: Bins whose width are too small (i.e., <= 1e-8) in feature 0 are removed. Consider decreasing the number of bins.
  warnings.warn(
bd_000 40 auto 300 done
/usr/local/lib/python3.12/site-packages/sklearn/preprocessing/_discretization.py:385: UserWarning: Bins whose width are too small (i.e., <= 1e-8) in feature 0 are removed. Consider decreasing the number of bins.
  warnings.warn(
/usr/local/lib/python3.12/site-packages/sklearn/preprocessing/_discretization.py:385: UserWarning: Bins whose width are too small (i.e., <= 1e-8) in feature 0 are removed. Consider decreasing the number of bins.
  warnings.warn(
/usr/local/lib/python3.12/site-packages/sklearn/preprocessing/_discretization.py:385: UserWarning: Bins whose width are too small (i.e., <= 1e-8) in feature 0 are removed. Consider decreasing the number of bins.
  warnings.warn(
/usr/local/lib/python3.12/site-packages/sklearn/preprocessing/_discretization.py:385: UserWarning: Bins whose width are too small (i.e., <= 1e-8) in feature 0 are removed. Consider decreasing the number of bins.
  warnings.warn(
bd_000 40 none 60 done
/usr/local/lib/python3.12/site-packages/sklearn/preprocessing/_discretization.py:385: UserWarning: Bins whose width are too small (i.e., <= 1e-8) in feature 0 are removed. Consider decreasing the number of bins.
  warnings.warn(
/usr/local/lib/python3.12/site-packages/sklearn/preprocessing/_discretization.py:385: UserWarning: Bins whose width are too small (i.e., <= 1e-8) in feature 0 are removed. Consider decreasing the number of bins.
  warnings.warn(
/usr/local/lib/python3.12/site-packages/sklearn/preprocessing/_discretization.py:385: UserWarning: Bins whose width are too small (i.e., <= 1e-8) in feature 0 are removed. Consider decreasing the number of bins.
  warnings.warn(
/usr/local/lib/python3.12/site-packages/sklearn/preprocessing/_discretization.py:385: UserWarning: Bins whose width are too small (i.e., <= 1e-8) in feature 0 are removed. Consider decreasing the number of bins.
  warnings.warn(
bd_000 40 none 300 done
/usr/local/lib/python3.12/site-packages/sklearn/preprocessing/_discretization.py:385: UserWarning: Bins whose width are too small (i.e., <= 1e-8) in feature 0 are removed. Consider decreasing the number of bins.
  warnings.warn(
/usr/local/lib/python3.12/site-packages/sklearn/preprocessing/_discretization.py:385: UserWarning: Bins whose width are too small (i.e., <= 1e-8) in feature 0 are removed. Consider decreasing the number of bins.
  warnings.warn(
/usr/local/lib/python3.12/site-packages/sklearn/preprocessing/_discretization.py:385: UserWarning: Bins whose width are too small (i.e., <= 1e-8) in feature 0 are removed. Consider decreasing the number of bins.
  warnings.warn(
E0000 00:00:1785867478.016562  322646 linear_solver.cc:2026] No solution exists. MPSolverInterface::result_status_ = MPSOLVER_INFEASIBLE
/usr/local/lib/python3.12/site-packages/sklearn/preprocessing/_discretization.py:385: UserWarning: Bins whose width are too small (i.e., <= 1e-8) in feature 0 are removed. Consider decreasing the number of bins.
  warnings.warn(
bd_000 60 auto 60 done
/usr/local/lib/python3.12/site-packages/sklearn/preprocessing/_discretization.py:385: UserWarning: Bins whose width are too small (i.e., <= 1e-8) in feature 0 are removed. Consider decreasing the number of bins.
  warnings.warn(
/usr/local/lib/python3.12/site-packages/sklearn/preprocessing/_discretization.py:385: UserWarning: Bins whose width are too small (i.e., <= 1e-8) in feature 0 are removed. Consider decreasing the number of bins.
  warnings.warn(
/usr/local/lib/python3.12/site-packages/sklearn/preprocessing/_discretization.py:385: UserWarning: Bins whose width are too small (i.e., <= 1e-8) in feature 0 are removed. Consider decreasing the number of bins.
  warnings.warn(
E0000 00:00:1785867482.350138  322646 linear_solver.cc:2026] No solution exists. MPSolverInterface::result_status_ = MPSOLVER_INFEASIBLE
/usr/local/lib/python3.12/site-packages/sklearn/preprocessing/_discretization.py:385: UserWarning: Bins whose width are too small (i.e., <= 1e-8) in feature 0 are removed. Consider decreasing the number of bins.
  warnings.warn(
bd_000 60 auto 300 done
/usr/local/lib/python3.12/site-packages/sklearn/preprocessing/_discretization.py:385: UserWarning: Bins whose width are too small (i.e., <= 1e-8) in feature 0 are removed. Consider decreasing the number of bins.
  warnings.warn(
/usr/local/lib/python3.12/site-packages/sklearn/preprocessing/_discretization.py:385: UserWarning: Bins whose width are too small (i.e., <= 1e-8) in feature 0 are removed. Consider decreasing the number of bins.
  warnings.warn(
/usr/local/lib/python3.12/site-packages/sklearn/preprocessing/_discretization.py:385: UserWarning: Bins whose width are too small (i.e., <= 1e-8) in feature 0 are removed. Consider decreasing the number of bins.
  warnings.warn(
/usr/local/lib/python3.12/site-packages/sklearn/preprocessing/_discretization.py:385: UserWarning: Bins whose width are too small (i.e., <= 1e-8) in feature 0 are removed. Consider decreasing the number of bins.
  warnings.warn(
bd_000 60 none 60 done
/usr/local/lib/python3.12/site-packages/sklearn/preprocessing/_discretization.py:385: UserWarning: Bins whose width are too small (i.e., <= 1e-8) in feature 0 are removed. Consider decreasing the number of bins.
  warnings.warn(
/usr/local/lib/python3.12/site-packages/sklearn/preprocessing/_discretization.py:385: UserWarning: Bins whose width are too small (i.e., <= 1e-8) in feature 0 are removed. Consider decreasing the number of bins.
  warnings.warn(
/usr/local/lib/python3.12/site-packages/sklearn/preprocessing/_discretization.py:385: UserWarning: Bins whose width are too small (i.e., <= 1e-8) in feature 0 are removed. Consider decreasing the number of bins.
  warnings.warn(
/usr/local/lib/python3.12/site-packages/sklearn/preprocessing/_discretization.py:385: UserWarning: Bins whose width are too small (i.e., <= 1e-8) in feature 0 are removed. Consider decreasing the number of bins.
  warnings.warn(
bd_000 60 none 300 done
/usr/local/lib/python3.12/site-packages/sklearn/preprocessing/_discretization.py:385: UserWarning: Bins whose width are too small (i.e., <= 1e-8) in feature 0 are removed. Consider decreasing the number of bins.
  warnings.warn(
/usr/local/lib/python3.12/site-packages/sklearn/preprocessing/_discretization.py:385: UserWarning: Bins whose width are too small (i.e., <= 1e-8) in feature 0 are removed. Consider decreasing the number of bins.
  warnings.warn(
/usr/local/lib/python3.12/site-packages/sklearn/preprocessing/_discretization.py:385: UserWarning: Bins whose width are too small (i.e., <= 1e-8) in feature 0 are removed. Consider decreasing the number of bins.
  warnings.warn(
E0000 00:00:1785867491.741129  322646 linear_solver.cc:2026] No solution exists. MPSolverInterface::result_status_ = MPSOLVER_INFEASIBLE
/usr/local/lib/python3.12/site-packages/sklearn/preprocessing/_discretization.py:385: UserWarning: Bins whose width are too small (i.e., <= 1e-8) in feature 0 are removed. Consider decreasing the number of bins.
  warnings.warn(
bd_000 80 auto 60 done
/usr/local/lib/python3.12/site-packages/sklearn/preprocessing/_discretization.py:385: UserWarning: Bins whose width are too small (i.e., <= 1e-8) in feature 0 are removed. Consider decreasing the number of bins.
  warnings.warn(
/usr/local/lib/python3.12/site-packages/sklearn/preprocessing/_discretization.py:385: UserWarning: Bins whose width are too small (i.e., <= 1e-8) in feature 0 are removed. Consider decreasing the number of bins.
  warnings.warn(
/usr/local/lib/python3.12/site-packages/sklearn/preprocessing/_discretization.py:385: UserWarning: Bins whose width are too small (i.e., <= 1e-8) in feature 0 are removed. Consider decreasing the number of bins.
  warnings.warn(
E0000 00:00:1785867501.716676  322646 linear_solver.cc:2026] No solution exists. MPSolverInterface::result_status_ = MPSOLVER_INFEASIBLE
/usr/local/lib/python3.12/site-packages/sklearn/preprocessing/_discretization.py:385: UserWarning: Bins whose width are too small (i.e., <= 1e-8) in feature 0 are removed. Consider decreasing the number of bins.
  warnings.warn(
bd_000 80 auto 300 done
/usr/local/lib/python3.12/site-packages/sklearn/preprocessing/_discretization.py:385: UserWarning: Bins whose width are too small (i.e., <= 1e-8) in feature 0 are removed. Consider decreasing the number of bins.
  warnings.warn(
/usr/local/lib/python3.12/site-packages/sklearn/preprocessing/_discretization.py:385: UserWarning: Bins whose width are too small (i.e., <= 1e-8) in feature 0 are removed. Consider decreasing the number of bins.
  warnings.warn(
/usr/local/lib/python3.12/site-packages/sklearn/preprocessing/_discretization.py:385: UserWarning: Bins whose width are too small (i.e., <= 1e-8) in feature 0 are removed. Consider decreasing the number of bins.
  warnings.warn(
/usr/local/lib/python3.12/site-packages/sklearn/preprocessing/_discretization.py:385: UserWarning: Bins whose width are too small (i.e., <= 1e-8) in feature 0 are removed. Consider decreasing the number of bins.
  warnings.warn(
bd_000 80 none 60 done
/usr/local/lib/python3.12/site-packages/sklearn/preprocessing/_discretization.py:385: UserWarning: Bins whose width are too small (i.e., <= 1e-8) in feature 0 are removed. Consider decreasing the number of bins.
  warnings.warn(
/usr/local/lib/python3.12/site-packages/sklearn/preprocessing/_discretization.py:385: UserWarning: Bins whose width are too small (i.e., <= 1e-8) in feature 0 are removed. Consider decreasing the number of bins.
  warnings.warn(
/usr/local/lib/python3.12/site-packages/sklearn/preprocessing/_discretization.py:385: UserWarning: Bins whose width are too small (i.e., <= 1e-8) in feature 0 are removed. Consider decreasing the number of bins.
  warnings.warn(
/usr/local/lib/python3.12/site-packages/sklearn/preprocessing/_discretization.py:385: UserWarning: Bins whose width are too small (i.e., <= 1e-8) in feature 0 are removed. Consider decreasing the number of bins.
  warnings.warn(
bd_000 80 none 300 done
/usr/local/lib/python3.12/site-packages/sklearn/preprocessing/_discretization.py:385: UserWarning: Bins whose width are too small (i.e., <= 1e-8) in feature 0 are removed. Consider decreasing the number of bins.
  warnings.warn(
/usr/local/lib/python3.12/site-packages/sklearn/preprocessing/_discretization.py:385: UserWarning: Bins whose width are too small (i.e., <= 1e-8) in feature 0 are removed. Consider decreasing the number of bins.
  warnings.warn(
/usr/local/lib/python3.12/site-packages/sklearn/preprocessing/_discretization.py:385: UserWarning: Bins whose width are too small (i.e., <= 1e-8) in feature 0 are removed. Consider decreasing the number of bins.
  warnings.warn(
E0000 00:00:1785867514.637258  322646 linear_solver.cc:2026] No solution exists. MPSolverInterface::result_status_ = MPSOLVER_INFEASIBLE
/usr/local/lib/python3.12/site-packages/sklearn/preprocessing/_discretization.py:385: UserWarning: Bins whose width are too small (i.e., <= 1e-8) in feature 0 are removed. Consider decreasing the number of bins.
  warnings.warn(
bd_000 100 auto 60 done
/usr/local/lib/python3.12/site-packages/sklearn/preprocessing/_discretization.py:385: UserWarning: Bins whose width are too small (i.e., <= 1e-8) in feature 0 are removed. Consider decreasing the number of bins.
  warnings.warn(
/usr/local/lib/python3.12/site-packages/sklearn/preprocessing/_discretization.py:385: UserWarning: Bins whose width are too small (i.e., <= 1e-8) in feature 0 are removed. Consider decreasing the number of bins.
  warnings.warn(
/usr/local/lib/python3.12/site-packages/sklearn/preprocessing/_discretization.py:385: UserWarning: Bins whose width are too small (i.e., <= 1e-8) in feature 0 are removed. Consider decreasing the number of bins.
  warnings.warn(
E0000 00:00:1785867526.219903  322646 linear_solver.cc:2026] No solution exists. MPSolverInterface::result_status_ = MPSOLVER_INFEASIBLE
/usr/local/lib/python3.12/site-packages/sklearn/preprocessing/_discretization.py:385: UserWarning: Bins whose width are too small (i.e., <= 1e-8) in feature 0 are removed. Consider decreasing the number of bins.
  warnings.warn(
bd_000 100 auto 300 done
/usr/local/lib/python3.12/site-packages/sklearn/preprocessing/_discretization.py:385: UserWarning: Bins whose width are too small (i.e., <= 1e-8) in feature 0 are removed. Consider decreasing the number of bins.
  warnings.warn(
/usr/local/lib/python3.12/site-packages/sklearn/preprocessing/_discretization.py:385: UserWarning: Bins whose width are too small (i.e., <= 1e-8) in feature 0 are removed. Consider decreasing the number of bins.
  warnings.warn(
/usr/local/lib/python3.12/site-packages/sklearn/preprocessing/_discretization.py:385: UserWarning: Bins whose width are too small (i.e., <= 1e-8) in feature 0 are removed. Consider decreasing the number of bins.
  warnings.warn(
/usr/local/lib/python3.12/site-packages/sklearn/preprocessing/_discretization.py:385: UserWarning: Bins whose width are too small (i.e., <= 1e-8) in feature 0 are removed. Consider decreasing the number of bins.
  warnings.warn(
bd_000 100 none 60 done
/usr/local/lib/python3.12/site-packages/sklearn/preprocessing/_discretization.py:385: UserWarning: Bins whose width are too small (i.e., <= 1e-8) in feature 0 are removed. Consider decreasing the number of bins.
  warnings.warn(
/usr/local/lib/python3.12/site-packages/sklearn/preprocessing/_discretization.py:385: UserWarning: Bins whose width are too small (i.e., <= 1e-8) in feature 0 are removed. Consider decreasing the number of bins.
  warnings.warn(
/usr/local/lib/python3.12/site-packages/sklearn/preprocessing/_discretization.py:385: UserWarning: Bins whose width are too small (i.e., <= 1e-8) in feature 0 are removed. Consider decreasing the number of bins.
  warnings.warn(
/usr/local/lib/python3.12/site-packages/sklearn/preprocessing/_discretization.py:385: UserWarning: Bins whose width are too small (i.e., <= 1e-8) in feature 0 are removed. Consider decreasing the number of bins.
  warnings.warn(
bd_000 100 none 300 done
cc_000 10 auto 60 done
cc_000 10 auto 300 done
cc_000 10 none 60 done
cc_000 10 none 300 done
cc_000 20 auto 60 done
cc_000 20 auto 300 done
cc_000 20 none 60 done
cc_000 20 none 300 done
cc_000 40 auto 60 done
cc_000 40 auto 300 done
cc_000 40 none 60 done
cc_000 40 none 300 done
cc_000 60 auto 60 done
cc_000 60 auto 300 done
cc_000 60 none 60 done
cc_000 60 none 300 done
/usr/local/lib/python3.12/site-packages/sklearn/preprocessing/_discretization.py:385: UserWarning: Bins whose width are too small (i.e., <= 1e-8) in feature 0 are removed. Consider decreasing the number of bins.
  warnings.warn(
/usr/local/lib/python3.12/site-packages/sklearn/preprocessing/_discretization.py:385: UserWarning: Bins whose width are too small (i.e., <= 1e-8) in feature 0 are removed. Consider decreasing the number of bins.
  warnings.warn(
/usr/local/lib/python3.12/site-packages/sklearn/preprocessing/_discretization.py:385: UserWarning: Bins whose width are too small (i.e., <= 1e-8) in feature 0 are removed. Consider decreasing the number of bins.
  warnings.warn(
E0000 00:00:1785867555.467451  322646 linear_solver.cc:2026] No solution exists. MPSolverInterface::result_status_ = MPSOLVER_INFEASIBLE
/usr/local/lib/python3.12/site-packages/sklearn/preprocessing/_discretization.py:385: UserWarning: Bins whose width are too small (i.e., <= 1e-8) in feature 0 are removed. Consider decreasing the number of bins.
  warnings.warn(
cc_000 80 auto 60 done
/usr/local/lib/python3.12/site-packages/sklearn/preprocessing/_discretization.py:385: UserWarning: Bins whose width are too small (i.e., <= 1e-8) in feature 0 are removed. Consider decreasing the number of bins.
  warnings.warn(
/usr/local/lib/python3.12/site-packages/sklearn/preprocessing/_discretization.py:385: UserWarning: Bins whose width are too small (i.e., <= 1e-8) in feature 0 are removed. Consider decreasing the number of bins.
  warnings.warn(
/usr/local/lib/python3.12/site-packages/sklearn/preprocessing/_discretization.py:385: UserWarning: Bins whose width are too small (i.e., <= 1e-8) in feature 0 are removed. Consider decreasing the number of bins.
  warnings.warn(
E0000 00:00:1785867565.506721  322646 linear_solver.cc:2026] No solution exists. MPSolverInterface::result_status_ = MPSOLVER_INFEASIBLE
/usr/local/lib/python3.12/site-packages/sklearn/preprocessing/_discretization.py:385: UserWarning: Bins whose width are too small (i.e., <= 1e-8) in feature 0 are removed. Consider decreasing the number of bins.
  warnings.warn(
cc_000 80 auto 300 done
/usr/local/lib/python3.12/site-packages/sklearn/preprocessing/_discretization.py:385: UserWarning: Bins whose width are too small (i.e., <= 1e-8) in feature 0 are removed. Consider decreasing the number of bins.
  warnings.warn(
/usr/local/lib/python3.12/site-packages/sklearn/preprocessing/_discretization.py:385: UserWarning: Bins whose width are too small (i.e., <= 1e-8) in feature 0 are removed. Consider decreasing the number of bins.
  warnings.warn(
/usr/local/lib/python3.12/site-packages/sklearn/preprocessing/_discretization.py:385: UserWarning: Bins whose width are too small (i.e., <= 1e-8) in feature 0 are removed. Consider decreasing the number of bins.
  warnings.warn(
/usr/local/lib/python3.12/site-packages/sklearn/preprocessing/_discretization.py:385: UserWarning: Bins whose width are too small (i.e., <= 1e-8) in feature 0 are removed. Consider decreasing the number of bins.
  warnings.warn(
cc_000 80 none 60 done
/usr/local/lib/python3.12/site-packages/sklearn/preprocessing/_discretization.py:385: UserWarning: Bins whose width are too small (i.e., <= 1e-8) in feature 0 are removed. Consider decreasing the number of bins.
  warnings.warn(
/usr/local/lib/python3.12/site-packages/sklearn/preprocessing/_discretization.py:385: UserWarning: Bins whose width are too small (i.e., <= 1e-8) in feature 0 are removed. Consider decreasing the number of bins.
  warnings.warn(
/usr/local/lib/python3.12/site-packages/sklearn/preprocessing/_discretization.py:385: UserWarning: Bins whose width are too small (i.e., <= 1e-8) in feature 0 are removed. Consider decreasing the number of bins.
  warnings.warn(
/usr/local/lib/python3.12/site-packages/sklearn/preprocessing/_discretization.py:385: UserWarning: Bins whose width are too small (i.e., <= 1e-8) in feature 0 are removed. Consider decreasing the number of bins.
  warnings.warn(
cc_000 80 none 300 done
/usr/local/lib/python3.12/site-packages/sklearn/preprocessing/_discretization.py:385: UserWarning: Bins whose width are too small (i.e., <= 1e-8) in feature 0 are removed. Consider decreasing the number of bins.
  warnings.warn(
/usr/local/lib/python3.12/site-packages/sklearn/preprocessing/_discretization.py:385: UserWarning: Bins whose width are too small (i.e., <= 1e-8) in feature 0 are removed. Consider decreasing the number of bins.
  warnings.warn(
/usr/local/lib/python3.12/site-packages/sklearn/preprocessing/_discretization.py:385: UserWarning: Bins whose width are too small (i.e., <= 1e-8) in feature 0 are removed. Consider decreasing the number of bins.
  warnings.warn(
E0000 00:00:1785867581.535671  322646 linear_solver.cc:2026] No solution exists. MPSolverInterface::result_status_ = MPSOLVER_INFEASIBLE
/usr/local/lib/python3.12/site-packages/sklearn/preprocessing/_discretization.py:385: UserWarning: Bins whose width are too small (i.e., <= 1e-8) in feature 0 are removed. Consider decreasing the number of bins.
  warnings.warn(
cc_000 100 auto 60 done
/usr/local/lib/python3.12/site-packages/sklearn/preprocessing/_discretization.py:385: UserWarning: Bins whose width are too small (i.e., <= 1e-8) in feature 0 are removed. Consider decreasing the number of bins.
  warnings.warn(
/usr/local/lib/python3.12/site-packages/sklearn/preprocessing/_discretization.py:385: UserWarning: Bins whose width are too small (i.e., <= 1e-8) in feature 0 are removed. Consider decreasing the number of bins.
  warnings.warn(
/usr/local/lib/python3.12/site-packages/sklearn/preprocessing/_discretization.py:385: UserWarning: Bins whose width are too small (i.e., <= 1e-8) in feature 0 are removed. Consider decreasing the number of bins.
  warnings.warn(
E0000 00:00:1785867595.533416  322646 linear_solver.cc:2026] No solution exists. MPSolverInterface::result_status_ = MPSOLVER_INFEASIBLE
/usr/local/lib/python3.12/site-packages/sklearn/preprocessing/_discretization.py:385: UserWarning: Bins whose width are too small (i.e., <= 1e-8) in feature 0 are removed. Consider decreasing the number of bins.
  warnings.warn(
cc_000 100 auto 300 done
/usr/local/lib/python3.12/site-packages/sklearn/preprocessing/_discretization.py:385: UserWarning: Bins whose width are too small (i.e., <= 1e-8) in feature 0 are removed. Consider decreasing the number of bins.
  warnings.warn(
/usr/local/lib/python3.12/site-packages/sklearn/preprocessing/_discretization.py:385: UserWarning: Bins whose width are too small (i.e., <= 1e-8) in feature 0 are removed. Consider decreasing the number of bins.
  warnings.warn(
/usr/local/lib/python3.12/site-packages/sklearn/preprocessing/_discretization.py:385: UserWarning: Bins whose width are too small (i.e., <= 1e-8) in feature 0 are removed. Consider decreasing the number of bins.
  warnings.warn(
/usr/local/lib/python3.12/site-packages/sklearn/preprocessing/_discretization.py:385: UserWarning: Bins whose width are too small (i.e., <= 1e-8) in feature 0 are removed. Consider decreasing the number of bins.
  warnings.warn(
cc_000 100 none 60 done
/usr/local/lib/python3.12/site-packages/sklearn/preprocessing/_discretization.py:385: UserWarning: Bins whose width are too small (i.e., <= 1e-8) in feature 0 are removed. Consider decreasing the number of bins.
  warnings.warn(
/usr/local/lib/python3.12/site-packages/sklearn/preprocessing/_discretization.py:385: UserWarning: Bins whose width are too small (i.e., <= 1e-8) in feature 0 are removed. Consider decreasing the number of bins.
  warnings.warn(
/usr/local/lib/python3.12/site-packages/sklearn/preprocessing/_discretization.py:385: UserWarning: Bins whose width are too small (i.e., <= 1e-8) in feature 0 are removed. Consider decreasing the number of bins.
  warnings.warn(
/usr/local/lib/python3.12/site-packages/sklearn/preprocessing/_discretization.py:385: UserWarning: Bins whose width are too small (i.e., <= 1e-8) in feature 0 are removed. Consider decreasing the number of bins.
  warnings.warn(
cc_000 100 none 300 done
cq_000 10 auto 60 done
cq_000 10 auto 300 done
cq_000 10 none 60 done
cq_000 10 none 300 done
cq_000 20 auto 60 done
cq_000 20 auto 300 done
cq_000 20 none 60 done
cq_000 20 none 300 done
cq_000 40 auto 60 done
cq_000 40 auto 300 done
cq_000 40 none 60 done
cq_000 40 none 300 done
E0000 00:00:1785867725.079011  322646 linear_solver.cc:2026] No solution exists. MPSolverInterface::result_status_ = MPSOLVER_INFEASIBLE
cq_000 60 auto 60 done
E0000 00:00:1785867729.046487  322646 linear_solver.cc:2026] No solution exists. MPSolverInterface::result_status_ = MPSOLVER_INFEASIBLE
cq_000 60 auto 300 done
cq_000 60 none 60 done
cq_000 60 none 300 done
E0000 00:00:1785867735.890662  322646 linear_solver.cc:2026] No solution exists. MPSolverInterface::result_status_ = MPSOLVER_INFEASIBLE
cq_000 80 auto 60 done
E0000 00:00:1785867742.028671  322646 linear_solver.cc:2026] No solution exists. MPSolverInterface::result_status_ = MPSOLVER_INFEASIBLE
cq_000 80 auto 300 done
cq_000 80 none 60 done
cq_000 80 none 300 done
E0000 00:00:1785867755.389713  322646 linear_solver.cc:2026] No solution exists. MPSolverInterface::result_status_ = MPSOLVER_INFEASIBLE
cq_000 100 auto 60 done
E0000 00:00:1785867767.718276  322646 linear_solver.cc:2026] No solution exists. MPSolverInterface::result_status_ = MPSOLVER_INFEASIBLE
cq_000 100 auto 300 done
cq_000 100 none 60 done
cq_000 100 none 300 done
/usr/local/lib/python3.12/site-packages/sklearn/preprocessing/_discretization.py:385: UserWarning: Bins whose width are too small (i.e., <= 1e-8) in feature 0 are removed. Consider decreasing the number of bins.
  warnings.warn(
/usr/local/lib/python3.12/site-packages/sklearn/preprocessing/_discretization.py:385: UserWarning: Bins whose width are too small (i.e., <= 1e-8) in feature 0 are removed. Consider decreasing the number of bins.
  warnings.warn(
/usr/local/lib/python3.12/site-packages/sklearn/preprocessing/_discretization.py:385: UserWarning: Bins whose width are too small (i.e., <= 1e-8) in feature 0 are removed. Consider decreasing the number of bins.
  warnings.warn(
/usr/local/lib/python3.12/site-packages/sklearn/preprocessing/_discretization.py:385: UserWarning: Bins whose width are too small (i.e., <= 1e-8) in feature 0 are removed. Consider decreasing the number of bins.
  warnings.warn(
cs_009 10 auto 60 done
/usr/local/lib/python3.12/site-packages/sklearn/preprocessing/_discretization.py:385: UserWarning: Bins whose width are too small (i.e., <= 1e-8) in feature 0 are removed. Consider decreasing the number of bins.
  warnings.warn(
/usr/local/lib/python3.12/site-packages/sklearn/preprocessing/_discretization.py:385: UserWarning: Bins whose width are too small (i.e., <= 1e-8) in feature 0 are removed. Consider decreasing the number of bins.
  warnings.warn(
/usr/local/lib/python3.12/site-packages/sklearn/preprocessing/_discretization.py:385: UserWarning: Bins whose width are too small (i.e., <= 1e-8) in feature 0 are removed. Consider decreasing the number of bins.
  warnings.warn(
/usr/local/lib/python3.12/site-packages/sklearn/preprocessing/_discretization.py:385: UserWarning: Bins whose width are too small (i.e., <= 1e-8) in feature 0 are removed. Consider decreasing the number of bins.
  warnings.warn(
cs_009 10 auto 300 done
/usr/local/lib/python3.12/site-packages/sklearn/preprocessing/_discretization.py:385: UserWarning: Bins whose width are too small (i.e., <= 1e-8) in feature 0 are removed. Consider decreasing the number of bins.
  warnings.warn(
/usr/local/lib/python3.12/site-packages/sklearn/preprocessing/_discretization.py:385: UserWarning: Bins whose width are too small (i.e., <= 1e-8) in feature 0 are removed. Consider decreasing the number of bins.
  warnings.warn(
/usr/local/lib/python3.12/site-packages/sklearn/preprocessing/_discretization.py:385: UserWarning: Bins whose width are too small (i.e., <= 1e-8) in feature 0 are removed. Consider decreasing the number of bins.
  warnings.warn(
/usr/local/lib/python3.12/site-packages/sklearn/preprocessing/_discretization.py:385: UserWarning: Bins whose width are too small (i.e., <= 1e-8) in feature 0 are removed. Consider decreasing the number of bins.
  warnings.warn(
cs_009 10 none 60 done
/usr/local/lib/python3.12/site-packages/sklearn/preprocessing/_discretization.py:385: UserWarning: Bins whose width are too small (i.e., <= 1e-8) in feature 0 are removed. Consider decreasing the number of bins.
  warnings.warn(
/usr/local/lib/python3.12/site-packages/sklearn/preprocessing/_discretization.py:385: UserWarning: Bins whose width are too small (i.e., <= 1e-8) in feature 0 are removed. Consider decreasing the number of bins.
  warnings.warn(
/usr/local/lib/python3.12/site-packages/sklearn/preprocessing/_discretization.py:385: UserWarning: Bins whose width are too small (i.e., <= 1e-8) in feature 0 are removed. Consider decreasing the number of bins.
  warnings.warn(
/usr/local/lib/python3.12/site-packages/sklearn/preprocessing/_discretization.py:385: UserWarning: Bins whose width are too small (i.e., <= 1e-8) in feature 0 are removed. Consider decreasing the number of bins.
  warnings.warn(
cs_009 10 none 300 done
/usr/local/lib/python3.12/site-packages/sklearn/preprocessing/_discretization.py:385: UserWarning: Bins whose width are too small (i.e., <= 1e-8) in feature 0 are removed. Consider decreasing the number of bins.
  warnings.warn(
/usr/local/lib/python3.12/site-packages/sklearn/preprocessing/_discretization.py:385: UserWarning: Bins whose width are too small (i.e., <= 1e-8) in feature 0 are removed. Consider decreasing the number of bins.
  warnings.warn(
/usr/local/lib/python3.12/site-packages/sklearn/preprocessing/_discretization.py:385: UserWarning: Bins whose width are too small (i.e., <= 1e-8) in feature 0 are removed. Consider decreasing the number of bins.
  warnings.warn(
/usr/local/lib/python3.12/site-packages/sklearn/preprocessing/_discretization.py:385: UserWarning: Bins whose width are too small (i.e., <= 1e-8) in feature 0 are removed. Consider decreasing the number of bins.
  warnings.warn(
cs_009 20 auto 60 done
/usr/local/lib/python3.12/site-packages/sklearn/preprocessing/_discretization.py:385: UserWarning: Bins whose width are too small (i.e., <= 1e-8) in feature 0 are removed. Consider decreasing the number of bins.
  warnings.warn(
/usr/local/lib/python3.12/site-packages/sklearn/preprocessing/_discretization.py:385: UserWarning: Bins whose width are too small (i.e., <= 1e-8) in feature 0 are removed. Consider decreasing the number of bins.
  warnings.warn(
/usr/local/lib/python3.12/site-packages/sklearn/preprocessing/_discretization.py:385: UserWarning: Bins whose width are too small (i.e., <= 1e-8) in feature 0 are removed. Consider decreasing the number of bins.
  warnings.warn(
/usr/local/lib/python3.12/site-packages/sklearn/preprocessing/_discretization.py:385: UserWarning: Bins whose width are too small (i.e., <= 1e-8) in feature 0 are removed. Consider decreasing the number of bins.
  warnings.warn(
cs_009 20 auto 300 done
/usr/local/lib/python3.12/site-packages/sklearn/preprocessing/_discretization.py:385: UserWarning: Bins whose width are too small (i.e., <= 1e-8) in feature 0 are removed. Consider decreasing the number of bins.
  warnings.warn(
/usr/local/lib/python3.12/site-packages/sklearn/preprocessing/_discretization.py:385: UserWarning: Bins whose width are too small (i.e., <= 1e-8) in feature 0 are removed. Consider decreasing the number of bins.
  warnings.warn(
/usr/local/lib/python3.12/site-packages/sklearn/preprocessing/_discretization.py:385: UserWarning: Bins whose width are too small (i.e., <= 1e-8) in feature 0 are removed. Consider decreasing the number of bins.
  warnings.warn(
/usr/local/lib/python3.12/site-packages/sklearn/preprocessing/_discretization.py:385: UserWarning: Bins whose width are too small (i.e., <= 1e-8) in feature 0 are removed. Consider decreasing the number of bins.
  warnings.warn(
cs_009 20 none 60 done
/usr/local/lib/python3.12/site-packages/sklearn/preprocessing/_discretization.py:385: UserWarning: Bins whose width are too small (i.e., <= 1e-8) in feature 0 are removed. Consider decreasing the number of bins.
  warnings.warn(
/usr/local/lib/python3.12/site-packages/sklearn/preprocessing/_discretization.py:385: UserWarning: Bins whose width are too small (i.e., <= 1e-8) in feature 0 are removed. Consider decreasing the number of bins.
  warnings.warn(
/usr/local/lib/python3.12/site-packages/sklearn/preprocessing/_discretization.py:385: UserWarning: Bins whose width are too small (i.e., <= 1e-8) in feature 0 are removed. Consider decreasing the number of bins.
  warnings.warn(
/usr/local/lib/python3.12/site-packages/sklearn/preprocessing/_discretization.py:385: UserWarning: Bins whose width are too small (i.e., <= 1e-8) in feature 0 are removed. Consider decreasing the number of bins.
  warnings.warn(
cs_009 20 none 300 done
/usr/local/lib/python3.12/site-packages/sklearn/preprocessing/_discretization.py:385: UserWarning: Bins whose width are too small (i.e., <= 1e-8) in feature 0 are removed. Consider decreasing the number of bins.
  warnings.warn(
/usr/local/lib/python3.12/site-packages/sklearn/preprocessing/_discretization.py:385: UserWarning: Bins whose width are too small (i.e., <= 1e-8) in feature 0 are removed. Consider decreasing the number of bins.
  warnings.warn(
/usr/local/lib/python3.12/site-packages/sklearn/preprocessing/_discretization.py:385: UserWarning: Bins whose width are too small (i.e., <= 1e-8) in feature 0 are removed. Consider decreasing the number of bins.
  warnings.warn(
/usr/local/lib/python3.12/site-packages/sklearn/preprocessing/_discretization.py:385: UserWarning: Bins whose width are too small (i.e., <= 1e-8) in feature 0 are removed. Consider decreasing the number of bins.
  warnings.warn(
cs_009 40 auto 60 done
/usr/local/lib/python3.12/site-packages/sklearn/preprocessing/_discretization.py:385: UserWarning: Bins whose width are too small (i.e., <= 1e-8) in feature 0 are removed. Consider decreasing the number of bins.
  warnings.warn(
/usr/local/lib/python3.12/site-packages/sklearn/preprocessing/_discretization.py:385: UserWarning: Bins whose width are too small (i.e., <= 1e-8) in feature 0 are removed. Consider decreasing the number of bins.
  warnings.warn(
/usr/local/lib/python3.12/site-packages/sklearn/preprocessing/_discretization.py:385: UserWarning: Bins whose width are too small (i.e., <= 1e-8) in feature 0 are removed. Consider decreasing the number of bins.
  warnings.warn(
/usr/local/lib/python3.12/site-packages/sklearn/preprocessing/_discretization.py:385: UserWarning: Bins whose width are too small (i.e., <= 1e-8) in feature 0 are removed. Consider decreasing the number of bins.
  warnings.warn(
cs_009 40 auto 300 done
/usr/local/lib/python3.12/site-packages/sklearn/preprocessing/_discretization.py:385: UserWarning: Bins whose width are too small (i.e., <= 1e-8) in feature 0 are removed. Consider decreasing the number of bins.
  warnings.warn(
/usr/local/lib/python3.12/site-packages/sklearn/preprocessing/_discretization.py:385: UserWarning: Bins whose width are too small (i.e., <= 1e-8) in feature 0 are removed. Consider decreasing the number of bins.
  warnings.warn(
/usr/local/lib/python3.12/site-packages/sklearn/preprocessing/_discretization.py:385: UserWarning: Bins whose width are too small (i.e., <= 1e-8) in feature 0 are removed. Consider decreasing the number of bins.
  warnings.warn(
/usr/local/lib/python3.12/site-packages/sklearn/preprocessing/_discretization.py:385: UserWarning: Bins whose width are too small (i.e., <= 1e-8) in feature 0 are removed. Consider decreasing the number of bins.
  warnings.warn(
cs_009 40 none 60 done
/usr/local/lib/python3.12/site-packages/sklearn/preprocessing/_discretization.py:385: UserWarning: Bins whose width are too small (i.e., <= 1e-8) in feature 0 are removed. Consider decreasing the number of bins.
  warnings.warn(
/usr/local/lib/python3.12/site-packages/sklearn/preprocessing/_discretization.py:385: UserWarning: Bins whose width are too small (i.e., <= 1e-8) in feature 0 are removed. Consider decreasing the number of bins.
  warnings.warn(
/usr/local/lib/python3.12/site-packages/sklearn/preprocessing/_discretization.py:385: UserWarning: Bins whose width are too small (i.e., <= 1e-8) in feature 0 are removed. Consider decreasing the number of bins.
  warnings.warn(
/usr/local/lib/python3.12/site-packages/sklearn/preprocessing/_discretization.py:385: UserWarning: Bins whose width are too small (i.e., <= 1e-8) in feature 0 are removed. Consider decreasing the number of bins.
  warnings.warn(
cs_009 40 none 300 done
/usr/local/lib/python3.12/site-packages/sklearn/preprocessing/_discretization.py:385: UserWarning: Bins whose width are too small (i.e., <= 1e-8) in feature 0 are removed. Consider decreasing the number of bins.
  warnings.warn(
/usr/local/lib/python3.12/site-packages/sklearn/preprocessing/_discretization.py:385: UserWarning: Bins whose width are too small (i.e., <= 1e-8) in feature 0 are removed. Consider decreasing the number of bins.
  warnings.warn(
/usr/local/lib/python3.12/site-packages/sklearn/preprocessing/_discretization.py:385: UserWarning: Bins whose width are too small (i.e., <= 1e-8) in feature 0 are removed. Consider decreasing the number of bins.
  warnings.warn(
/usr/local/lib/python3.12/site-packages/sklearn/preprocessing/_discretization.py:385: UserWarning: Bins whose width are too small (i.e., <= 1e-8) in feature 0 are removed. Consider decreasing the number of bins.
  warnings.warn(
cs_009 60 auto 60 done
/usr/local/lib/python3.12/site-packages/sklearn/preprocessing/_discretization.py:385: UserWarning: Bins whose width are too small (i.e., <= 1e-8) in feature 0 are removed. Consider decreasing the number of bins.
  warnings.warn(
/usr/local/lib/python3.12/site-packages/sklearn/preprocessing/_discretization.py:385: UserWarning: Bins whose width are too small (i.e., <= 1e-8) in feature 0 are removed. Consider decreasing the number of bins.
  warnings.warn(
/usr/local/lib/python3.12/site-packages/sklearn/preprocessing/_discretization.py:385: UserWarning: Bins whose width are too small (i.e., <= 1e-8) in feature 0 are removed. Consider decreasing the number of bins.
  warnings.warn(
/usr/local/lib/python3.12/site-packages/sklearn/preprocessing/_discretization.py:385: UserWarning: Bins whose width are too small (i.e., <= 1e-8) in feature 0 are removed. Consider decreasing the number of bins.
  warnings.warn(
cs_009 60 auto 300 done
/usr/local/lib/python3.12/site-packages/sklearn/preprocessing/_discretization.py:385: UserWarning: Bins whose width are too small (i.e., <= 1e-8) in feature 0 are removed. Consider decreasing the number of bins.
  warnings.warn(
/usr/local/lib/python3.12/site-packages/sklearn/preprocessing/_discretization.py:385: UserWarning: Bins whose width are too small (i.e., <= 1e-8) in feature 0 are removed. Consider decreasing the number of bins.
  warnings.warn(
/usr/local/lib/python3.12/site-packages/sklearn/preprocessing/_discretization.py:385: UserWarning: Bins whose width are too small (i.e., <= 1e-8) in feature 0 are removed. Consider decreasing the number of bins.
  warnings.warn(
/usr/local/lib/python3.12/site-packages/sklearn/preprocessing/_discretization.py:385: UserWarning: Bins whose width are too small (i.e., <= 1e-8) in feature 0 are removed. Consider decreasing the number of bins.
  warnings.warn(
cs_009 60 none 60 done
/usr/local/lib/python3.12/site-packages/sklearn/preprocessing/_discretization.py:385: UserWarning: Bins whose width are too small (i.e., <= 1e-8) in feature 0 are removed. Consider decreasing the number of bins.
  warnings.warn(
/usr/local/lib/python3.12/site-packages/sklearn/preprocessing/_discretization.py:385: UserWarning: Bins whose width are too small (i.e., <= 1e-8) in feature 0 are removed. Consider decreasing the number of bins.
  warnings.warn(
/usr/local/lib/python3.12/site-packages/sklearn/preprocessing/_discretization.py:385: UserWarning: Bins whose width are too small (i.e., <= 1e-8) in feature 0 are removed. Consider decreasing the number of bins.
  warnings.warn(
/usr/local/lib/python3.12/site-packages/sklearn/preprocessing/_discretization.py:385: UserWarning: Bins whose width are too small (i.e., <= 1e-8) in feature 0 are removed. Consider decreasing the number of bins.
  warnings.warn(
cs_009 60 none 300 done
/usr/local/lib/python3.12/site-packages/sklearn/preprocessing/_discretization.py:385: UserWarning: Bins whose width are too small (i.e., <= 1e-8) in feature 0 are removed. Consider decreasing the number of bins.
  warnings.warn(
/usr/local/lib/python3.12/site-packages/sklearn/preprocessing/_discretization.py:385: UserWarning: Bins whose width are too small (i.e., <= 1e-8) in feature 0 are removed. Consider decreasing the number of bins.
  warnings.warn(
/usr/local/lib/python3.12/site-packages/sklearn/preprocessing/_discretization.py:385: UserWarning: Bins whose width are too small (i.e., <= 1e-8) in feature 0 are removed. Consider decreasing the number of bins.
  warnings.warn(
/usr/local/lib/python3.12/site-packages/sklearn/preprocessing/_discretization.py:385: UserWarning: Bins whose width are too small (i.e., <= 1e-8) in feature 0 are removed. Consider decreasing the number of bins.
  warnings.warn(
cs_009 80 auto 60 done
/usr/local/lib/python3.12/site-packages/sklearn/preprocessing/_discretization.py:385: UserWarning: Bins whose width are too small (i.e., <= 1e-8) in feature 0 are removed. Consider decreasing the number of bins.
  warnings.warn(
/usr/local/lib/python3.12/site-packages/sklearn/preprocessing/_discretization.py:385: UserWarning: Bins whose width are too small (i.e., <= 1e-8) in feature 0 are removed. Consider decreasing the number of bins.
  warnings.warn(
/usr/local/lib/python3.12/site-packages/sklearn/preprocessing/_discretization.py:385: UserWarning: Bins whose width are too small (i.e., <= 1e-8) in feature 0 are removed. Consider decreasing the number of bins.
  warnings.warn(
/usr/local/lib/python3.12/site-packages/sklearn/preprocessing/_discretization.py:385: UserWarning: Bins whose width are too small (i.e., <= 1e-8) in feature 0 are removed. Consider decreasing the number of bins.
  warnings.warn(
cs_009 80 auto 300 done
/usr/local/lib/python3.12/site-packages/sklearn/preprocessing/_discretization.py:385: UserWarning: Bins whose width are too small (i.e., <= 1e-8) in feature 0 are removed. Consider decreasing the number of bins.
  warnings.warn(
/usr/local/lib/python3.12/site-packages/sklearn/preprocessing/_discretization.py:385: UserWarning: Bins whose width are too small (i.e., <= 1e-8) in feature 0 are removed. Consider decreasing the number of bins.
  warnings.warn(
/usr/local/lib/python3.12/site-packages/sklearn/preprocessing/_discretization.py:385: UserWarning: Bins whose width are too small (i.e., <= 1e-8) in feature 0 are removed. Consider decreasing the number of bins.
  warnings.warn(
/usr/local/lib/python3.12/site-packages/sklearn/preprocessing/_discretization.py:385: UserWarning: Bins whose width are too small (i.e., <= 1e-8) in feature 0 are removed. Consider decreasing the number of bins.
  warnings.warn(
cs_009 80 none 60 done
/usr/local/lib/python3.12/site-packages/sklearn/preprocessing/_discretization.py:385: UserWarning: Bins whose width are too small (i.e., <= 1e-8) in feature 0 are removed. Consider decreasing the number of bins.
  warnings.warn(
/usr/local/lib/python3.12/site-packages/sklearn/preprocessing/_discretization.py:385: UserWarning: Bins whose width are too small (i.e., <= 1e-8) in feature 0 are removed. Consider decreasing the number of bins.
  warnings.warn(
/usr/local/lib/python3.12/site-packages/sklearn/preprocessing/_discretization.py:385: UserWarning: Bins whose width are too small (i.e., <= 1e-8) in feature 0 are removed. Consider decreasing the number of bins.
  warnings.warn(
/usr/local/lib/python3.12/site-packages/sklearn/preprocessing/_discretization.py:385: UserWarning: Bins whose width are too small (i.e., <= 1e-8) in feature 0 are removed. Consider decreasing the number of bins.
  warnings.warn(
cs_009 80 none 300 done
/usr/local/lib/python3.12/site-packages/sklearn/preprocessing/_discretization.py:385: UserWarning: Bins whose width are too small (i.e., <= 1e-8) in feature 0 are removed. Consider decreasing the number of bins.
  warnings.warn(
/usr/local/lib/python3.12/site-packages/sklearn/preprocessing/_discretization.py:385: UserWarning: Bins whose width are too small (i.e., <= 1e-8) in feature 0 are removed. Consider decreasing the number of bins.
  warnings.warn(
/usr/local/lib/python3.12/site-packages/sklearn/preprocessing/_discretization.py:385: UserWarning: Bins whose width are too small (i.e., <= 1e-8) in feature 0 are removed. Consider decreasing the number of bins.
  warnings.warn(
/usr/local/lib/python3.12/site-packages/sklearn/preprocessing/_discretization.py:385: UserWarning: Bins whose width are too small (i.e., <= 1e-8) in feature 0 are removed. Consider decreasing the number of bins.
  warnings.warn(
cs_009 100 auto 60 done
/usr/local/lib/python3.12/site-packages/sklearn/preprocessing/_discretization.py:385: UserWarning: Bins whose width are too small (i.e., <= 1e-8) in feature 0 are removed. Consider decreasing the number of bins.
  warnings.warn(
/usr/local/lib/python3.12/site-packages/sklearn/preprocessing/_discretization.py:385: UserWarning: Bins whose width are too small (i.e., <= 1e-8) in feature 0 are removed. Consider decreasing the number of bins.
  warnings.warn(
/usr/local/lib/python3.12/site-packages/sklearn/preprocessing/_discretization.py:385: UserWarning: Bins whose width are too small (i.e., <= 1e-8) in feature 0 are removed. Consider decreasing the number of bins.
  warnings.warn(
/usr/local/lib/python3.12/site-packages/sklearn/preprocessing/_discretization.py:385: UserWarning: Bins whose width are too small (i.e., <= 1e-8) in feature 0 are removed. Consider decreasing the number of bins.
  warnings.warn(
cs_009 100 auto 300 done
/usr/local/lib/python3.12/site-packages/sklearn/preprocessing/_discretization.py:385: UserWarning: Bins whose width are too small (i.e., <= 1e-8) in feature 0 are removed. Consider decreasing the number of bins.
  warnings.warn(
/usr/local/lib/python3.12/site-packages/sklearn/preprocessing/_discretization.py:385: UserWarning: Bins whose width are too small (i.e., <= 1e-8) in feature 0 are removed. Consider decreasing the number of bins.
  warnings.warn(
/usr/local/lib/python3.12/site-packages/sklearn/preprocessing/_discretization.py:385: UserWarning: Bins whose width are too small (i.e., <= 1e-8) in feature 0 are removed. Consider decreasing the number of bins.
  warnings.warn(
/usr/local/lib/python3.12/site-packages/sklearn/preprocessing/_discretization.py:385: UserWarning: Bins whose width are too small (i.e., <= 1e-8) in feature 0 are removed. Consider decreasing the number of bins.
  warnings.warn(
cs_009 100 none 60 done
/usr/local/lib/python3.12/site-packages/sklearn/preprocessing/_discretization.py:385: UserWarning: Bins whose width are too small (i.e., <= 1e-8) in feature 0 are removed. Consider decreasing the number of bins.
  warnings.warn(
/usr/local/lib/python3.12/site-packages/sklearn/preprocessing/_discretization.py:385: UserWarning: Bins whose width are too small (i.e., <= 1e-8) in feature 0 are removed. Consider decreasing the number of bins.
  warnings.warn(
/usr/local/lib/python3.12/site-packages/sklearn/preprocessing/_discretization.py:385: UserWarning: Bins whose width are too small (i.e., <= 1e-8) in feature 0 are removed. Consider decreasing the number of bins.
  warnings.warn(
/usr/local/lib/python3.12/site-packages/sklearn/preprocessing/_discretization.py:385: UserWarning: Bins whose width are too small (i.e., <= 1e-8) in feature 0 are removed. Consider decreasing the number of bins.
  warnings.warn(
cs_009 100 none 300 done
SCALING: wrote 576 rows -> outputs/scaling_v2/scaling_aps_0.parquet
