nohup: ignoring input
[2026-08-02 16:53:43,594][HYDRA] Launching 3 jobs locally
[2026-08-02 16:53:43,594][HYDRA] 	#0 : dataset=gmsc n_seeds=5 out=outputs/w1tau_pilot
WARNING: All log messages before absl::InitializeLog() is called are written to STDERR
E0000 00:00:1785704031.015900  451613 linear_solver.cc:2026] No solution exists. MPSolverInterface::result_status_ = MPSOLVER_INFEASIBLE
E0000 00:00:1785704031.118895  451613 linear_solver.cc:2026] No solution exists. MPSolverInterface::result_status_ = MPSOLVER_INFEASIBLE
E0000 00:00:1785704039.421778  451613 linear_solver.cc:2026] No solution exists. MPSolverInterface::result_status_ = MPSOLVER_INFEASIBLE
E0000 00:00:1785704039.513728  451613 linear_solver.cc:2026] No solution exists. MPSolverInterface::result_status_ = MPSOLVER_INFEASIBLE
E0000 00:00:1785704045.842493  451613 linear_solver.cc:2026] No solution exists. MPSolverInterface::result_status_ = MPSOLVER_INFEASIBLE
E0000 00:00:1785704045.895926  451613 linear_solver.cc:2026] No solution exists. MPSolverInterface::result_status_ = MPSOLVER_INFEASIBLE
E0000 00:00:1785704048.941766  451613 linear_solver.cc:2026] No solution exists. MPSolverInterface::result_status_ = MPSOLVER_INFEASIBLE
E0000 00:00:1785704048.956710  451613 linear_solver.cc:2026] No solution exists. MPSolverInterface::result_status_ = MPSOLVER_INFEASIBLE
E0000 00:00:1785704064.224072  451613 linear_solver.cc:2026] No solution exists. MPSolverInterface::result_status_ = MPSOLVER_INFEASIBLE
E0000 00:00:1785704064.342261  451613 linear_solver.cc:2026] No solution exists. MPSolverInterface::result_status_ = MPSOLVER_INFEASIBLE
E0000 00:00:1785704076.656551  451613 linear_solver.cc:2026] No solution exists. MPSolverInterface::result_status_ = MPSOLVER_INFEASIBLE
E0000 00:00:1785704076.729378  451613 linear_solver.cc:2026] No solution exists. MPSolverInterface::result_status_ = MPSOLVER_INFEASIBLE
E0000 00:00:1785704080.389912  451613 linear_solver.cc:2026] No solution exists. MPSolverInterface::result_status_ = MPSOLVER_INFEASIBLE
E0000 00:00:1785704080.450291  451613 linear_solver.cc:2026] No solution exists. MPSolverInterface::result_status_ = MPSOLVER_INFEASIBLE
E0000 00:00:1785704082.498820  451613 linear_solver.cc:2026] No solution exists. MPSolverInterface::result_status_ = MPSOLVER_INFEASIBLE
E0000 00:00:1785704082.519309  451613 linear_solver.cc:2026] No solution exists. MPSolverInterface::result_status_ = MPSOLVER_INFEASIBLE
E0000 00:00:1785704091.768455  451613 linear_solver.cc:2026] No solution exists. MPSolverInterface::result_status_ = MPSOLVER_INFEASIBLE
E0000 00:00:1785704091.858485  451613 linear_solver.cc:2026] No solution exists. MPSolverInterface::result_status_ = MPSOLVER_INFEASIBLE
E0000 00:00:1785704104.753247  451613 linear_solver.cc:2026] No solution exists. MPSolverInterface::result_status_ = MPSOLVER_INFEASIBLE
E0000 00:00:1785704104.843214  451613 linear_solver.cc:2026] No solution exists. MPSolverInterface::result_status_ = MPSOLVER_INFEASIBLE
E0000 00:00:1785704112.012478  451613 linear_solver.cc:2026] No solution exists. MPSolverInterface::result_status_ = MPSOLVER_INFEASIBLE
E0000 00:00:1785704112.076405  451613 linear_solver.cc:2026] No solution exists. MPSolverInterface::result_status_ = MPSOLVER_INFEASIBLE
E0000 00:00:1785704114.093042  451613 linear_solver.cc:2026] No solution exists. MPSolverInterface::result_status_ = MPSOLVER_INFEASIBLE
E0000 00:00:1785704114.113344  451613 linear_solver.cc:2026] No solution exists. MPSolverInterface::result_status_ = MPSOLVER_INFEASIBLE
E0000 00:00:1785704122.258369  451613 linear_solver.cc:2026] No solution exists. MPSolverInterface::result_status_ = MPSOLVER_INFEASIBLE
E0000 00:00:1785704122.345168  451613 linear_solver.cc:2026] No solution exists. MPSolverInterface::result_status_ = MPSOLVER_INFEASIBLE
E0000 00:00:1785704130.555506  451613 linear_solver.cc:2026] No solution exists. MPSolverInterface::result_status_ = MPSOLVER_INFEASIBLE
E0000 00:00:1785704130.644776  451613 linear_solver.cc:2026] No solution exists. MPSolverInterface::result_status_ = MPSOLVER_INFEASIBLE
E0000 00:00:1785704135.672491  451613 linear_solver.cc:2026] No solution exists. MPSolverInterface::result_status_ = MPSOLVER_INFEASIBLE
E0000 00:00:1785704135.733273  451613 linear_solver.cc:2026] No solution exists. MPSolverInterface::result_status_ = MPSOLVER_INFEASIBLE
E0000 00:00:1785704137.898242  451613 linear_solver.cc:2026] No solution exists. MPSolverInterface::result_status_ = MPSOLVER_INFEASIBLE
E0000 00:00:1785704137.918247  451613 linear_solver.cc:2026] No solution exists. MPSolverInterface::result_status_ = MPSOLVER_INFEASIBLE
E0000 00:00:1785704149.065092  451613 linear_solver.cc:2026] No solution exists. MPSolverInterface::result_status_ = MPSOLVER_INFEASIBLE
E0000 00:00:1785704149.171355  451613 linear_solver.cc:2026] No solution exists. MPSolverInterface::result_status_ = MPSOLVER_INFEASIBLE
E0000 00:00:1785704159.804252  451613 linear_solver.cc:2026] No solution exists. MPSolverInterface::result_status_ = MPSOLVER_INFEASIBLE
E0000 00:00:1785704159.906042  451613 linear_solver.cc:2026] No solution exists. MPSolverInterface::result_status_ = MPSOLVER_INFEASIBLE
E0000 00:00:1785704165.385063  451613 linear_solver.cc:2026] No solution exists. MPSolverInterface::result_status_ = MPSOLVER_INFEASIBLE
E0000 00:00:1785704165.447351  451613 linear_solver.cc:2026] No solution exists. MPSolverInterface::result_status_ = MPSOLVER_INFEASIBLE
E0000 00:00:1785704167.925209  451613 linear_solver.cc:2026] No solution exists. MPSolverInterface::result_status_ = MPSOLVER_INFEASIBLE
E0000 00:00:1785704167.946325  451613 linear_solver.cc:2026] No solution exists. MPSolverInterface::result_status_ = MPSOLVER_INFEASIBLE
[2026-08-02 16:56:08,843][experiments.common][WARNING] - overwriting existing results file outputs/w1tau_pilot/w1tau_gmsc_rank_0.parquet
W1TAU: wrote 850 rows -> outputs/w1tau_pilot/w1tau_gmsc_rank_0.parquet
[2026-08-02 16:56:08,874][HYDRA] 	#1 : dataset=aps n_seeds=5 out=outputs/w1tau_pilot
/work/cniel/sw/singularity_containers/ot_woe/optbinning/experiments/datasets.py:611: PerformanceWarning: DataFrame is highly fragmented.  This is usually the result of calling `frame.insert` many times, which has poor performance.  Consider joining all columns at once using pd.concat(axis=1) instead. To get a de-fragmented frame, use `newframe = frame.copy()`
  df["__official_test__"] = flag
/work/cniel/sw/singularity_containers/ot_woe/optbinning/experiments/datasets.py:611: PerformanceWarning: DataFrame is highly fragmented.  This is usually the result of calling `frame.insert` many times, which has poor performance.  Consider joining all columns at once using pd.concat(axis=1) instead. To get a de-fragmented frame, use `newframe = frame.copy()`
  df["__official_test__"] = flag
E0000 00:00:1785704186.284284  451613 linear_solver.cc:2026] No solution exists. MPSolverInterface::result_status_ = MPSOLVER_INFEASIBLE
E0000 00:00:1785704186.333430  451613 linear_solver.cc:2026] No solution exists. MPSolverInterface::result_status_ = MPSOLVER_INFEASIBLE
E0000 00:00:1785704186.382845  451613 linear_solver.cc:2026] No solution exists. MPSolverInterface::result_status_ = MPSOLVER_INFEASIBLE
E0000 00:00:1785704186.432075  451613 linear_solver.cc:2026] No solution exists. MPSolverInterface::result_status_ = MPSOLVER_INFEASIBLE
E0000 00:00:1785704186.480968  451613 linear_solver.cc:2026] No solution exists. MPSolverInterface::result_status_ = MPSOLVER_INFEASIBLE
E0000 00:00:1785704186.529746  451613 linear_solver.cc:2026] No solution exists. MPSolverInterface::result_status_ = MPSOLVER_INFEASIBLE
E0000 00:00:1785704186.578152  451613 linear_solver.cc:2026] No solution exists. MPSolverInterface::result_status_ = MPSOLVER_INFEASIBLE
E0000 00:00:1785704186.626433  451613 linear_solver.cc:2026] No solution exists. MPSolverInterface::result_status_ = MPSOLVER_INFEASIBLE
E0000 00:00:1785704195.944546  451613 linear_solver.cc:2026] No solution exists. MPSolverInterface::result_status_ = MPSOLVER_INFEASIBLE
E0000 00:00:1785704211.999125  451613 linear_solver.cc:2026] No solution exists. MPSolverInterface::result_status_ = MPSOLVER_INFEASIBLE
E0000 00:00:1785704212.055161  451613 linear_solver.cc:2026] No solution exists. MPSolverInterface::result_status_ = MPSOLVER_INFEASIBLE
E0000 00:00:1785704212.111436  451613 linear_solver.cc:2026] No solution exists. MPSolverInterface::result_status_ = MPSOLVER_INFEASIBLE
E0000 00:00:1785704212.167585  451613 linear_solver.cc:2026] No solution exists. MPSolverInterface::result_status_ = MPSOLVER_INFEASIBLE
E0000 00:00:1785704212.224289  451613 linear_solver.cc:2026] No solution exists. MPSolverInterface::result_status_ = MPSOLVER_INFEASIBLE
E0000 00:00:1785704212.278814  451613 linear_solver.cc:2026] No solution exists. MPSolverInterface::result_status_ = MPSOLVER_INFEASIBLE
E0000 00:00:1785704212.333767  451613 linear_solver.cc:2026] No solution exists. MPSolverInterface::result_status_ = MPSOLVER_INFEASIBLE
E0000 00:00:1785704212.387153  451613 linear_solver.cc:2026] No solution exists. MPSolverInterface::result_status_ = MPSOLVER_INFEASIBLE
E0000 00:00:1785704214.529084  451613 linear_solver.cc:2026] No solution exists. MPSolverInterface::result_status_ = MPSOLVER_INFEASIBLE
E0000 00:00:1785704214.596639  451613 linear_solver.cc:2026] No solution exists. MPSolverInterface::result_status_ = MPSOLVER_INFEASIBLE
E0000 00:00:1785704214.665375  451613 linear_solver.cc:2026] No solution exists. MPSolverInterface::result_status_ = MPSOLVER_INFEASIBLE
E0000 00:00:1785704214.732157  451613 linear_solver.cc:2026] No solution exists. MPSolverInterface::result_status_ = MPSOLVER_INFEASIBLE
E0000 00:00:1785704214.800286  451613 linear_solver.cc:2026] No solution exists. MPSolverInterface::result_status_ = MPSOLVER_INFEASIBLE
E0000 00:00:1785704214.867986  451613 linear_solver.cc:2026] No solution exists. MPSolverInterface::result_status_ = MPSOLVER_INFEASIBLE
E0000 00:00:1785704214.935546  451613 linear_solver.cc:2026] No solution exists. MPSolverInterface::result_status_ = MPSOLVER_INFEASIBLE
E0000 00:00:1785704215.002562  451613 linear_solver.cc:2026] No solution exists. MPSolverInterface::result_status_ = MPSOLVER_INFEASIBLE
E0000 00:00:1785704217.255308  451613 linear_solver.cc:2026] No solution exists. MPSolverInterface::result_status_ = MPSOLVER_INFEASIBLE
E0000 00:00:1785704217.320923  451613 linear_solver.cc:2026] No solution exists. MPSolverInterface::result_status_ = MPSOLVER_INFEASIBLE
E0000 00:00:1785704217.387398  451613 linear_solver.cc:2026] No solution exists. MPSolverInterface::result_status_ = MPSOLVER_INFEASIBLE
E0000 00:00:1785704217.454107  451613 linear_solver.cc:2026] No solution exists. MPSolverInterface::result_status_ = MPSOLVER_INFEASIBLE
E0000 00:00:1785704219.792076  451613 linear_solver.cc:2026] No solution exists. MPSolverInterface::result_status_ = MPSOLVER_INFEASIBLE
E0000 00:00:1785704219.841501  451613 linear_solver.cc:2026] No solution exists. MPSolverInterface::result_status_ = MPSOLVER_INFEASIBLE
E0000 00:00:1785704219.892626  451613 linear_solver.cc:2026] No solution exists. MPSolverInterface::result_status_ = MPSOLVER_INFEASIBLE
E0000 00:00:1785704219.948570  451613 linear_solver.cc:2026] No solution exists. MPSolverInterface::result_status_ = MPSOLVER_INFEASIBLE
E0000 00:00:1785704220.003729  451613 linear_solver.cc:2026] No solution exists. MPSolverInterface::result_status_ = MPSOLVER_INFEASIBLE
E0000 00:00:1785704220.055675  451613 linear_solver.cc:2026] No solution exists. MPSolverInterface::result_status_ = MPSOLVER_INFEASIBLE
E0000 00:00:1785704220.104302  451613 linear_solver.cc:2026] No solution exists. MPSolverInterface::result_status_ = MPSOLVER_INFEASIBLE
E0000 00:00:1785704220.153951  451613 linear_solver.cc:2026] No solution exists. MPSolverInterface::result_status_ = MPSOLVER_INFEASIBLE
E0000 00:00:1785704221.600271  451613 linear_solver.cc:2026] No solution exists. MPSolverInterface::result_status_ = MPSOLVER_INFEASIBLE
E0000 00:00:1785704221.661581  451613 linear_solver.cc:2026] No solution exists. MPSolverInterface::result_status_ = MPSOLVER_INFEASIBLE
E0000 00:00:1785704221.724063  451613 linear_solver.cc:2026] No solution exists. MPSolverInterface::result_status_ = MPSOLVER_INFEASIBLE
E0000 00:00:1785704221.786911  451613 linear_solver.cc:2026] No solution exists. MPSolverInterface::result_status_ = MPSOLVER_INFEASIBLE
E0000 00:00:1785704221.848199  451613 linear_solver.cc:2026] No solution exists. MPSolverInterface::result_status_ = MPSOLVER_INFEASIBLE
E0000 00:00:1785704226.465671  451613 linear_solver.cc:2026] No solution exists. MPSolverInterface::result_status_ = MPSOLVER_INFEASIBLE
E0000 00:00:1785704226.500939  451613 linear_solver.cc:2026] No solution exists. MPSolverInterface::result_status_ = MPSOLVER_INFEASIBLE
E0000 00:00:1785704229.644634  451613 linear_solver.cc:2026] No solution exists. MPSolverInterface::result_status_ = MPSOLVER_INFEASIBLE
E0000 00:00:1785704229.698839  451613 linear_solver.cc:2026] No solution exists. MPSolverInterface::result_status_ = MPSOLVER_INFEASIBLE
E0000 00:00:1785704240.654251  451613 linear_solver.cc:2026] No solution exists. MPSolverInterface::result_status_ = MPSOLVER_INFEASIBLE
E0000 00:00:1785704240.734993  451613 linear_solver.cc:2026] No solution exists. MPSolverInterface::result_status_ = MPSOLVER_INFEASIBLE
E0000 00:00:1785704252.724877  451613 linear_solver.cc:2026] No solution exists. MPSolverInterface::result_status_ = MPSOLVER_INFEASIBLE
E0000 00:00:1785704252.812186  451613 linear_solver.cc:2026] No solution exists. MPSolverInterface::result_status_ = MPSOLVER_INFEASIBLE
E0000 00:00:1785704261.585921  451613 linear_solver.cc:2026] No solution exists. MPSolverInterface::result_status_ = MPSOLVER_INFEASIBLE
E0000 00:00:1785704261.664725  451613 linear_solver.cc:2026] No solution exists. MPSolverInterface::result_status_ = MPSOLVER_INFEASIBLE
E0000 00:00:1785704266.719881  451613 linear_solver.cc:2026] No solution exists. MPSolverInterface::result_status_ = MPSOLVER_INFEASIBLE
E0000 00:00:1785704266.787335  451613 linear_solver.cc:2026] No solution exists. MPSolverInterface::result_status_ = MPSOLVER_INFEASIBLE
E0000 00:00:1785704275.189658  451613 linear_solver.cc:2026] No solution exists. MPSolverInterface::result_status_ = MPSOLVER_INFEASIBLE
E0000 00:00:1785704275.259654  451613 linear_solver.cc:2026] No solution exists. MPSolverInterface::result_status_ = MPSOLVER_INFEASIBLE
E0000 00:00:1785704279.794844  451613 linear_solver.cc:2026] No solution exists. MPSolverInterface::result_status_ = MPSOLVER_INFEASIBLE
E0000 00:00:1785704279.807516  451613 linear_solver.cc:2026] No solution exists. MPSolverInterface::result_status_ = MPSOLVER_INFEASIBLE
E0000 00:00:1785704286.688915  451613 linear_solver.cc:2026] No solution exists. MPSolverInterface::result_status_ = MPSOLVER_INFEASIBLE
E0000 00:00:1785704286.765705  451613 linear_solver.cc:2026] No solution exists. MPSolverInterface::result_status_ = MPSOLVER_INFEASIBLE
E0000 00:00:1785704286.841399  451613 linear_solver.cc:2026] No solution exists. MPSolverInterface::result_status_ = MPSOLVER_INFEASIBLE
E0000 00:00:1785704293.608093  451613 linear_solver.cc:2026] No solution exists. MPSolverInterface::result_status_ = MPSOLVER_INFEASIBLE
E0000 00:00:1785704293.663401  451613 linear_solver.cc:2026] No solution exists. MPSolverInterface::result_status_ = MPSOLVER_INFEASIBLE
E0000 00:00:1785704293.719514  451613 linear_solver.cc:2026] No solution exists. MPSolverInterface::result_status_ = MPSOLVER_INFEASIBLE
E0000 00:00:1785704293.774594  451613 linear_solver.cc:2026] No solution exists. MPSolverInterface::result_status_ = MPSOLVER_INFEASIBLE
E0000 00:00:1785704293.830253  451613 linear_solver.cc:2026] No solution exists. MPSolverInterface::result_status_ = MPSOLVER_INFEASIBLE
E0000 00:00:1785704293.886042  451613 linear_solver.cc:2026] No solution exists. MPSolverInterface::result_status_ = MPSOLVER_INFEASIBLE
E0000 00:00:1785704293.941123  451613 linear_solver.cc:2026] No solution exists. MPSolverInterface::result_status_ = MPSOLVER_INFEASIBLE
E0000 00:00:1785704293.997646  451613 linear_solver.cc:2026] No solution exists. MPSolverInterface::result_status_ = MPSOLVER_INFEASIBLE
E0000 00:00:1785704294.679310  451613 linear_solver.cc:2026] No solution exists. MPSolverInterface::result_status_ = MPSOLVER_INFEASIBLE
E0000 00:00:1785704294.742674  451613 linear_solver.cc:2026] No solution exists. MPSolverInterface::result_status_ = MPSOLVER_INFEASIBLE
E0000 00:00:1785704294.806096  451613 linear_solver.cc:2026] No solution exists. MPSolverInterface::result_status_ = MPSOLVER_INFEASIBLE
E0000 00:00:1785704294.869467  451613 linear_solver.cc:2026] No solution exists. MPSolverInterface::result_status_ = MPSOLVER_INFEASIBLE
E0000 00:00:1785704294.933779  451613 linear_solver.cc:2026] No solution exists. MPSolverInterface::result_status_ = MPSOLVER_INFEASIBLE
E0000 00:00:1785704294.997339  451613 linear_solver.cc:2026] No solution exists. MPSolverInterface::result_status_ = MPSOLVER_INFEASIBLE
E0000 00:00:1785704295.060071  451613 linear_solver.cc:2026] No solution exists. MPSolverInterface::result_status_ = MPSOLVER_INFEASIBLE
E0000 00:00:1785704295.123249  451613 linear_solver.cc:2026] No solution exists. MPSolverInterface::result_status_ = MPSOLVER_INFEASIBLE
E0000 00:00:1785704297.137682  451613 linear_solver.cc:2026] No solution exists. MPSolverInterface::result_status_ = MPSOLVER_INFEASIBLE
E0000 00:00:1785704297.190900  451613 linear_solver.cc:2026] No solution exists. MPSolverInterface::result_status_ = MPSOLVER_INFEASIBLE
E0000 00:00:1785704297.244430  451613 linear_solver.cc:2026] No solution exists. MPSolverInterface::result_status_ = MPSOLVER_INFEASIBLE
E0000 00:00:1785704297.298272  451613 linear_solver.cc:2026] No solution exists. MPSolverInterface::result_status_ = MPSOLVER_INFEASIBLE
E0000 00:00:1785704297.350811  451613 linear_solver.cc:2026] No solution exists. MPSolverInterface::result_status_ = MPSOLVER_INFEASIBLE
E0000 00:00:1785704297.403462  451613 linear_solver.cc:2026] No solution exists. MPSolverInterface::result_status_ = MPSOLVER_INFEASIBLE
E0000 00:00:1785704297.457657  451613 linear_solver.cc:2026] No solution exists. MPSolverInterface::result_status_ = MPSOLVER_INFEASIBLE
E0000 00:00:1785704297.511515  451613 linear_solver.cc:2026] No solution exists. MPSolverInterface::result_status_ = MPSOLVER_INFEASIBLE
E0000 00:00:1785704301.459721  451613 linear_solver.cc:2026] No solution exists. MPSolverInterface::result_status_ = MPSOLVER_INFEASIBLE
E0000 00:00:1785704301.515123  451613 linear_solver.cc:2026] No solution exists. MPSolverInterface::result_status_ = MPSOLVER_INFEASIBLE
E0000 00:00:1785704301.570740  451613 linear_solver.cc:2026] No solution exists. MPSolverInterface::result_status_ = MPSOLVER_INFEASIBLE
E0000 00:00:1785704301.625719  451613 linear_solver.cc:2026] No solution exists. MPSolverInterface::result_status_ = MPSOLVER_INFEASIBLE
E0000 00:00:1785704310.531087  451613 linear_solver.cc:2026] No solution exists. MPSolverInterface::result_status_ = MPSOLVER_INFEASIBLE
E0000 00:00:1785704310.593076  451613 linear_solver.cc:2026] No solution exists. MPSolverInterface::result_status_ = MPSOLVER_INFEASIBLE
E0000 00:00:1785704316.082345  451613 linear_solver.cc:2026] No solution exists. MPSolverInterface::result_status_ = MPSOLVER_INFEASIBLE
E0000 00:00:1785704316.141884  451613 linear_solver.cc:2026] No solution exists. MPSolverInterface::result_status_ = MPSOLVER_INFEASIBLE
E0000 00:00:1785704316.203121  451613 linear_solver.cc:2026] No solution exists. MPSolverInterface::result_status_ = MPSOLVER_INFEASIBLE
E0000 00:00:1785704316.262894  451613 linear_solver.cc:2026] No solution exists. MPSolverInterface::result_status_ = MPSOLVER_INFEASIBLE
E0000 00:00:1785704316.323042  451613 linear_solver.cc:2026] No solution exists. MPSolverInterface::result_status_ = MPSOLVER_INFEASIBLE
E0000 00:00:1785704316.380577  451613 linear_solver.cc:2026] No solution exists. MPSolverInterface::result_status_ = MPSOLVER_INFEASIBLE
E0000 00:00:1785704316.438641  451613 linear_solver.cc:2026] No solution exists. MPSolverInterface::result_status_ = MPSOLVER_INFEASIBLE
E0000 00:00:1785704316.496820  451613 linear_solver.cc:2026] No solution exists. MPSolverInterface::result_status_ = MPSOLVER_INFEASIBLE
E0000 00:00:1785704317.749191  451613 linear_solver.cc:2026] No solution exists. MPSolverInterface::result_status_ = MPSOLVER_INFEASIBLE
E0000 00:00:1785704317.798558  451613 linear_solver.cc:2026] No solution exists. MPSolverInterface::result_status_ = MPSOLVER_INFEASIBLE
E0000 00:00:1785704317.848545  451613 linear_solver.cc:2026] No solution exists. MPSolverInterface::result_status_ = MPSOLVER_INFEASIBLE
E0000 00:00:1785704318.751711  451613 linear_solver.cc:2026] No solution exists. MPSolverInterface::result_status_ = MPSOLVER_INFEASIBLE
E0000 00:00:1785704318.810452  451613 linear_solver.cc:2026] No solution exists. MPSolverInterface::result_status_ = MPSOLVER_INFEASIBLE
E0000 00:00:1785704318.869583  451613 linear_solver.cc:2026] No solution exists. MPSolverInterface::result_status_ = MPSOLVER_INFEASIBLE
E0000 00:00:1785704318.933574  451613 linear_solver.cc:2026] No solution exists. MPSolverInterface::result_status_ = MPSOLVER_INFEASIBLE
E0000 00:00:1785704319.036697  451613 linear_solver.cc:2026] No solution exists. MPSolverInterface::result_status_ = MPSOLVER_INFEASIBLE
E0000 00:00:1785704319.095674  451613 linear_solver.cc:2026] No solution exists. MPSolverInterface::result_status_ = MPSOLVER_INFEASIBLE
E0000 00:00:1785704319.154550  451613 linear_solver.cc:2026] No solution exists. MPSolverInterface::result_status_ = MPSOLVER_INFEASIBLE
E0000 00:00:1785704319.213728  451613 linear_solver.cc:2026] No solution exists. MPSolverInterface::result_status_ = MPSOLVER_INFEASIBLE
E0000 00:00:1785704321.015400  451613 linear_solver.cc:2026] No solution exists. MPSolverInterface::result_status_ = MPSOLVER_INFEASIBLE
E0000 00:00:1785704321.079671  451613 linear_solver.cc:2026] No solution exists. MPSolverInterface::result_status_ = MPSOLVER_INFEASIBLE
E0000 00:00:1785704321.145537  451613 linear_solver.cc:2026] No solution exists. MPSolverInterface::result_status_ = MPSOLVER_INFEASIBLE
E0000 00:00:1785704321.210137  451613 linear_solver.cc:2026] No solution exists. MPSolverInterface::result_status_ = MPSOLVER_INFEASIBLE
E0000 00:00:1785704321.275026  451613 linear_solver.cc:2026] No solution exists. MPSolverInterface::result_status_ = MPSOLVER_INFEASIBLE
E0000 00:00:1785704328.358488  451613 linear_solver.cc:2026] No solution exists. MPSolverInterface::result_status_ = MPSOLVER_INFEASIBLE
E0000 00:00:1785704328.436016  451613 linear_solver.cc:2026] No solution exists. MPSolverInterface::result_status_ = MPSOLVER_INFEASIBLE
E0000 00:00:1785704334.049918  451613 linear_solver.cc:2026] No solution exists. MPSolverInterface::result_status_ = MPSOLVER_INFEASIBLE
E0000 00:00:1785704334.133801  451613 linear_solver.cc:2026] No solution exists. MPSolverInterface::result_status_ = MPSOLVER_INFEASIBLE
E0000 00:00:1785704337.682876  451613 linear_solver.cc:2026] No solution exists. MPSolverInterface::result_status_ = MPSOLVER_INFEASIBLE
E0000 00:00:1785704337.715523  451613 linear_solver.cc:2026] No solution exists. MPSolverInterface::result_status_ = MPSOLVER_INFEASIBLE
E0000 00:00:1785704339.460937  451613 linear_solver.cc:2026] No solution exists. MPSolverInterface::result_status_ = MPSOLVER_INFEASIBLE
E0000 00:00:1785704339.494084  451613 linear_solver.cc:2026] No solution exists. MPSolverInterface::result_status_ = MPSOLVER_INFEASIBLE
E0000 00:00:1785704341.464004  451613 linear_solver.cc:2026] No solution exists. MPSolverInterface::result_status_ = MPSOLVER_INFEASIBLE
E0000 00:00:1785704341.493654  451613 linear_solver.cc:2026] No solution exists. MPSolverInterface::result_status_ = MPSOLVER_INFEASIBLE
E0000 00:00:1785704342.975778  451613 linear_solver.cc:2026] No solution exists. MPSolverInterface::result_status_ = MPSOLVER_INFEASIBLE
E0000 00:00:1785704343.001253  451613 linear_solver.cc:2026] No solution exists. MPSolverInterface::result_status_ = MPSOLVER_INFEASIBLE
E0000 00:00:1785704344.246860  451613 linear_solver.cc:2026] No solution exists. MPSolverInterface::result_status_ = MPSOLVER_INFEASIBLE
E0000 00:00:1785704344.272269  451613 linear_solver.cc:2026] No solution exists. MPSolverInterface::result_status_ = MPSOLVER_INFEASIBLE
E0000 00:00:1785704346.461033  451613 linear_solver.cc:2026] No solution exists. MPSolverInterface::result_status_ = MPSOLVER_INFEASIBLE
E0000 00:00:1785704346.522879  451613 linear_solver.cc:2026] No solution exists. MPSolverInterface::result_status_ = MPSOLVER_INFEASIBLE
E0000 00:00:1785704346.585522  451613 linear_solver.cc:2026] No solution exists. MPSolverInterface::result_status_ = MPSOLVER_INFEASIBLE
E0000 00:00:1785704346.646462  451613 linear_solver.cc:2026] No solution exists. MPSolverInterface::result_status_ = MPSOLVER_INFEASIBLE
E0000 00:00:1785704346.708691  451613 linear_solver.cc:2026] No solution exists. MPSolverInterface::result_status_ = MPSOLVER_INFEASIBLE
E0000 00:00:1785704346.770109  451613 linear_solver.cc:2026] No solution exists. MPSolverInterface::result_status_ = MPSOLVER_INFEASIBLE
E0000 00:00:1785704346.833329  451613 linear_solver.cc:2026] No solution exists. MPSolverInterface::result_status_ = MPSOLVER_INFEASIBLE
E0000 00:00:1785704346.895293  451613 linear_solver.cc:2026] No solution exists. MPSolverInterface::result_status_ = MPSOLVER_INFEASIBLE
E0000 00:00:1785704349.604182  451613 linear_solver.cc:2026] No solution exists. MPSolverInterface::result_status_ = MPSOLVER_INFEASIBLE
E0000 00:00:1785704349.665299  451613 linear_solver.cc:2026] No solution exists. MPSolverInterface::result_status_ = MPSOLVER_INFEASIBLE
E0000 00:00:1785704349.727236  451613 linear_solver.cc:2026] No solution exists. MPSolverInterface::result_status_ = MPSOLVER_INFEASIBLE
E0000 00:00:1785704349.789054  451613 linear_solver.cc:2026] No solution exists. MPSolverInterface::result_status_ = MPSOLVER_INFEASIBLE
E0000 00:00:1785704349.851668  451613 linear_solver.cc:2026] No solution exists. MPSolverInterface::result_status_ = MPSOLVER_INFEASIBLE
E0000 00:00:1785704353.507607  451613 linear_solver.cc:2026] No solution exists. MPSolverInterface::result_status_ = MPSOLVER_INFEASIBLE
E0000 00:00:1785704353.569971  451613 linear_solver.cc:2026] No solution exists. MPSolverInterface::result_status_ = MPSOLVER_INFEASIBLE
E0000 00:00:1785704353.632417  451613 linear_solver.cc:2026] No solution exists. MPSolverInterface::result_status_ = MPSOLVER_INFEASIBLE
E0000 00:00:1785704353.695463  451613 linear_solver.cc:2026] No solution exists. MPSolverInterface::result_status_ = MPSOLVER_INFEASIBLE
E0000 00:00:1785704353.757778  451613 linear_solver.cc:2026] No solution exists. MPSolverInterface::result_status_ = MPSOLVER_INFEASIBLE
E0000 00:00:1785704360.021865  451613 linear_solver.cc:2026] No solution exists. MPSolverInterface::result_status_ = MPSOLVER_INFEASIBLE
E0000 00:00:1785704360.096719  451613 linear_solver.cc:2026] No solution exists. MPSolverInterface::result_status_ = MPSOLVER_INFEASIBLE
E0000 00:00:1785704374.934218  451613 linear_solver.cc:2026] No solution exists. MPSolverInterface::result_status_ = MPSOLVER_INFEASIBLE
E0000 00:00:1785704375.020470  451613 linear_solver.cc:2026] No solution exists. MPSolverInterface::result_status_ = MPSOLVER_INFEASIBLE
E0000 00:00:1785704389.951957  451613 linear_solver.cc:2026] No solution exists. MPSolverInterface::result_status_ = MPSOLVER_INFEASIBLE
E0000 00:00:1785704390.006952  451613 linear_solver.cc:2026] No solution exists. MPSolverInterface::result_status_ = MPSOLVER_INFEASIBLE
E0000 00:00:1785704390.062306  451613 linear_solver.cc:2026] No solution exists. MPSolverInterface::result_status_ = MPSOLVER_INFEASIBLE
E0000 00:00:1785704390.117314  451613 linear_solver.cc:2026] No solution exists. MPSolverInterface::result_status_ = MPSOLVER_INFEASIBLE
E0000 00:00:1785704390.173813  451613 linear_solver.cc:2026] No solution exists. MPSolverInterface::result_status_ = MPSOLVER_INFEASIBLE
E0000 00:00:1785704390.229710  451613 linear_solver.cc:2026] No solution exists. MPSolverInterface::result_status_ = MPSOLVER_INFEASIBLE
E0000 00:00:1785704390.285594  451613 linear_solver.cc:2026] No solution exists. MPSolverInterface::result_status_ = MPSOLVER_INFEASIBLE
E0000 00:00:1785704390.341677  451613 linear_solver.cc:2026] No solution exists. MPSolverInterface::result_status_ = MPSOLVER_INFEASIBLE
E0000 00:00:1785704393.108187  451613 linear_solver.cc:2026] No solution exists. MPSolverInterface::result_status_ = MPSOLVER_INFEASIBLE
E0000 00:00:1785704393.119205  451613 linear_solver.cc:2026] No solution exists. MPSolverInterface::result_status_ = MPSOLVER_INFEASIBLE
E0000 00:00:1785704394.699251  451613 linear_solver.cc:2026] No solution exists. MPSolverInterface::result_status_ = MPSOLVER_INFEASIBLE
E0000 00:00:1785704394.743705  451613 linear_solver.cc:2026] No solution exists. MPSolverInterface::result_status_ = MPSOLVER_INFEASIBLE
E0000 00:00:1785704394.788421  451613 linear_solver.cc:2026] No solution exists. MPSolverInterface::result_status_ = MPSOLVER_INFEASIBLE
E0000 00:00:1785704394.832847  451613 linear_solver.cc:2026] No solution exists. MPSolverInterface::result_status_ = MPSOLVER_INFEASIBLE
E0000 00:00:1785704394.878492  451613 linear_solver.cc:2026] No solution exists. MPSolverInterface::result_status_ = MPSOLVER_INFEASIBLE
E0000 00:00:1785704394.926807  451613 linear_solver.cc:2026] No solution exists. MPSolverInterface::result_status_ = MPSOLVER_INFEASIBLE
E0000 00:00:1785704394.977978  451613 linear_solver.cc:2026] No solution exists. MPSolverInterface::result_status_ = MPSOLVER_INFEASIBLE
E0000 00:00:1785704395.023228  451613 linear_solver.cc:2026] No solution exists. MPSolverInterface::result_status_ = MPSOLVER_INFEASIBLE
E0000 00:00:1785704395.536202  451613 linear_solver.cc:2026] No solution exists. MPSolverInterface::result_status_ = MPSOLVER_INFEASIBLE
E0000 00:00:1785704395.551423  451613 linear_solver.cc:2026] No solution exists. MPSolverInterface::result_status_ = MPSOLVER_INFEASIBLE
E0000 00:00:1785704395.953053  451613 linear_solver.cc:2026] No solution exists. MPSolverInterface::result_status_ = MPSOLVER_INFEASIBLE
E0000 00:00:1785704395.998692  451613 linear_solver.cc:2026] No solution exists. MPSolverInterface::result_status_ = MPSOLVER_INFEASIBLE
E0000 00:00:1785704396.043500  451613 linear_solver.cc:2026] No solution exists. MPSolverInterface::result_status_ = MPSOLVER_INFEASIBLE
E0000 00:00:1785704396.089687  451613 linear_solver.cc:2026] No solution exists. MPSolverInterface::result_status_ = MPSOLVER_INFEASIBLE
E0000 00:00:1785704396.135554  451613 linear_solver.cc:2026] No solution exists. MPSolverInterface::result_status_ = MPSOLVER_INFEASIBLE
E0000 00:00:1785704396.180858  451613 linear_solver.cc:2026] No solution exists. MPSolverInterface::result_status_ = MPSOLVER_INFEASIBLE
E0000 00:00:1785704396.226759  451613 linear_solver.cc:2026] No solution exists. MPSolverInterface::result_status_ = MPSOLVER_INFEASIBLE
E0000 00:00:1785704396.272388  451613 linear_solver.cc:2026] No solution exists. MPSolverInterface::result_status_ = MPSOLVER_INFEASIBLE
E0000 00:00:1785704397.274791  451613 linear_solver.cc:2026] No solution exists. MPSolverInterface::result_status_ = MPSOLVER_INFEASIBLE
E0000 00:00:1785704397.299081  451613 linear_solver.cc:2026] No solution exists. MPSolverInterface::result_status_ = MPSOLVER_INFEASIBLE
E0000 00:00:1785704411.485238  451613 linear_solver.cc:2026] No solution exists. MPSolverInterface::result_status_ = MPSOLVER_INFEASIBLE
E0000 00:00:1785704411.540465  451613 linear_solver.cc:2026] No solution exists. MPSolverInterface::result_status_ = MPSOLVER_INFEASIBLE
E0000 00:00:1785704414.574737  451613 linear_solver.cc:2026] No solution exists. MPSolverInterface::result_status_ = MPSOLVER_INFEASIBLE
E0000 00:00:1785704414.640968  451613 linear_solver.cc:2026] No solution exists. MPSolverInterface::result_status_ = MPSOLVER_INFEASIBLE
E0000 00:00:1785704414.708267  451613 linear_solver.cc:2026] No solution exists. MPSolverInterface::result_status_ = MPSOLVER_INFEASIBLE
E0000 00:00:1785704414.775562  451613 linear_solver.cc:2026] No solution exists. MPSolverInterface::result_status_ = MPSOLVER_INFEASIBLE
E0000 00:00:1785704414.842363  451613 linear_solver.cc:2026] No solution exists. MPSolverInterface::result_status_ = MPSOLVER_INFEASIBLE
E0000 00:00:1785704437.331940  451613 linear_solver.cc:2026] No solution exists. MPSolverInterface::result_status_ = MPSOLVER_INFEASIBLE
E0000 00:00:1785704437.420181  451613 linear_solver.cc:2026] No solution exists. MPSolverInterface::result_status_ = MPSOLVER_INFEASIBLE
E0000 00:00:1785704449.554044  451613 linear_solver.cc:2026] No solution exists. MPSolverInterface::result_status_ = MPSOLVER_INFEASIBLE
E0000 00:00:1785704449.608313  451613 linear_solver.cc:2026] No solution exists. MPSolverInterface::result_status_ = MPSOLVER_INFEASIBLE
E0000 00:00:1785704449.661743  451613 linear_solver.cc:2026] No solution exists. MPSolverInterface::result_status_ = MPSOLVER_INFEASIBLE
E0000 00:00:1785704449.713823  451613 linear_solver.cc:2026] No solution exists. MPSolverInterface::result_status_ = MPSOLVER_INFEASIBLE
E0000 00:00:1785704449.768258  451613 linear_solver.cc:2026] No solution exists. MPSolverInterface::result_status_ = MPSOLVER_INFEASIBLE
E0000 00:00:1785704449.825383  451613 linear_solver.cc:2026] No solution exists. MPSolverInterface::result_status_ = MPSOLVER_INFEASIBLE
E0000 00:00:1785704449.875572  451613 linear_solver.cc:2026] No solution exists. MPSolverInterface::result_status_ = MPSOLVER_INFEASIBLE
E0000 00:00:1785704449.930331  451613 linear_solver.cc:2026] No solution exists. MPSolverInterface::result_status_ = MPSOLVER_INFEASIBLE
E0000 00:00:1785704450.655044  451613 linear_solver.cc:2026] No solution exists. MPSolverInterface::result_status_ = MPSOLVER_INFEASIBLE
E0000 00:00:1785704450.710692  451613 linear_solver.cc:2026] No solution exists. MPSolverInterface::result_status_ = MPSOLVER_INFEASIBLE
E0000 00:00:1785704450.773007  451613 linear_solver.cc:2026] No solution exists. MPSolverInterface::result_status_ = MPSOLVER_INFEASIBLE
E0000 00:00:1785704450.835000  451613 linear_solver.cc:2026] No solution exists. MPSolverInterface::result_status_ = MPSOLVER_INFEASIBLE
E0000 00:00:1785704450.891661  451613 linear_solver.cc:2026] No solution exists. MPSolverInterface::result_status_ = MPSOLVER_INFEASIBLE
E0000 00:00:1785704450.952948  451613 linear_solver.cc:2026] No solution exists. MPSolverInterface::result_status_ = MPSOLVER_INFEASIBLE
E0000 00:00:1785704451.014980  451613 linear_solver.cc:2026] No solution exists. MPSolverInterface::result_status_ = MPSOLVER_INFEASIBLE
E0000 00:00:1785704451.074931  451613 linear_solver.cc:2026] No solution exists. MPSolverInterface::result_status_ = MPSOLVER_INFEASIBLE
E0000 00:00:1785704451.809342  451613 linear_solver.cc:2026] No solution exists. MPSolverInterface::result_status_ = MPSOLVER_INFEASIBLE
E0000 00:00:1785704451.866880  451613 linear_solver.cc:2026] No solution exists. MPSolverInterface::result_status_ = MPSOLVER_INFEASIBLE
E0000 00:00:1785704451.924364  451613 linear_solver.cc:2026] No solution exists. MPSolverInterface::result_status_ = MPSOLVER_INFEASIBLE
E0000 00:00:1785704451.984766  451613 linear_solver.cc:2026] No solution exists. MPSolverInterface::result_status_ = MPSOLVER_INFEASIBLE
E0000 00:00:1785704452.042142  451613 linear_solver.cc:2026] No solution exists. MPSolverInterface::result_status_ = MPSOLVER_INFEASIBLE
E0000 00:00:1785704452.097250  451613 linear_solver.cc:2026] No solution exists. MPSolverInterface::result_status_ = MPSOLVER_INFEASIBLE
E0000 00:00:1785704452.155707  451613 linear_solver.cc:2026] No solution exists. MPSolverInterface::result_status_ = MPSOLVER_INFEASIBLE
E0000 00:00:1785704452.215463  451613 linear_solver.cc:2026] No solution exists. MPSolverInterface::result_status_ = MPSOLVER_INFEASIBLE
E0000 00:00:1785704463.708644  451613 linear_solver.cc:2026] No solution exists. MPSolverInterface::result_status_ = MPSOLVER_INFEASIBLE
E0000 00:00:1785704463.798202  451613 linear_solver.cc:2026] No solution exists. MPSolverInterface::result_status_ = MPSOLVER_INFEASIBLE
E0000 00:00:1785704479.028733  451613 linear_solver.cc:2026] No solution exists. MPSolverInterface::result_status_ = MPSOLVER_INFEASIBLE
E0000 00:00:1785704479.107427  451613 linear_solver.cc:2026] No solution exists. MPSolverInterface::result_status_ = MPSOLVER_INFEASIBLE
E0000 00:00:1785704483.785730  451613 linear_solver.cc:2026] No solution exists. MPSolverInterface::result_status_ = MPSOLVER_INFEASIBLE
E0000 00:00:1785704483.831443  451613 linear_solver.cc:2026] No solution exists. MPSolverInterface::result_status_ = MPSOLVER_INFEASIBLE
E0000 00:00:1785704491.066731  451613 linear_solver.cc:2026] No solution exists. MPSolverInterface::result_status_ = MPSOLVER_INFEASIBLE
E0000 00:00:1785704491.126784  451613 linear_solver.cc:2026] No solution exists. MPSolverInterface::result_status_ = MPSOLVER_INFEASIBLE
E0000 00:00:1785704498.384252  451613 linear_solver.cc:2026] No solution exists. MPSolverInterface::result_status_ = MPSOLVER_INFEASIBLE
E0000 00:00:1785704498.437198  451613 linear_solver.cc:2026] No solution exists. MPSolverInterface::result_status_ = MPSOLVER_INFEASIBLE
E0000 00:00:1785704509.739227  451613 linear_solver.cc:2026] No solution exists. MPSolverInterface::result_status_ = MPSOLVER_INFEASIBLE
E0000 00:00:1785704509.798925  451613 linear_solver.cc:2026] No solution exists. MPSolverInterface::result_status_ = MPSOLVER_INFEASIBLE
E0000 00:00:1785704515.088025  451613 linear_solver.cc:2026] No solution exists. MPSolverInterface::result_status_ = MPSOLVER_INFEASIBLE
E0000 00:00:1785704515.100529  451613 linear_solver.cc:2026] No solution exists. MPSolverInterface::result_status_ = MPSOLVER_INFEASIBLE
E0000 00:00:1785704520.929141  451613 linear_solver.cc:2026] No solution exists. MPSolverInterface::result_status_ = MPSOLVER_INFEASIBLE
E0000 00:00:1785704520.978843  451613 linear_solver.cc:2026] No solution exists. MPSolverInterface::result_status_ = MPSOLVER_INFEASIBLE
E0000 00:00:1785704521.029267  451613 linear_solver.cc:2026] No solution exists. MPSolverInterface::result_status_ = MPSOLVER_INFEASIBLE
E0000 00:00:1785704521.076823  451613 linear_solver.cc:2026] No solution exists. MPSolverInterface::result_status_ = MPSOLVER_INFEASIBLE
E0000 00:00:1785704521.120225  451613 linear_solver.cc:2026] No solution exists. MPSolverInterface::result_status_ = MPSOLVER_INFEASIBLE
E0000 00:00:1785704526.810187  451613 linear_solver.cc:2026] No solution exists. MPSolverInterface::result_status_ = MPSOLVER_INFEASIBLE
E0000 00:00:1785704526.823368  451613 linear_solver.cc:2026] No solution exists. MPSolverInterface::result_status_ = MPSOLVER_INFEASIBLE
E0000 00:00:1785704526.837049  451613 linear_solver.cc:2026] No solution exists. MPSolverInterface::result_status_ = MPSOLVER_INFEASIBLE
E0000 00:00:1785704526.850408  451613 linear_solver.cc:2026] No solution exists. MPSolverInterface::result_status_ = MPSOLVER_INFEASIBLE
E0000 00:00:1785704526.863757  451613 linear_solver.cc:2026] No solution exists. MPSolverInterface::result_status_ = MPSOLVER_INFEASIBLE
E0000 00:00:1785704526.877785  451613 linear_solver.cc:2026] No solution exists. MPSolverInterface::result_status_ = MPSOLVER_INFEASIBLE
E0000 00:00:1785704526.889023  451613 linear_solver.cc:2026] No solution exists. MPSolverInterface::result_status_ = MPSOLVER_INFEASIBLE
E0000 00:00:1785704526.899997  451613 linear_solver.cc:2026] No solution exists. MPSolverInterface::result_status_ = MPSOLVER_INFEASIBLE
E0000 00:00:1785704527.042166  451613 linear_solver.cc:2026] No solution exists. MPSolverInterface::result_status_ = MPSOLVER_INFEASIBLE
E0000 00:00:1785704527.054897  451613 linear_solver.cc:2026] No solution exists. MPSolverInterface::result_status_ = MPSOLVER_INFEASIBLE
E0000 00:00:1785704527.068175  451613 linear_solver.cc:2026] No solution exists. MPSolverInterface::result_status_ = MPSOLVER_INFEASIBLE
E0000 00:00:1785704527.081981  451613 linear_solver.cc:2026] No solution exists. MPSolverInterface::result_status_ = MPSOLVER_INFEASIBLE
E0000 00:00:1785704527.094407  451613 linear_solver.cc:2026] No solution exists. MPSolverInterface::result_status_ = MPSOLVER_INFEASIBLE
E0000 00:00:1785704527.105217  451613 linear_solver.cc:2026] No solution exists. MPSolverInterface::result_status_ = MPSOLVER_INFEASIBLE
E0000 00:00:1785704527.115816  451613 linear_solver.cc:2026] No solution exists. MPSolverInterface::result_status_ = MPSOLVER_INFEASIBLE
E0000 00:00:1785704527.126851  451613 linear_solver.cc:2026] No solution exists. MPSolverInterface::result_status_ = MPSOLVER_INFEASIBLE
E0000 00:00:1785704528.607354  451613 linear_solver.cc:2026] No solution exists. MPSolverInterface::result_status_ = MPSOLVER_INFEASIBLE
E0000 00:00:1785704528.658659  451613 linear_solver.cc:2026] No solution exists. MPSolverInterface::result_status_ = MPSOLVER_INFEASIBLE
E0000 00:00:1785704528.711845  451613 linear_solver.cc:2026] No solution exists. MPSolverInterface::result_status_ = MPSOLVER_INFEASIBLE
E0000 00:00:1785704528.766126  451613 linear_solver.cc:2026] No solution exists. MPSolverInterface::result_status_ = MPSOLVER_INFEASIBLE
E0000 00:00:1785704528.820949  451613 linear_solver.cc:2026] No solution exists. MPSolverInterface::result_status_ = MPSOLVER_INFEASIBLE
E0000 00:00:1785704528.873768  451613 linear_solver.cc:2026] No solution exists. MPSolverInterface::result_status_ = MPSOLVER_INFEASIBLE
E0000 00:00:1785704528.926919  451613 linear_solver.cc:2026] No solution exists. MPSolverInterface::result_status_ = MPSOLVER_INFEASIBLE
E0000 00:00:1785704528.976954  451613 linear_solver.cc:2026] No solution exists. MPSolverInterface::result_status_ = MPSOLVER_INFEASIBLE
E0000 00:00:1785704532.504610  451613 linear_solver.cc:2026] No solution exists. MPSolverInterface::result_status_ = MPSOLVER_INFEASIBLE
E0000 00:00:1785704532.523203  451613 linear_solver.cc:2026] No solution exists. MPSolverInterface::result_status_ = MPSOLVER_INFEASIBLE
E0000 00:00:1785704532.892449  451613 linear_solver.cc:2026] No solution exists. MPSolverInterface::result_status_ = MPSOLVER_INFEASIBLE
E0000 00:00:1785704532.910624  451613 linear_solver.cc:2026] No solution exists. MPSolverInterface::result_status_ = MPSOLVER_INFEASIBLE
E0000 00:00:1785704533.429853  451613 linear_solver.cc:2026] No solution exists. MPSolverInterface::result_status_ = MPSOLVER_INFEASIBLE
E0000 00:00:1785704533.459748  451613 linear_solver.cc:2026] No solution exists. MPSolverInterface::result_status_ = MPSOLVER_INFEASIBLE
E0000 00:00:1785704533.489239  451613 linear_solver.cc:2026] No solution exists. MPSolverInterface::result_status_ = MPSOLVER_INFEASIBLE
E0000 00:00:1785704533.518974  451613 linear_solver.cc:2026] No solution exists. MPSolverInterface::result_status_ = MPSOLVER_INFEASIBLE
E0000 00:00:1785704533.548324  451613 linear_solver.cc:2026] No solution exists. MPSolverInterface::result_status_ = MPSOLVER_INFEASIBLE
E0000 00:00:1785704533.579787  451613 linear_solver.cc:2026] No solution exists. MPSolverInterface::result_status_ = MPSOLVER_INFEASIBLE
E0000 00:00:1785704533.609899  451613 linear_solver.cc:2026] No solution exists. MPSolverInterface::result_status_ = MPSOLVER_INFEASIBLE
E0000 00:00:1785704533.637411  451613 linear_solver.cc:2026] No solution exists. MPSolverInterface::result_status_ = MPSOLVER_INFEASIBLE
E0000 00:00:1785704537.219791  451613 linear_solver.cc:2026] No solution exists. MPSolverInterface::result_status_ = MPSOLVER_INFEASIBLE
E0000 00:00:1785704542.113331  451613 linear_solver.cc:2026] No solution exists. MPSolverInterface::result_status_ = MPSOLVER_INFEASIBLE
E0000 00:00:1785704542.162565  451613 linear_solver.cc:2026] No solution exists. MPSolverInterface::result_status_ = MPSOLVER_INFEASIBLE
E0000 00:00:1785704542.218551  451613 linear_solver.cc:2026] No solution exists. MPSolverInterface::result_status_ = MPSOLVER_INFEASIBLE
E0000 00:00:1785704542.274107  451613 linear_solver.cc:2026] No solution exists. MPSolverInterface::result_status_ = MPSOLVER_INFEASIBLE
E0000 00:00:1785704542.328876  451613 linear_solver.cc:2026] No solution exists. MPSolverInterface::result_status_ = MPSOLVER_INFEASIBLE
E0000 00:00:1785704542.381620  451613 linear_solver.cc:2026] No solution exists. MPSolverInterface::result_status_ = MPSOLVER_INFEASIBLE
E0000 00:00:1785704542.436384  451613 linear_solver.cc:2026] No solution exists. MPSolverInterface::result_status_ = MPSOLVER_INFEASIBLE
E0000 00:00:1785704542.491181  451613 linear_solver.cc:2026] No solution exists. MPSolverInterface::result_status_ = MPSOLVER_INFEASIBLE
E0000 00:00:1785704553.748007  451613 linear_solver.cc:2026] No solution exists. MPSolverInterface::result_status_ = MPSOLVER_INFEASIBLE
E0000 00:00:1785704553.774786  451613 linear_solver.cc:2026] No solution exists. MPSolverInterface::result_status_ = MPSOLVER_INFEASIBLE
E0000 00:00:1785704554.957237  451613 linear_solver.cc:2026] No solution exists. MPSolverInterface::result_status_ = MPSOLVER_INFEASIBLE
E0000 00:00:1785704555.006385  451613 linear_solver.cc:2026] No solution exists. MPSolverInterface::result_status_ = MPSOLVER_INFEASIBLE
E0000 00:00:1785704555.053091  451613 linear_solver.cc:2026] No solution exists. MPSolverInterface::result_status_ = MPSOLVER_INFEASIBLE
E0000 00:00:1785704555.095435  451613 linear_solver.cc:2026] No solution exists. MPSolverInterface::result_status_ = MPSOLVER_INFEASIBLE
E0000 00:00:1785704555.143294  451613 linear_solver.cc:2026] No solution exists. MPSolverInterface::result_status_ = MPSOLVER_INFEASIBLE
E0000 00:00:1785704555.191508  451613 linear_solver.cc:2026] No solution exists. MPSolverInterface::result_status_ = MPSOLVER_INFEASIBLE
E0000 00:00:1785704562.630559  451613 linear_solver.cc:2026] No solution exists. MPSolverInterface::result_status_ = MPSOLVER_INFEASIBLE
E0000 00:00:1785704562.687792  451613 linear_solver.cc:2026] No solution exists. MPSolverInterface::result_status_ = MPSOLVER_INFEASIBLE
E0000 00:00:1785704572.108131  451613 linear_solver.cc:2026] No solution exists. MPSolverInterface::result_status_ = MPSOLVER_INFEASIBLE
E0000 00:00:1785704572.161414  451613 linear_solver.cc:2026] No solution exists. MPSolverInterface::result_status_ = MPSOLVER_INFEASIBLE
E0000 00:00:1785704572.216088  451613 linear_solver.cc:2026] No solution exists. MPSolverInterface::result_status_ = MPSOLVER_INFEASIBLE
E0000 00:00:1785704572.275014  451613 linear_solver.cc:2026] No solution exists. MPSolverInterface::result_status_ = MPSOLVER_INFEASIBLE
E0000 00:00:1785704572.325722  451613 linear_solver.cc:2026] No solution exists. MPSolverInterface::result_status_ = MPSOLVER_INFEASIBLE
E0000 00:00:1785704572.380295  451613 linear_solver.cc:2026] No solution exists. MPSolverInterface::result_status_ = MPSOLVER_INFEASIBLE
E0000 00:00:1785704572.435059  451613 linear_solver.cc:2026] No solution exists. MPSolverInterface::result_status_ = MPSOLVER_INFEASIBLE
E0000 00:00:1785704572.489318  451613 linear_solver.cc:2026] No solution exists. MPSolverInterface::result_status_ = MPSOLVER_INFEASIBLE
E0000 00:00:1785704578.873628  451613 linear_solver.cc:2026] No solution exists. MPSolverInterface::result_status_ = MPSOLVER_INFEASIBLE
E0000 00:00:1785704578.945695  451613 linear_solver.cc:2026] No solution exists. MPSolverInterface::result_status_ = MPSOLVER_INFEASIBLE
E0000 00:00:1785704583.030889  451613 linear_solver.cc:2026] No solution exists. MPSolverInterface::result_status_ = MPSOLVER_INFEASIBLE
E0000 00:00:1785704583.094022  451613 linear_solver.cc:2026] No solution exists. MPSolverInterface::result_status_ = MPSOLVER_INFEASIBLE
E0000 00:00:1785704584.635597  451613 linear_solver.cc:2026] No solution exists. MPSolverInterface::result_status_ = MPSOLVER_INFEASIBLE
E0000 00:00:1785704584.686114  451613 linear_solver.cc:2026] No solution exists. MPSolverInterface::result_status_ = MPSOLVER_INFEASIBLE
E0000 00:00:1785704584.737801  451613 linear_solver.cc:2026] No solution exists. MPSolverInterface::result_status_ = MPSOLVER_INFEASIBLE
E0000 00:00:1785704584.788976  451613 linear_solver.cc:2026] No solution exists. MPSolverInterface::result_status_ = MPSOLVER_INFEASIBLE
E0000 00:00:1785704584.834508  451613 linear_solver.cc:2026] No solution exists. MPSolverInterface::result_status_ = MPSOLVER_INFEASIBLE
E0000 00:00:1785704584.879331  451613 linear_solver.cc:2026] No solution exists. MPSolverInterface::result_status_ = MPSOLVER_INFEASIBLE
E0000 00:00:1785704584.931058  451613 linear_solver.cc:2026] No solution exists. MPSolverInterface::result_status_ = MPSOLVER_INFEASIBLE
E0000 00:00:1785704584.982240  451613 linear_solver.cc:2026] No solution exists. MPSolverInterface::result_status_ = MPSOLVER_INFEASIBLE
E0000 00:00:1785704585.593320  451613 linear_solver.cc:2026] No solution exists. MPSolverInterface::result_status_ = MPSOLVER_INFEASIBLE
E0000 00:00:1785704585.639076  451613 linear_solver.cc:2026] No solution exists. MPSolverInterface::result_status_ = MPSOLVER_INFEASIBLE
E0000 00:00:1785704585.683106  451613 linear_solver.cc:2026] No solution exists. MPSolverInterface::result_status_ = MPSOLVER_INFEASIBLE
E0000 00:00:1785704585.732105  451613 linear_solver.cc:2026] No solution exists. MPSolverInterface::result_status_ = MPSOLVER_INFEASIBLE
E0000 00:00:1785704585.783938  451613 linear_solver.cc:2026] No solution exists. MPSolverInterface::result_status_ = MPSOLVER_INFEASIBLE
E0000 00:00:1785704585.834095  451613 linear_solver.cc:2026] No solution exists. MPSolverInterface::result_status_ = MPSOLVER_INFEASIBLE
E0000 00:00:1785704585.877626  451613 linear_solver.cc:2026] No solution exists. MPSolverInterface::result_status_ = MPSOLVER_INFEASIBLE
E0000 00:00:1785704585.923610  451613 linear_solver.cc:2026] No solution exists. MPSolverInterface::result_status_ = MPSOLVER_INFEASIBLE
E0000 00:00:1785704586.961997  451613 linear_solver.cc:2026] No solution exists. MPSolverInterface::result_status_ = MPSOLVER_INFEASIBLE
E0000 00:00:1785704587.014779  451613 linear_solver.cc:2026] No solution exists. MPSolverInterface::result_status_ = MPSOLVER_INFEASIBLE
E0000 00:00:1785704587.063534  451613 linear_solver.cc:2026] No solution exists. MPSolverInterface::result_status_ = MPSOLVER_INFEASIBLE
E0000 00:00:1785704587.114305  451613 linear_solver.cc:2026] No solution exists. MPSolverInterface::result_status_ = MPSOLVER_INFEASIBLE
E0000 00:00:1785704587.165935  451613 linear_solver.cc:2026] No solution exists. MPSolverInterface::result_status_ = MPSOLVER_INFEASIBLE
E0000 00:00:1785704591.784539  451613 linear_solver.cc:2026] No solution exists. MPSolverInterface::result_status_ = MPSOLVER_INFEASIBLE
E0000 00:00:1785704591.836894  451613 linear_solver.cc:2026] No solution exists. MPSolverInterface::result_status_ = MPSOLVER_INFEASIBLE
E0000 00:00:1785704594.677116  451613 linear_solver.cc:2026] No solution exists. MPSolverInterface::result_status_ = MPSOLVER_INFEASIBLE
E0000 00:00:1785704594.707389  451613 linear_solver.cc:2026] No solution exists. MPSolverInterface::result_status_ = MPSOLVER_INFEASIBLE
E0000 00:00:1785704598.210225  451613 linear_solver.cc:2026] No solution exists. MPSolverInterface::result_status_ = MPSOLVER_INFEASIBLE
E0000 00:00:1785704598.262634  451613 linear_solver.cc:2026] No solution exists. MPSolverInterface::result_status_ = MPSOLVER_INFEASIBLE
E0000 00:00:1785704608.146044  451613 linear_solver.cc:2026] No solution exists. MPSolverInterface::result_status_ = MPSOLVER_INFEASIBLE
E0000 00:00:1785704608.220502  451613 linear_solver.cc:2026] No solution exists. MPSolverInterface::result_status_ = MPSOLVER_INFEASIBLE
E0000 00:00:1785704621.746377  451613 linear_solver.cc:2026] No solution exists. MPSolverInterface::result_status_ = MPSOLVER_INFEASIBLE
E0000 00:00:1785704621.813507  451613 linear_solver.cc:2026] No solution exists. MPSolverInterface::result_status_ = MPSOLVER_INFEASIBLE
E0000 00:00:1785704628.632641  451613 linear_solver.cc:2026] No solution exists. MPSolverInterface::result_status_ = MPSOLVER_INFEASIBLE
E0000 00:00:1785704628.692373  451613 linear_solver.cc:2026] No solution exists. MPSolverInterface::result_status_ = MPSOLVER_INFEASIBLE
E0000 00:00:1785704632.633947  451613 linear_solver.cc:2026] No solution exists. MPSolverInterface::result_status_ = MPSOLVER_INFEASIBLE
E0000 00:00:1785704632.646606  451613 linear_solver.cc:2026] No solution exists. MPSolverInterface::result_status_ = MPSOLVER_INFEASIBLE
E0000 00:00:1785704636.400474  451613 linear_solver.cc:2026] No solution exists. MPSolverInterface::result_status_ = MPSOLVER_INFEASIBLE
E0000 00:00:1785704636.463380  451613 linear_solver.cc:2026] No solution exists. MPSolverInterface::result_status_ = MPSOLVER_INFEASIBLE
E0000 00:00:1785704640.646379  451613 linear_solver.cc:2026] No solution exists. MPSolverInterface::result_status_ = MPSOLVER_INFEASIBLE
E0000 00:00:1785704640.701796  451613 linear_solver.cc:2026] No solution exists. MPSolverInterface::result_status_ = MPSOLVER_INFEASIBLE
E0000 00:00:1785704643.653598  451613 linear_solver.cc:2026] No solution exists. MPSolverInterface::result_status_ = MPSOLVER_INFEASIBLE
E0000 00:00:1785704643.703015  451613 linear_solver.cc:2026] No solution exists. MPSolverInterface::result_status_ = MPSOLVER_INFEASIBLE
E0000 00:00:1785704643.753041  451613 linear_solver.cc:2026] No solution exists. MPSolverInterface::result_status_ = MPSOLVER_INFEASIBLE
E0000 00:00:1785704643.799050  451613 linear_solver.cc:2026] No solution exists. MPSolverInterface::result_status_ = MPSOLVER_INFEASIBLE
E0000 00:00:1785704643.847585  451613 linear_solver.cc:2026] No solution exists. MPSolverInterface::result_status_ = MPSOLVER_INFEASIBLE
E0000 00:00:1785704643.897277  451613 linear_solver.cc:2026] No solution exists. MPSolverInterface::result_status_ = MPSOLVER_INFEASIBLE
E0000 00:00:1785704643.948192  451613 linear_solver.cc:2026] No solution exists. MPSolverInterface::result_status_ = MPSOLVER_INFEASIBLE
E0000 00:00:1785704643.993406  451613 linear_solver.cc:2026] No solution exists. MPSolverInterface::result_status_ = MPSOLVER_INFEASIBLE
E0000 00:00:1785704644.602743  451613 linear_solver.cc:2026] No solution exists. MPSolverInterface::result_status_ = MPSOLVER_INFEASIBLE
E0000 00:00:1785704644.658160  451613 linear_solver.cc:2026] No solution exists. MPSolverInterface::result_status_ = MPSOLVER_INFEASIBLE
E0000 00:00:1785704644.707726  451613 linear_solver.cc:2026] No solution exists. MPSolverInterface::result_status_ = MPSOLVER_INFEASIBLE
E0000 00:00:1785704644.759680  451613 linear_solver.cc:2026] No solution exists. MPSolverInterface::result_status_ = MPSOLVER_INFEASIBLE
E0000 00:00:1785704644.817464  451613 linear_solver.cc:2026] No solution exists. MPSolverInterface::result_status_ = MPSOLVER_INFEASIBLE
E0000 00:00:1785704644.876120  451613 linear_solver.cc:2026] No solution exists. MPSolverInterface::result_status_ = MPSOLVER_INFEASIBLE
E0000 00:00:1785704644.928564  451613 linear_solver.cc:2026] No solution exists. MPSolverInterface::result_status_ = MPSOLVER_INFEASIBLE
E0000 00:00:1785704644.981100  451613 linear_solver.cc:2026] No solution exists. MPSolverInterface::result_status_ = MPSOLVER_INFEASIBLE
E0000 00:00:1785704652.091471  451613 linear_solver.cc:2026] No solution exists. MPSolverInterface::result_status_ = MPSOLVER_INFEASIBLE
E0000 00:00:1785704652.163572  451613 linear_solver.cc:2026] No solution exists. MPSolverInterface::result_status_ = MPSOLVER_INFEASIBLE
E0000 00:00:1785704654.425327  451613 linear_solver.cc:2026] No solution exists. MPSolverInterface::result_status_ = MPSOLVER_INFEASIBLE
E0000 00:00:1785704654.467920  451613 linear_solver.cc:2026] No solution exists. MPSolverInterface::result_status_ = MPSOLVER_INFEASIBLE
E0000 00:00:1785704654.512717  451613 linear_solver.cc:2026] No solution exists. MPSolverInterface::result_status_ = MPSOLVER_INFEASIBLE
E0000 00:00:1785704654.558125  451613 linear_solver.cc:2026] No solution exists. MPSolverInterface::result_status_ = MPSOLVER_INFEASIBLE
E0000 00:00:1785704654.597674  451613 linear_solver.cc:2026] No solution exists. MPSolverInterface::result_status_ = MPSOLVER_INFEASIBLE
E0000 00:00:1785704654.639340  451613 linear_solver.cc:2026] No solution exists. MPSolverInterface::result_status_ = MPSOLVER_INFEASIBLE
E0000 00:00:1785704654.682014  451613 linear_solver.cc:2026] No solution exists. MPSolverInterface::result_status_ = MPSOLVER_INFEASIBLE
E0000 00:00:1785704654.724415  451613 linear_solver.cc:2026] No solution exists. MPSolverInterface::result_status_ = MPSOLVER_INFEASIBLE
E0000 00:00:1785704657.893750  451613 linear_solver.cc:2026] No solution exists. MPSolverInterface::result_status_ = MPSOLVER_INFEASIBLE
E0000 00:00:1785704657.953443  451613 linear_solver.cc:2026] No solution exists. MPSolverInterface::result_status_ = MPSOLVER_INFEASIBLE
E0000 00:00:1785704659.780704  451613 linear_solver.cc:2026] No solution exists. MPSolverInterface::result_status_ = MPSOLVER_INFEASIBLE
E0000 00:00:1785704659.829693  451613 linear_solver.cc:2026] No solution exists. MPSolverInterface::result_status_ = MPSOLVER_INFEASIBLE
E0000 00:00:1785704662.091584  451613 linear_solver.cc:2026] No solution exists. MPSolverInterface::result_status_ = MPSOLVER_INFEASIBLE
E0000 00:00:1785704662.156723  451613 linear_solver.cc:2026] No solution exists. MPSolverInterface::result_status_ = MPSOLVER_INFEASIBLE
E0000 00:00:1785704662.223236  451613 linear_solver.cc:2026] No solution exists. MPSolverInterface::result_status_ = MPSOLVER_INFEASIBLE
E0000 00:00:1785704663.515775  451613 linear_solver.cc:2026] No solution exists. MPSolverInterface::result_status_ = MPSOLVER_INFEASIBLE
E0000 00:00:1785704663.566527  451613 linear_solver.cc:2026] No solution exists. MPSolverInterface::result_status_ = MPSOLVER_INFEASIBLE
E0000 00:00:1785704663.619119  451613 linear_solver.cc:2026] No solution exists. MPSolverInterface::result_status_ = MPSOLVER_INFEASIBLE
E0000 00:00:1785704663.666452  451613 linear_solver.cc:2026] No solution exists. MPSolverInterface::result_status_ = MPSOLVER_INFEASIBLE
E0000 00:00:1785704663.714133  451613 linear_solver.cc:2026] No solution exists. MPSolverInterface::result_status_ = MPSOLVER_INFEASIBLE
E0000 00:00:1785704663.765104  451613 linear_solver.cc:2026] No solution exists. MPSolverInterface::result_status_ = MPSOLVER_INFEASIBLE
E0000 00:00:1785704663.816357  451613 linear_solver.cc:2026] No solution exists. MPSolverInterface::result_status_ = MPSOLVER_INFEASIBLE
E0000 00:00:1785704663.862881  451613 linear_solver.cc:2026] No solution exists. MPSolverInterface::result_status_ = MPSOLVER_INFEASIBLE
E0000 00:00:1785704667.340874  451613 linear_solver.cc:2026] No solution exists. MPSolverInterface::result_status_ = MPSOLVER_INFEASIBLE
E0000 00:00:1785704667.393952  451613 linear_solver.cc:2026] No solution exists. MPSolverInterface::result_status_ = MPSOLVER_INFEASIBLE
E0000 00:00:1785704671.495692  451613 linear_solver.cc:2026] No solution exists. MPSolverInterface::result_status_ = MPSOLVER_INFEASIBLE
E0000 00:00:1785704671.550734  451613 linear_solver.cc:2026] No solution exists. MPSolverInterface::result_status_ = MPSOLVER_INFEASIBLE
E0000 00:00:1785704675.431612  451613 linear_solver.cc:2026] No solution exists. MPSolverInterface::result_status_ = MPSOLVER_INFEASIBLE
E0000 00:00:1785704675.471280  451613 linear_solver.cc:2026] No solution exists. MPSolverInterface::result_status_ = MPSOLVER_INFEASIBLE
E0000 00:00:1785704677.998329  451613 linear_solver.cc:2026] No solution exists. MPSolverInterface::result_status_ = MPSOLVER_INFEASIBLE
E0000 00:00:1785704678.034762  451613 linear_solver.cc:2026] No solution exists. MPSolverInterface::result_status_ = MPSOLVER_INFEASIBLE
E0000 00:00:1785704680.461738  451613 linear_solver.cc:2026] No solution exists. MPSolverInterface::result_status_ = MPSOLVER_INFEASIBLE
E0000 00:00:1785704680.496850  451613 linear_solver.cc:2026] No solution exists. MPSolverInterface::result_status_ = MPSOLVER_INFEASIBLE
E0000 00:00:1785704682.173225  451613 linear_solver.cc:2026] No solution exists. MPSolverInterface::result_status_ = MPSOLVER_INFEASIBLE
E0000 00:00:1785704682.196551  451613 linear_solver.cc:2026] No solution exists. MPSolverInterface::result_status_ = MPSOLVER_INFEASIBLE
E0000 00:00:1785704683.432652  451613 linear_solver.cc:2026] No solution exists. MPSolverInterface::result_status_ = MPSOLVER_INFEASIBLE
E0000 00:00:1785704683.454315  451613 linear_solver.cc:2026] No solution exists. MPSolverInterface::result_status_ = MPSOLVER_INFEASIBLE
E0000 00:00:1785704685.786740  451613 linear_solver.cc:2026] No solution exists. MPSolverInterface::result_status_ = MPSOLVER_INFEASIBLE
E0000 00:00:1785704685.831707  451613 linear_solver.cc:2026] No solution exists. MPSolverInterface::result_status_ = MPSOLVER_INFEASIBLE
E0000 00:00:1785704685.877028  451613 linear_solver.cc:2026] No solution exists. MPSolverInterface::result_status_ = MPSOLVER_INFEASIBLE
E0000 00:00:1785704685.919873  451613 linear_solver.cc:2026] No solution exists. MPSolverInterface::result_status_ = MPSOLVER_INFEASIBLE
E0000 00:00:1785704685.960706  451613 linear_solver.cc:2026] No solution exists. MPSolverInterface::result_status_ = MPSOLVER_INFEASIBLE
E0000 00:00:1785704686.005913  451613 linear_solver.cc:2026] No solution exists. MPSolverInterface::result_status_ = MPSOLVER_INFEASIBLE
E0000 00:00:1785704686.050795  451613 linear_solver.cc:2026] No solution exists. MPSolverInterface::result_status_ = MPSOLVER_INFEASIBLE
E0000 00:00:1785704686.095101  451613 linear_solver.cc:2026] No solution exists. MPSolverInterface::result_status_ = MPSOLVER_INFEASIBLE
E0000 00:00:1785704686.651916  451613 linear_solver.cc:2026] No solution exists. MPSolverInterface::result_status_ = MPSOLVER_INFEASIBLE
E0000 00:00:1785704686.703515  451613 linear_solver.cc:2026] No solution exists. MPSolverInterface::result_status_ = MPSOLVER_INFEASIBLE
E0000 00:00:1785704686.755980  451613 linear_solver.cc:2026] No solution exists. MPSolverInterface::result_status_ = MPSOLVER_INFEASIBLE
E0000 00:00:1785704686.808605  451613 linear_solver.cc:2026] No solution exists. MPSolverInterface::result_status_ = MPSOLVER_INFEASIBLE
E0000 00:00:1785704686.858212  451613 linear_solver.cc:2026] No solution exists. MPSolverInterface::result_status_ = MPSOLVER_INFEASIBLE
E0000 00:00:1785704686.912012  451613 linear_solver.cc:2026] No solution exists. MPSolverInterface::result_status_ = MPSOLVER_INFEASIBLE
E0000 00:00:1785704686.966355  451613 linear_solver.cc:2026] No solution exists. MPSolverInterface::result_status_ = MPSOLVER_INFEASIBLE
E0000 00:00:1785704687.022937  451613 linear_solver.cc:2026] No solution exists. MPSolverInterface::result_status_ = MPSOLVER_INFEASIBLE
E0000 00:00:1785704687.642837  451613 linear_solver.cc:2026] No solution exists. MPSolverInterface::result_status_ = MPSOLVER_INFEASIBLE
E0000 00:00:1785704687.694537  451613 linear_solver.cc:2026] No solution exists. MPSolverInterface::result_status_ = MPSOLVER_INFEASIBLE
E0000 00:00:1785704687.747233  451613 linear_solver.cc:2026] No solution exists. MPSolverInterface::result_status_ = MPSOLVER_INFEASIBLE
E0000 00:00:1785704687.799656  451613 linear_solver.cc:2026] No solution exists. MPSolverInterface::result_status_ = MPSOLVER_INFEASIBLE
E0000 00:00:1785704687.853340  451613 linear_solver.cc:2026] No solution exists. MPSolverInterface::result_status_ = MPSOLVER_INFEASIBLE
E0000 00:00:1785704687.904913  451613 linear_solver.cc:2026] No solution exists. MPSolverInterface::result_status_ = MPSOLVER_INFEASIBLE
E0000 00:00:1785704687.958093  451613 linear_solver.cc:2026] No solution exists. MPSolverInterface::result_status_ = MPSOLVER_INFEASIBLE
E0000 00:00:1785704688.011582  451613 linear_solver.cc:2026] No solution exists. MPSolverInterface::result_status_ = MPSOLVER_INFEASIBLE
E0000 00:00:1785704698.162284  451613 linear_solver.cc:2026] No solution exists. MPSolverInterface::result_status_ = MPSOLVER_INFEASIBLE
E0000 00:00:1785704698.247354  451613 linear_solver.cc:2026] No solution exists. MPSolverInterface::result_status_ = MPSOLVER_INFEASIBLE
E0000 00:00:1785704713.601606  451613 linear_solver.cc:2026] No solution exists. MPSolverInterface::result_status_ = MPSOLVER_INFEASIBLE
E0000 00:00:1785704713.634299  451613 linear_solver.cc:2026] No solution exists. MPSolverInterface::result_status_ = MPSOLVER_INFEASIBLE
E0000 00:00:1785704714.128618  451613 linear_solver.cc:2026] No solution exists. MPSolverInterface::result_status_ = MPSOLVER_INFEASIBLE
E0000 00:00:1785704714.139805  451613 linear_solver.cc:2026] No solution exists. MPSolverInterface::result_status_ = MPSOLVER_INFEASIBLE
E0000 00:00:1785704718.764110  451613 linear_solver.cc:2026] No solution exists. MPSolverInterface::result_status_ = MPSOLVER_INFEASIBLE
E0000 00:00:1785704718.825747  451613 linear_solver.cc:2026] No solution exists. MPSolverInterface::result_status_ = MPSOLVER_INFEASIBLE
E0000 00:00:1785704727.526472  451613 linear_solver.cc:2026] No solution exists. MPSolverInterface::result_status_ = MPSOLVER_INFEASIBLE
E0000 00:00:1785704727.569935  451613 linear_solver.cc:2026] No solution exists. MPSolverInterface::result_status_ = MPSOLVER_INFEASIBLE
E0000 00:00:1785704727.614169  451613 linear_solver.cc:2026] No solution exists. MPSolverInterface::result_status_ = MPSOLVER_INFEASIBLE
E0000 00:00:1785704727.656436  451613 linear_solver.cc:2026] No solution exists. MPSolverInterface::result_status_ = MPSOLVER_INFEASIBLE
E0000 00:00:1785704727.700434  451613 linear_solver.cc:2026] No solution exists. MPSolverInterface::result_status_ = MPSOLVER_INFEASIBLE
E0000 00:00:1785704727.744015  451613 linear_solver.cc:2026] No solution exists. MPSolverInterface::result_status_ = MPSOLVER_INFEASIBLE
E0000 00:00:1785704727.788604  451613 linear_solver.cc:2026] No solution exists. MPSolverInterface::result_status_ = MPSOLVER_INFEASIBLE
E0000 00:00:1785704727.831234  451613 linear_solver.cc:2026] No solution exists. MPSolverInterface::result_status_ = MPSOLVER_INFEASIBLE
E0000 00:00:1785704728.292041  451613 linear_solver.cc:2026] No solution exists. MPSolverInterface::result_status_ = MPSOLVER_INFEASIBLE
E0000 00:00:1785704728.305529  451613 linear_solver.cc:2026] No solution exists. MPSolverInterface::result_status_ = MPSOLVER_INFEASIBLE
E0000 00:00:1785704728.654729  451613 linear_solver.cc:2026] No solution exists. MPSolverInterface::result_status_ = MPSOLVER_INFEASIBLE
E0000 00:00:1785704728.699623  451613 linear_solver.cc:2026] No solution exists. MPSolverInterface::result_status_ = MPSOLVER_INFEASIBLE
E0000 00:00:1785704728.745390  451613 linear_solver.cc:2026] No solution exists. MPSolverInterface::result_status_ = MPSOLVER_INFEASIBLE
E0000 00:00:1785704728.788399  451613 linear_solver.cc:2026] No solution exists. MPSolverInterface::result_status_ = MPSOLVER_INFEASIBLE
E0000 00:00:1785704728.837575  451613 linear_solver.cc:2026] No solution exists. MPSolverInterface::result_status_ = MPSOLVER_INFEASIBLE
E0000 00:00:1785704728.887145  451613 linear_solver.cc:2026] No solution exists. MPSolverInterface::result_status_ = MPSOLVER_INFEASIBLE
E0000 00:00:1785704728.932278  451613 linear_solver.cc:2026] No solution exists. MPSolverInterface::result_status_ = MPSOLVER_INFEASIBLE
E0000 00:00:1785704728.975858  451613 linear_solver.cc:2026] No solution exists. MPSolverInterface::result_status_ = MPSOLVER_INFEASIBLE
E0000 00:00:1785704729.975734  451613 linear_solver.cc:2026] No solution exists. MPSolverInterface::result_status_ = MPSOLVER_INFEASIBLE
E0000 00:00:1785704729.998185  451613 linear_solver.cc:2026] No solution exists. MPSolverInterface::result_status_ = MPSOLVER_INFEASIBLE
E0000 00:00:1785704741.081482  451613 linear_solver.cc:2026] No solution exists. MPSolverInterface::result_status_ = MPSOLVER_INFEASIBLE
E0000 00:00:1785704741.121303  451613 linear_solver.cc:2026] No solution exists. MPSolverInterface::result_status_ = MPSOLVER_INFEASIBLE
E0000 00:00:1785704742.297756  451613 linear_solver.cc:2026] No solution exists. MPSolverInterface::result_status_ = MPSOLVER_INFEASIBLE
E0000 00:00:1785704742.345766  451613 linear_solver.cc:2026] No solution exists. MPSolverInterface::result_status_ = MPSOLVER_INFEASIBLE
E0000 00:00:1785704742.397726  451613 linear_solver.cc:2026] No solution exists. MPSolverInterface::result_status_ = MPSOLVER_INFEASIBLE
E0000 00:00:1785704742.450726  451613 linear_solver.cc:2026] No solution exists. MPSolverInterface::result_status_ = MPSOLVER_INFEASIBLE
E0000 00:00:1785704742.501716  451613 linear_solver.cc:2026] No solution exists. MPSolverInterface::result_status_ = MPSOLVER_INFEASIBLE
E0000 00:00:1785704742.548499  451613 linear_solver.cc:2026] No solution exists. MPSolverInterface::result_status_ = MPSOLVER_INFEASIBLE
E0000 00:00:1785704742.598215  451613 linear_solver.cc:2026] No solution exists. MPSolverInterface::result_status_ = MPSOLVER_INFEASIBLE
E0000 00:00:1785704742.651139  451613 linear_solver.cc:2026] No solution exists. MPSolverInterface::result_status_ = MPSOLVER_INFEASIBLE
E0000 00:00:1785704747.441097  451613 linear_solver.cc:2026] No solution exists. MPSolverInterface::result_status_ = MPSOLVER_INFEASIBLE
E0000 00:00:1785704747.491895  451613 linear_solver.cc:2026] No solution exists. MPSolverInterface::result_status_ = MPSOLVER_INFEASIBLE
E0000 00:00:1785704747.544927  451613 linear_solver.cc:2026] No solution exists. MPSolverInterface::result_status_ = MPSOLVER_INFEASIBLE
E0000 00:00:1785704747.597102  451613 linear_solver.cc:2026] No solution exists. MPSolverInterface::result_status_ = MPSOLVER_INFEASIBLE
E0000 00:00:1785704747.646473  451613 linear_solver.cc:2026] No solution exists. MPSolverInterface::result_status_ = MPSOLVER_INFEASIBLE
E0000 00:00:1785704747.698931  451613 linear_solver.cc:2026] No solution exists. MPSolverInterface::result_status_ = MPSOLVER_INFEASIBLE
E0000 00:00:1785704747.752152  451613 linear_solver.cc:2026] No solution exists. MPSolverInterface::result_status_ = MPSOLVER_INFEASIBLE
E0000 00:00:1785704747.803072  451613 linear_solver.cc:2026] No solution exists. MPSolverInterface::result_status_ = MPSOLVER_INFEASIBLE
E0000 00:00:1785704764.759758  451613 linear_solver.cc:2026] No solution exists. MPSolverInterface::result_status_ = MPSOLVER_INFEASIBLE
E0000 00:00:1785704764.850118  451613 linear_solver.cc:2026] No solution exists. MPSolverInterface::result_status_ = MPSOLVER_INFEASIBLE
E0000 00:00:1785704780.603382  451613 linear_solver.cc:2026] No solution exists. MPSolverInterface::result_status_ = MPSOLVER_INFEASIBLE
E0000 00:00:1785704780.689686  451613 linear_solver.cc:2026] No solution exists. MPSolverInterface::result_status_ = MPSOLVER_INFEASIBLE
E0000 00:00:1785704786.265931  451613 linear_solver.cc:2026] No solution exists. MPSolverInterface::result_status_ = MPSOLVER_INFEASIBLE
E0000 00:00:1785704786.313652  451613 linear_solver.cc:2026] No solution exists. MPSolverInterface::result_status_ = MPSOLVER_INFEASIBLE
E0000 00:00:1785704790.388029  451613 linear_solver.cc:2026] No solution exists. MPSolverInterface::result_status_ = MPSOLVER_INFEASIBLE
E0000 00:00:1785704790.433868  451613 linear_solver.cc:2026] No solution exists. MPSolverInterface::result_status_ = MPSOLVER_INFEASIBLE
E0000 00:00:1785704790.480393  451613 linear_solver.cc:2026] No solution exists. MPSolverInterface::result_status_ = MPSOLVER_INFEASIBLE
E0000 00:00:1785704790.526520  451613 linear_solver.cc:2026] No solution exists. MPSolverInterface::result_status_ = MPSOLVER_INFEASIBLE
E0000 00:00:1785704790.572438  451613 linear_solver.cc:2026] No solution exists. MPSolverInterface::result_status_ = MPSOLVER_INFEASIBLE
E0000 00:00:1785704790.618225  451613 linear_solver.cc:2026] No solution exists. MPSolverInterface::result_status_ = MPSOLVER_INFEASIBLE
E0000 00:00:1785704790.664311  451613 linear_solver.cc:2026] No solution exists. MPSolverInterface::result_status_ = MPSOLVER_INFEASIBLE
E0000 00:00:1785704790.710189  451613 linear_solver.cc:2026] No solution exists. MPSolverInterface::result_status_ = MPSOLVER_INFEASIBLE
E0000 00:00:1785704791.261358  451613 linear_solver.cc:2026] No solution exists. MPSolverInterface::result_status_ = MPSOLVER_INFEASIBLE
E0000 00:00:1785704791.306453  451613 linear_solver.cc:2026] No solution exists. MPSolverInterface::result_status_ = MPSOLVER_INFEASIBLE
E0000 00:00:1785704791.351321  451613 linear_solver.cc:2026] No solution exists. MPSolverInterface::result_status_ = MPSOLVER_INFEASIBLE
E0000 00:00:1785704791.395526  451613 linear_solver.cc:2026] No solution exists. MPSolverInterface::result_status_ = MPSOLVER_INFEASIBLE
E0000 00:00:1785704791.439902  451613 linear_solver.cc:2026] No solution exists. MPSolverInterface::result_status_ = MPSOLVER_INFEASIBLE
E0000 00:00:1785704791.484614  451613 linear_solver.cc:2026] No solution exists. MPSolverInterface::result_status_ = MPSOLVER_INFEASIBLE
E0000 00:00:1785704791.529513  451613 linear_solver.cc:2026] No solution exists. MPSolverInterface::result_status_ = MPSOLVER_INFEASIBLE
E0000 00:00:1785704791.573302  451613 linear_solver.cc:2026] No solution exists. MPSolverInterface::result_status_ = MPSOLVER_INFEASIBLE
E0000 00:00:1785704793.149570  451613 linear_solver.cc:2026] No solution exists. MPSolverInterface::result_status_ = MPSOLVER_INFEASIBLE
E0000 00:00:1785704793.164272  451613 linear_solver.cc:2026] No solution exists. MPSolverInterface::result_status_ = MPSOLVER_INFEASIBLE
E0000 00:00:1785704793.526548  451613 linear_solver.cc:2026] No solution exists. MPSolverInterface::result_status_ = MPSOLVER_INFEASIBLE
E0000 00:00:1785704793.569500  451613 linear_solver.cc:2026] No solution exists. MPSolverInterface::result_status_ = MPSOLVER_INFEASIBLE
E0000 00:00:1785704793.612860  451613 linear_solver.cc:2026] No solution exists. MPSolverInterface::result_status_ = MPSOLVER_INFEASIBLE
E0000 00:00:1785704793.655591  451613 linear_solver.cc:2026] No solution exists. MPSolverInterface::result_status_ = MPSOLVER_INFEASIBLE
E0000 00:00:1785704793.698435  451613 linear_solver.cc:2026] No solution exists. MPSolverInterface::result_status_ = MPSOLVER_INFEASIBLE
E0000 00:00:1785704793.741329  451613 linear_solver.cc:2026] No solution exists. MPSolverInterface::result_status_ = MPSOLVER_INFEASIBLE
E0000 00:00:1785704793.787057  451613 linear_solver.cc:2026] No solution exists. MPSolverInterface::result_status_ = MPSOLVER_INFEASIBLE
E0000 00:00:1785704793.830602  451613 linear_solver.cc:2026] No solution exists. MPSolverInterface::result_status_ = MPSOLVER_INFEASIBLE
E0000 00:00:1785704794.366770  451613 linear_solver.cc:2026] No solution exists. MPSolverInterface::result_status_ = MPSOLVER_INFEASIBLE
E0000 00:00:1785704794.409067  451613 linear_solver.cc:2026] No solution exists. MPSolverInterface::result_status_ = MPSOLVER_INFEASIBLE
E0000 00:00:1785704794.451010  451613 linear_solver.cc:2026] No solution exists. MPSolverInterface::result_status_ = MPSOLVER_INFEASIBLE
E0000 00:00:1785704794.492854  451613 linear_solver.cc:2026] No solution exists. MPSolverInterface::result_status_ = MPSOLVER_INFEASIBLE
E0000 00:00:1785704794.534743  451613 linear_solver.cc:2026] No solution exists. MPSolverInterface::result_status_ = MPSOLVER_INFEASIBLE
E0000 00:00:1785704794.577571  451613 linear_solver.cc:2026] No solution exists. MPSolverInterface::result_status_ = MPSOLVER_INFEASIBLE
E0000 00:00:1785704794.619409  451613 linear_solver.cc:2026] No solution exists. MPSolverInterface::result_status_ = MPSOLVER_INFEASIBLE
E0000 00:00:1785704794.661311  451613 linear_solver.cc:2026] No solution exists. MPSolverInterface::result_status_ = MPSOLVER_INFEASIBLE
E0000 00:00:1785704796.425505  451613 linear_solver.cc:2026] No solution exists. MPSolverInterface::result_status_ = MPSOLVER_INFEASIBLE
E0000 00:00:1785704796.438846  451613 linear_solver.cc:2026] No solution exists. MPSolverInterface::result_status_ = MPSOLVER_INFEASIBLE
E0000 00:00:1785704797.162104  451613 linear_solver.cc:2026] No solution exists. MPSolverInterface::result_status_ = MPSOLVER_INFEASIBLE
E0000 00:00:1785704797.207577  451613 linear_solver.cc:2026] No solution exists. MPSolverInterface::result_status_ = MPSOLVER_INFEASIBLE
E0000 00:00:1785704797.253082  451613 linear_solver.cc:2026] No solution exists. MPSolverInterface::result_status_ = MPSOLVER_INFEASIBLE
E0000 00:00:1785704797.297705  451613 linear_solver.cc:2026] No solution exists. MPSolverInterface::result_status_ = MPSOLVER_INFEASIBLE
E0000 00:00:1785704797.343522  451613 linear_solver.cc:2026] No solution exists. MPSolverInterface::result_status_ = MPSOLVER_INFEASIBLE
E0000 00:00:1785704797.388349  451613 linear_solver.cc:2026] No solution exists. MPSolverInterface::result_status_ = MPSOLVER_INFEASIBLE
E0000 00:00:1785704797.433801  451613 linear_solver.cc:2026] No solution exists. MPSolverInterface::result_status_ = MPSOLVER_INFEASIBLE
E0000 00:00:1785704797.479032  451613 linear_solver.cc:2026] No solution exists. MPSolverInterface::result_status_ = MPSOLVER_INFEASIBLE
E0000 00:00:1785704799.837345  451613 linear_solver.cc:2026] No solution exists. MPSolverInterface::result_status_ = MPSOLVER_INFEASIBLE
E0000 00:00:1785704799.850998  451613 linear_solver.cc:2026] No solution exists. MPSolverInterface::result_status_ = MPSOLVER_INFEASIBLE
E0000 00:00:1785704799.864670  451613 linear_solver.cc:2026] No solution exists. MPSolverInterface::result_status_ = MPSOLVER_INFEASIBLE
E0000 00:00:1785704799.878294  451613 linear_solver.cc:2026] No solution exists. MPSolverInterface::result_status_ = MPSOLVER_INFEASIBLE
E0000 00:00:1785704799.892041  451613 linear_solver.cc:2026] No solution exists. MPSolverInterface::result_status_ = MPSOLVER_INFEASIBLE
E0000 00:00:1785704799.905664  451613 linear_solver.cc:2026] No solution exists. MPSolverInterface::result_status_ = MPSOLVER_INFEASIBLE
E0000 00:00:1785704799.919275  451613 linear_solver.cc:2026] No solution exists. MPSolverInterface::result_status_ = MPSOLVER_INFEASIBLE
E0000 00:00:1785704799.933090  451613 linear_solver.cc:2026] No solution exists. MPSolverInterface::result_status_ = MPSOLVER_INFEASIBLE
E0000 00:00:1785704800.086848  451613 linear_solver.cc:2026] No solution exists. MPSolverInterface::result_status_ = MPSOLVER_INFEASIBLE
E0000 00:00:1785704800.100365  451613 linear_solver.cc:2026] No solution exists. MPSolverInterface::result_status_ = MPSOLVER_INFEASIBLE
E0000 00:00:1785704800.113756  451613 linear_solver.cc:2026] No solution exists. MPSolverInterface::result_status_ = MPSOLVER_INFEASIBLE
E0000 00:00:1785704800.127248  451613 linear_solver.cc:2026] No solution exists. MPSolverInterface::result_status_ = MPSOLVER_INFEASIBLE
E0000 00:00:1785704800.140193  451613 linear_solver.cc:2026] No solution exists. MPSolverInterface::result_status_ = MPSOLVER_INFEASIBLE
E0000 00:00:1785704800.153425  451613 linear_solver.cc:2026] No solution exists. MPSolverInterface::result_status_ = MPSOLVER_INFEASIBLE
E0000 00:00:1785704800.166351  451613 linear_solver.cc:2026] No solution exists. MPSolverInterface::result_status_ = MPSOLVER_INFEASIBLE
E0000 00:00:1785704800.179756  451613 linear_solver.cc:2026] No solution exists. MPSolverInterface::result_status_ = MPSOLVER_INFEASIBLE
E0000 00:00:1785704800.498379  451613 linear_solver.cc:2026] No solution exists. MPSolverInterface::result_status_ = MPSOLVER_INFEASIBLE
E0000 00:00:1785704800.543042  451613 linear_solver.cc:2026] No solution exists. MPSolverInterface::result_status_ = MPSOLVER_INFEASIBLE
E0000 00:00:1785704800.588532  451613 linear_solver.cc:2026] No solution exists. MPSolverInterface::result_status_ = MPSOLVER_INFEASIBLE
E0000 00:00:1785704800.635462  451613 linear_solver.cc:2026] No solution exists. MPSolverInterface::result_status_ = MPSOLVER_INFEASIBLE
E0000 00:00:1785704800.682621  451613 linear_solver.cc:2026] No solution exists. MPSolverInterface::result_status_ = MPSOLVER_INFEASIBLE
E0000 00:00:1785704800.729739  451613 linear_solver.cc:2026] No solution exists. MPSolverInterface::result_status_ = MPSOLVER_INFEASIBLE
E0000 00:00:1785704800.780643  451613 linear_solver.cc:2026] No solution exists. MPSolverInterface::result_status_ = MPSOLVER_INFEASIBLE
E0000 00:00:1785704800.826144  451613 linear_solver.cc:2026] No solution exists. MPSolverInterface::result_status_ = MPSOLVER_INFEASIBLE
E0000 00:00:1785704804.917164  451613 linear_solver.cc:2026] No solution exists. MPSolverInterface::result_status_ = MPSOLVER_INFEASIBLE
E0000 00:00:1785704804.936361  451613 linear_solver.cc:2026] No solution exists. MPSolverInterface::result_status_ = MPSOLVER_INFEASIBLE
E0000 00:00:1785704805.337216  451613 linear_solver.cc:2026] No solution exists. MPSolverInterface::result_status_ = MPSOLVER_INFEASIBLE
E0000 00:00:1785704805.355231  451613 linear_solver.cc:2026] No solution exists. MPSolverInterface::result_status_ = MPSOLVER_INFEASIBLE
E0000 00:00:1785704805.854018  451613 linear_solver.cc:2026] No solution exists. MPSolverInterface::result_status_ = MPSOLVER_INFEASIBLE
E0000 00:00:1785704805.883358  451613 linear_solver.cc:2026] No solution exists. MPSolverInterface::result_status_ = MPSOLVER_INFEASIBLE
E0000 00:00:1785704805.912741  451613 linear_solver.cc:2026] No solution exists. MPSolverInterface::result_status_ = MPSOLVER_INFEASIBLE
E0000 00:00:1785704805.942711  451613 linear_solver.cc:2026] No solution exists. MPSolverInterface::result_status_ = MPSOLVER_INFEASIBLE
E0000 00:00:1785704805.973070  451613 linear_solver.cc:2026] No solution exists. MPSolverInterface::result_status_ = MPSOLVER_INFEASIBLE
E0000 00:00:1785704806.002534  451613 linear_solver.cc:2026] No solution exists. MPSolverInterface::result_status_ = MPSOLVER_INFEASIBLE
E0000 00:00:1785704806.031786  451613 linear_solver.cc:2026] No solution exists. MPSolverInterface::result_status_ = MPSOLVER_INFEASIBLE
E0000 00:00:1785704806.061363  451613 linear_solver.cc:2026] No solution exists. MPSolverInterface::result_status_ = MPSOLVER_INFEASIBLE
E0000 00:00:1785704814.515713  451613 linear_solver.cc:2026] No solution exists. MPSolverInterface::result_status_ = MPSOLVER_INFEASIBLE
E0000 00:00:1785704835.696102  451613 linear_solver.cc:2026] No solution exists. MPSolverInterface::result_status_ = MPSOLVER_INFEASIBLE
E0000 00:00:1785704835.785930  451613 linear_solver.cc:2026] No solution exists. MPSolverInterface::result_status_ = MPSOLVER_INFEASIBLE
E0000 00:00:1785704851.672147  451613 linear_solver.cc:2026] No solution exists. MPSolverInterface::result_status_ = MPSOLVER_INFEASIBLE
E0000 00:00:1785704851.705423  451613 linear_solver.cc:2026] No solution exists. MPSolverInterface::result_status_ = MPSOLVER_INFEASIBLE
E0000 00:00:1785704855.080988  451613 linear_solver.cc:2026] No solution exists. MPSolverInterface::result_status_ = MPSOLVER_INFEASIBLE
E0000 00:00:1785704855.130741  451613 linear_solver.cc:2026] No solution exists. MPSolverInterface::result_status_ = MPSOLVER_INFEASIBLE
E0000 00:00:1785704855.181175  451613 linear_solver.cc:2026] No solution exists. MPSolverInterface::result_status_ = MPSOLVER_INFEASIBLE
E0000 00:00:1785704855.230579  451613 linear_solver.cc:2026] No solution exists. MPSolverInterface::result_status_ = MPSOLVER_INFEASIBLE
E0000 00:00:1785704855.279915  451613 linear_solver.cc:2026] No solution exists. MPSolverInterface::result_status_ = MPSOLVER_INFEASIBLE
E0000 00:00:1785704855.330009  451613 linear_solver.cc:2026] No solution exists. MPSolverInterface::result_status_ = MPSOLVER_INFEASIBLE
E0000 00:00:1785704855.379656  451613 linear_solver.cc:2026] No solution exists. MPSolverInterface::result_status_ = MPSOLVER_INFEASIBLE
E0000 00:00:1785704863.683445  451613 linear_solver.cc:2026] No solution exists. MPSolverInterface::result_status_ = MPSOLVER_INFEASIBLE
E0000 00:00:1785704863.750431  451613 linear_solver.cc:2026] No solution exists. MPSolverInterface::result_status_ = MPSOLVER_INFEASIBLE
E0000 00:00:1785704878.314614  451613 linear_solver.cc:2026] No solution exists. MPSolverInterface::result_status_ = MPSOLVER_INFEASIBLE
E0000 00:00:1785704878.383494  451613 linear_solver.cc:2026] No solution exists. MPSolverInterface::result_status_ = MPSOLVER_INFEASIBLE
E0000 00:00:1785704888.229377  451613 linear_solver.cc:2026] No solution exists. MPSolverInterface::result_status_ = MPSOLVER_INFEASIBLE
E0000 00:00:1785704888.282430  451613 linear_solver.cc:2026] No solution exists. MPSolverInterface::result_status_ = MPSOLVER_INFEASIBLE
E0000 00:00:1785704888.335734  451613 linear_solver.cc:2026] No solution exists. MPSolverInterface::result_status_ = MPSOLVER_INFEASIBLE
E0000 00:00:1785704888.390375  451613 linear_solver.cc:2026] No solution exists. MPSolverInterface::result_status_ = MPSOLVER_INFEASIBLE
E0000 00:00:1785704888.445738  451613 linear_solver.cc:2026] No solution exists. MPSolverInterface::result_status_ = MPSOLVER_INFEASIBLE
E0000 00:00:1785704888.501593  451613 linear_solver.cc:2026] No solution exists. MPSolverInterface::result_status_ = MPSOLVER_INFEASIBLE
E0000 00:00:1785704888.556728  451613 linear_solver.cc:2026] No solution exists. MPSolverInterface::result_status_ = MPSOLVER_INFEASIBLE
E0000 00:00:1785704888.609695  451613 linear_solver.cc:2026] No solution exists. MPSolverInterface::result_status_ = MPSOLVER_INFEASIBLE
E0000 00:00:1785704895.571093  451613 linear_solver.cc:2026] No solution exists. MPSolverInterface::result_status_ = MPSOLVER_INFEASIBLE
E0000 00:00:1785704895.633470  451613 linear_solver.cc:2026] No solution exists. MPSolverInterface::result_status_ = MPSOLVER_INFEASIBLE
E0000 00:00:1785704895.700219  451613 linear_solver.cc:2026] No solution exists. MPSolverInterface::result_status_ = MPSOLVER_INFEASIBLE
E0000 00:00:1785704899.847845  451613 linear_solver.cc:2026] No solution exists. MPSolverInterface::result_status_ = MPSOLVER_INFEASIBLE
E0000 00:00:1785704899.907634  451613 linear_solver.cc:2026] No solution exists. MPSolverInterface::result_status_ = MPSOLVER_INFEASIBLE
E0000 00:00:1785704899.966944  451613 linear_solver.cc:2026] No solution exists. MPSolverInterface::result_status_ = MPSOLVER_INFEASIBLE
E0000 00:00:1785704900.027919  451613 linear_solver.cc:2026] No solution exists. MPSolverInterface::result_status_ = MPSOLVER_INFEASIBLE
E0000 00:00:1785704902.843275  451613 linear_solver.cc:2026] No solution exists. MPSolverInterface::result_status_ = MPSOLVER_INFEASIBLE
E0000 00:00:1785704902.913900  451613 linear_solver.cc:2026] No solution exists. MPSolverInterface::result_status_ = MPSOLVER_INFEASIBLE
E0000 00:00:1785704907.173841  451613 linear_solver.cc:2026] No solution exists. MPSolverInterface::result_status_ = MPSOLVER_INFEASIBLE
E0000 00:00:1785704907.247606  451613 linear_solver.cc:2026] No solution exists. MPSolverInterface::result_status_ = MPSOLVER_INFEASIBLE
E0000 00:00:1785704916.891008  451613 linear_solver.cc:2026] No solution exists. MPSolverInterface::result_status_ = MPSOLVER_INFEASIBLE
E0000 00:00:1785704916.962843  451613 linear_solver.cc:2026] No solution exists. MPSolverInterface::result_status_ = MPSOLVER_INFEASIBLE
E0000 00:00:1785704925.272031  451613 linear_solver.cc:2026] No solution exists. MPSolverInterface::result_status_ = MPSOLVER_INFEASIBLE
E0000 00:00:1785704925.339404  451613 linear_solver.cc:2026] No solution exists. MPSolverInterface::result_status_ = MPSOLVER_INFEASIBLE
E0000 00:00:1785704932.617993  451613 linear_solver.cc:2026] No solution exists. MPSolverInterface::result_status_ = MPSOLVER_INFEASIBLE
E0000 00:00:1785704932.652352  451613 linear_solver.cc:2026] No solution exists. MPSolverInterface::result_status_ = MPSOLVER_INFEASIBLE
E0000 00:00:1785704936.635397  451613 linear_solver.cc:2026] No solution exists. MPSolverInterface::result_status_ = MPSOLVER_INFEASIBLE
E0000 00:00:1785704936.698430  451613 linear_solver.cc:2026] No solution exists. MPSolverInterface::result_status_ = MPSOLVER_INFEASIBLE
E0000 00:00:1785704947.490570  451613 linear_solver.cc:2026] No solution exists. MPSolverInterface::result_status_ = MPSOLVER_INFEASIBLE
E0000 00:00:1785704947.565642  451613 linear_solver.cc:2026] No solution exists. MPSolverInterface::result_status_ = MPSOLVER_INFEASIBLE
E0000 00:00:1785704947.639297  451613 linear_solver.cc:2026] No solution exists. MPSolverInterface::result_status_ = MPSOLVER_INFEASIBLE
E0000 00:00:1785704947.713552  451613 linear_solver.cc:2026] No solution exists. MPSolverInterface::result_status_ = MPSOLVER_INFEASIBLE
E0000 00:00:1785704954.626763  451613 linear_solver.cc:2026] No solution exists. MPSolverInterface::result_status_ = MPSOLVER_INFEASIBLE
E0000 00:00:1785704954.711474  451613 linear_solver.cc:2026] No solution exists. MPSolverInterface::result_status_ = MPSOLVER_INFEASIBLE
E0000 00:00:1785704964.887724  451613 linear_solver.cc:2026] No solution exists. MPSolverInterface::result_status_ = MPSOLVER_INFEASIBLE
E0000 00:00:1785704964.964635  451613 linear_solver.cc:2026] No solution exists. MPSolverInterface::result_status_ = MPSOLVER_INFEASIBLE
E0000 00:00:1785704976.757681  451613 linear_solver.cc:2026] No solution exists. MPSolverInterface::result_status_ = MPSOLVER_INFEASIBLE
E0000 00:00:1785704976.835422  451613 linear_solver.cc:2026] No solution exists. MPSolverInterface::result_status_ = MPSOLVER_INFEASIBLE
E0000 00:00:1785704976.914014  451613 linear_solver.cc:2026] No solution exists. MPSolverInterface::result_status_ = MPSOLVER_INFEASIBLE
E0000 00:00:1785704984.079089  451613 linear_solver.cc:2026] No solution exists. MPSolverInterface::result_status_ = MPSOLVER_INFEASIBLE
E0000 00:00:1785704984.137540  451613 linear_solver.cc:2026] No solution exists. MPSolverInterface::result_status_ = MPSOLVER_INFEASIBLE
E0000 00:00:1785704988.638177  451613 linear_solver.cc:2026] No solution exists. MPSolverInterface::result_status_ = MPSOLVER_INFEASIBLE
E0000 00:00:1785704988.651011  451613 linear_solver.cc:2026] No solution exists. MPSolverInterface::result_status_ = MPSOLVER_INFEASIBLE
E0000 00:00:1785704993.813170  451613 linear_solver.cc:2026] No solution exists. MPSolverInterface::result_status_ = MPSOLVER_INFEASIBLE
E0000 00:00:1785704993.878107  451613 linear_solver.cc:2026] No solution exists. MPSolverInterface::result_status_ = MPSOLVER_INFEASIBLE
E0000 00:00:1785704995.872220  451613 linear_solver.cc:2026] No solution exists. MPSolverInterface::result_status_ = MPSOLVER_INFEASIBLE
E0000 00:00:1785704995.927844  451613 linear_solver.cc:2026] No solution exists. MPSolverInterface::result_status_ = MPSOLVER_INFEASIBLE
E0000 00:00:1785704995.983383  451613 linear_solver.cc:2026] No solution exists. MPSolverInterface::result_status_ = MPSOLVER_INFEASIBLE
E0000 00:00:1785704996.039429  451613 linear_solver.cc:2026] No solution exists. MPSolverInterface::result_status_ = MPSOLVER_INFEASIBLE
E0000 00:00:1785704996.095668  451613 linear_solver.cc:2026] No solution exists. MPSolverInterface::result_status_ = MPSOLVER_INFEASIBLE
E0000 00:00:1785704996.150565  451613 linear_solver.cc:2026] No solution exists. MPSolverInterface::result_status_ = MPSOLVER_INFEASIBLE
E0000 00:00:1785704996.205633  451613 linear_solver.cc:2026] No solution exists. MPSolverInterface::result_status_ = MPSOLVER_INFEASIBLE
E0000 00:00:1785704996.261795  451613 linear_solver.cc:2026] No solution exists. MPSolverInterface::result_status_ = MPSOLVER_INFEASIBLE
E0000 00:00:1785704996.987659  451613 linear_solver.cc:2026] No solution exists. MPSolverInterface::result_status_ = MPSOLVER_INFEASIBLE
E0000 00:00:1785704997.051168  451613 linear_solver.cc:2026] No solution exists. MPSolverInterface::result_status_ = MPSOLVER_INFEASIBLE
E0000 00:00:1785704997.114680  451613 linear_solver.cc:2026] No solution exists. MPSolverInterface::result_status_ = MPSOLVER_INFEASIBLE
E0000 00:00:1785704997.183420  451613 linear_solver.cc:2026] No solution exists. MPSolverInterface::result_status_ = MPSOLVER_INFEASIBLE
E0000 00:00:1785704997.247824  451613 linear_solver.cc:2026] No solution exists. MPSolverInterface::result_status_ = MPSOLVER_INFEASIBLE
E0000 00:00:1785704997.311801  451613 linear_solver.cc:2026] No solution exists. MPSolverInterface::result_status_ = MPSOLVER_INFEASIBLE
E0000 00:00:1785704997.375365  451613 linear_solver.cc:2026] No solution exists. MPSolverInterface::result_status_ = MPSOLVER_INFEASIBLE
E0000 00:00:1785704997.442545  451613 linear_solver.cc:2026] No solution exists. MPSolverInterface::result_status_ = MPSOLVER_INFEASIBLE
E0000 00:00:1785705003.016045  451613 linear_solver.cc:2026] No solution exists. MPSolverInterface::result_status_ = MPSOLVER_INFEASIBLE
E0000 00:00:1785705003.061612  451613 linear_solver.cc:2026] No solution exists. MPSolverInterface::result_status_ = MPSOLVER_INFEASIBLE
E0000 00:00:1785705005.650766  451613 linear_solver.cc:2026] No solution exists. MPSolverInterface::result_status_ = MPSOLVER_INFEASIBLE
E0000 00:00:1785705005.709800  451613 linear_solver.cc:2026] No solution exists. MPSolverInterface::result_status_ = MPSOLVER_INFEASIBLE
E0000 00:00:1785705005.769446  451613 linear_solver.cc:2026] No solution exists. MPSolverInterface::result_status_ = MPSOLVER_INFEASIBLE
E0000 00:00:1785705005.828799  451613 linear_solver.cc:2026] No solution exists. MPSolverInterface::result_status_ = MPSOLVER_INFEASIBLE
E0000 00:00:1785705005.887893  451613 linear_solver.cc:2026] No solution exists. MPSolverInterface::result_status_ = MPSOLVER_INFEASIBLE
E0000 00:00:1785705010.505740  451613 linear_solver.cc:2026] No solution exists. MPSolverInterface::result_status_ = MPSOLVER_INFEASIBLE
E0000 00:00:1785705010.532848  451613 linear_solver.cc:2026] No solution exists. MPSolverInterface::result_status_ = MPSOLVER_INFEASIBLE
E0000 00:00:1785705013.590584  451613 linear_solver.cc:2026] No solution exists. MPSolverInterface::result_status_ = MPSOLVER_INFEASIBLE
E0000 00:00:1785705013.662771  451613 linear_solver.cc:2026] No solution exists. MPSolverInterface::result_status_ = MPSOLVER_INFEASIBLE
E0000 00:00:1785705017.354143  451613 linear_solver.cc:2026] No solution exists. MPSolverInterface::result_status_ = MPSOLVER_INFEASIBLE
E0000 00:00:1785705017.413612  451613 linear_solver.cc:2026] No solution exists. MPSolverInterface::result_status_ = MPSOLVER_INFEASIBLE
E0000 00:00:1785705017.472657  451613 linear_solver.cc:2026] No solution exists. MPSolverInterface::result_status_ = MPSOLVER_INFEASIBLE
E0000 00:00:1785705017.531275  451613 linear_solver.cc:2026] No solution exists. MPSolverInterface::result_status_ = MPSOLVER_INFEASIBLE
E0000 00:00:1785705022.963846  451613 linear_solver.cc:2026] No solution exists. MPSolverInterface::result_status_ = MPSOLVER_INFEASIBLE
E0000 00:00:1785705023.029116  451613 linear_solver.cc:2026] No solution exists. MPSolverInterface::result_status_ = MPSOLVER_INFEASIBLE
E0000 00:00:1785705023.095095  451613 linear_solver.cc:2026] No solution exists. MPSolverInterface::result_status_ = MPSOLVER_INFEASIBLE
E0000 00:00:1785705028.982410  451613 linear_solver.cc:2026] No solution exists. MPSolverInterface::result_status_ = MPSOLVER_INFEASIBLE
E0000 00:00:1785705029.051785  451613 linear_solver.cc:2026] No solution exists. MPSolverInterface::result_status_ = MPSOLVER_INFEASIBLE
E0000 00:00:1785705042.017726  451613 linear_solver.cc:2026] No solution exists. MPSolverInterface::result_status_ = MPSOLVER_INFEASIBLE
E0000 00:00:1785705042.084276  451613 linear_solver.cc:2026] No solution exists. MPSolverInterface::result_status_ = MPSOLVER_INFEASIBLE
E0000 00:00:1785705047.244250  451613 linear_solver.cc:2026] No solution exists. MPSolverInterface::result_status_ = MPSOLVER_INFEASIBLE
E0000 00:00:1785705047.342930  451613 linear_solver.cc:2026] No solution exists. MPSolverInterface::result_status_ = MPSOLVER_INFEASIBLE
E0000 00:00:1785705053.243822  451613 linear_solver.cc:2026] No solution exists. MPSolverInterface::result_status_ = MPSOLVER_INFEASIBLE
E0000 00:00:1785705053.307369  451613 linear_solver.cc:2026] No solution exists. MPSolverInterface::result_status_ = MPSOLVER_INFEASIBLE
E0000 00:00:1785705055.586605  451613 linear_solver.cc:2026] No solution exists. MPSolverInterface::result_status_ = MPSOLVER_INFEASIBLE
E0000 00:00:1785705055.639546  451613 linear_solver.cc:2026] No solution exists. MPSolverInterface::result_status_ = MPSOLVER_INFEASIBLE
E0000 00:00:1785705058.801422  451613 linear_solver.cc:2026] No solution exists. MPSolverInterface::result_status_ = MPSOLVER_INFEASIBLE
E0000 00:00:1785705058.872517  451613 linear_solver.cc:2026] No solution exists. MPSolverInterface::result_status_ = MPSOLVER_INFEASIBLE
E0000 00:00:1785705062.110512  451613 linear_solver.cc:2026] No solution exists. MPSolverInterface::result_status_ = MPSOLVER_INFEASIBLE
E0000 00:00:1785705062.149079  451613 linear_solver.cc:2026] No solution exists. MPSolverInterface::result_status_ = MPSOLVER_INFEASIBLE
E0000 00:00:1785705064.192380  451613 linear_solver.cc:2026] No solution exists. MPSolverInterface::result_status_ = MPSOLVER_INFEASIBLE
E0000 00:00:1785705064.226363  451613 linear_solver.cc:2026] No solution exists. MPSolverInterface::result_status_ = MPSOLVER_INFEASIBLE
E0000 00:00:1785705070.509651  451613 linear_solver.cc:2026] No solution exists. MPSolverInterface::result_status_ = MPSOLVER_INFEASIBLE
E0000 00:00:1785705070.619197  451613 linear_solver.cc:2026] No solution exists. MPSolverInterface::result_status_ = MPSOLVER_INFEASIBLE
E0000 00:00:1785705070.728041  451613 linear_solver.cc:2026] No solution exists. MPSolverInterface::result_status_ = MPSOLVER_INFEASIBLE
E0000 00:00:1785705070.848982  451613 linear_solver.cc:2026] No solution exists. MPSolverInterface::result_status_ = MPSOLVER_INFEASIBLE
E0000 00:00:1785705073.605844  451613 linear_solver.cc:2026] No solution exists. MPSolverInterface::result_status_ = MPSOLVER_INFEASIBLE
E0000 00:00:1785705073.710080  451613 linear_solver.cc:2026] No solution exists. MPSolverInterface::result_status_ = MPSOLVER_INFEASIBLE
E0000 00:00:1785705073.800401  451613 linear_solver.cc:2026] No solution exists. MPSolverInterface::result_status_ = MPSOLVER_INFEASIBLE
E0000 00:00:1785705073.878307  451613 linear_solver.cc:2026] No solution exists. MPSolverInterface::result_status_ = MPSOLVER_INFEASIBLE
E0000 00:00:1785705073.982541  451613 linear_solver.cc:2026] No solution exists. MPSolverInterface::result_status_ = MPSOLVER_INFEASIBLE
E0000 00:00:1785705076.960109  451613 linear_solver.cc:2026] No solution exists. MPSolverInterface::result_status_ = MPSOLVER_INFEASIBLE
E0000 00:00:1785705077.063956  451613 linear_solver.cc:2026] No solution exists. MPSolverInterface::result_status_ = MPSOLVER_INFEASIBLE
E0000 00:00:1785705077.167878  451613 linear_solver.cc:2026] No solution exists. MPSolverInterface::result_status_ = MPSOLVER_INFEASIBLE
E0000 00:00:1785705077.272657  451613 linear_solver.cc:2026] No solution exists. MPSolverInterface::result_status_ = MPSOLVER_INFEASIBLE
E0000 00:00:1785705077.363641  451613 linear_solver.cc:2026] No solution exists. MPSolverInterface::result_status_ = MPSOLVER_INFEASIBLE
E0000 00:00:1785705102.786926  451613 linear_solver.cc:2026] No solution exists. MPSolverInterface::result_status_ = MPSOLVER_INFEASIBLE
E0000 00:00:1785705103.010449  451613 linear_solver.cc:2026] No solution exists. MPSolverInterface::result_status_ = MPSOLVER_INFEASIBLE
E0000 00:00:1785705143.379594  451613 linear_solver.cc:2026] No solution exists. MPSolverInterface::result_status_ = MPSOLVER_INFEASIBLE
E0000 00:00:1785705143.466413  451613 linear_solver.cc:2026] No solution exists. MPSolverInterface::result_status_ = MPSOLVER_INFEASIBLE
E0000 00:00:1785705144.819918  451613 linear_solver.cc:2026] No solution exists. MPSolverInterface::result_status_ = MPSOLVER_INFEASIBLE
E0000 00:00:1785705144.831629  451613 linear_solver.cc:2026] No solution exists. MPSolverInterface::result_status_ = MPSOLVER_INFEASIBLE
E0000 00:00:1785705147.907088  451613 linear_solver.cc:2026] No solution exists. MPSolverInterface::result_status_ = MPSOLVER_INFEASIBLE
E0000 00:00:1785705147.994989  451613 linear_solver.cc:2026] No solution exists. MPSolverInterface::result_status_ = MPSOLVER_INFEASIBLE
E0000 00:00:1785705148.096054  451613 linear_solver.cc:2026] No solution exists. MPSolverInterface::result_status_ = MPSOLVER_INFEASIBLE
E0000 00:00:1785705148.197414  451613 linear_solver.cc:2026] No solution exists. MPSolverInterface::result_status_ = MPSOLVER_INFEASIBLE
E0000 00:00:1785705148.299159  451613 linear_solver.cc:2026] No solution exists. MPSolverInterface::result_status_ = MPSOLVER_INFEASIBLE
E0000 00:00:1785705148.387958  451613 linear_solver.cc:2026] No solution exists. MPSolverInterface::result_status_ = MPSOLVER_INFEASIBLE
E0000 00:00:1785705148.489333  451613 linear_solver.cc:2026] No solution exists. MPSolverInterface::result_status_ = MPSOLVER_INFEASIBLE
E0000 00:00:1785705148.594091  451613 linear_solver.cc:2026] No solution exists. MPSolverInterface::result_status_ = MPSOLVER_INFEASIBLE
E0000 00:00:1785705149.693633  451613 linear_solver.cc:2026] No solution exists. MPSolverInterface::result_status_ = MPSOLVER_INFEASIBLE
E0000 00:00:1785705149.722657  451613 linear_solver.cc:2026] No solution exists. MPSolverInterface::result_status_ = MPSOLVER_INFEASIBLE
E0000 00:00:1785705150.670984  451613 linear_solver.cc:2026] No solution exists. MPSolverInterface::result_status_ = MPSOLVER_INFEASIBLE
E0000 00:00:1785705150.792974  451613 linear_solver.cc:2026] No solution exists. MPSolverInterface::result_status_ = MPSOLVER_INFEASIBLE
E0000 00:00:1785705150.902835  451613 linear_solver.cc:2026] No solution exists. MPSolverInterface::result_status_ = MPSOLVER_INFEASIBLE
E0000 00:00:1785705151.013721  451613 linear_solver.cc:2026] No solution exists. MPSolverInterface::result_status_ = MPSOLVER_INFEASIBLE
E0000 00:00:1785705151.135466  451613 linear_solver.cc:2026] No solution exists. MPSolverInterface::result_status_ = MPSOLVER_INFEASIBLE
E0000 00:00:1785705151.244205  451613 linear_solver.cc:2026] No solution exists. MPSolverInterface::result_status_ = MPSOLVER_INFEASIBLE
E0000 00:00:1785705151.365395  451613 linear_solver.cc:2026] No solution exists. MPSolverInterface::result_status_ = MPSOLVER_INFEASIBLE
E0000 00:00:1785705151.474132  451613 linear_solver.cc:2026] No solution exists. MPSolverInterface::result_status_ = MPSOLVER_INFEASIBLE
E0000 00:00:1785705154.074006  451613 linear_solver.cc:2026] No solution exists. MPSolverInterface::result_status_ = MPSOLVER_INFEASIBLE
E0000 00:00:1785705154.126801  451613 linear_solver.cc:2026] No solution exists. MPSolverInterface::result_status_ = MPSOLVER_INFEASIBLE
E0000 00:00:1785705162.123171  451613 linear_solver.cc:2026] No solution exists. MPSolverInterface::result_status_ = MPSOLVER_INFEASIBLE
E0000 00:00:1785705162.277573  451613 linear_solver.cc:2026] No solution exists. MPSolverInterface::result_status_ = MPSOLVER_INFEASIBLE
E0000 00:00:1785705174.842568  451613 linear_solver.cc:2026] No solution exists. MPSolverInterface::result_status_ = MPSOLVER_INFEASIBLE
E0000 00:00:1785705174.983739  451613 linear_solver.cc:2026] No solution exists. MPSolverInterface::result_status_ = MPSOLVER_INFEASIBLE
E0000 00:00:1785705194.027380  451613 linear_solver.cc:2026] No solution exists. MPSolverInterface::result_status_ = MPSOLVER_INFEASIBLE
E0000 00:00:1785705194.110022  451613 linear_solver.cc:2026] No solution exists. MPSolverInterface::result_status_ = MPSOLVER_INFEASIBLE
E0000 00:00:1785705194.204911  451613 linear_solver.cc:2026] No solution exists. MPSolverInterface::result_status_ = MPSOLVER_INFEASIBLE
E0000 00:00:1785705194.295440  451613 linear_solver.cc:2026] No solution exists. MPSolverInterface::result_status_ = MPSOLVER_INFEASIBLE
E0000 00:00:1785705194.378411  451613 linear_solver.cc:2026] No solution exists. MPSolverInterface::result_status_ = MPSOLVER_INFEASIBLE
E0000 00:00:1785705194.463408  451613 linear_solver.cc:2026] No solution exists. MPSolverInterface::result_status_ = MPSOLVER_INFEASIBLE
E0000 00:00:1785705194.560882  451613 linear_solver.cc:2026] No solution exists. MPSolverInterface::result_status_ = MPSOLVER_INFEASIBLE
E0000 00:00:1785705194.645939  451613 linear_solver.cc:2026] No solution exists. MPSolverInterface::result_status_ = MPSOLVER_INFEASIBLE
E0000 00:00:1785705211.870479  451613 linear_solver.cc:2026] No solution exists. MPSolverInterface::result_status_ = MPSOLVER_INFEASIBLE
E0000 00:00:1785705211.991596  451613 linear_solver.cc:2026] No solution exists. MPSolverInterface::result_status_ = MPSOLVER_INFEASIBLE
E0000 00:00:1785705216.514678  451613 linear_solver.cc:2026] No solution exists. MPSolverInterface::result_status_ = MPSOLVER_INFEASIBLE
E0000 00:00:1785705216.605029  451613 linear_solver.cc:2026] No solution exists. MPSolverInterface::result_status_ = MPSOLVER_INFEASIBLE
E0000 00:00:1785705216.707866  451613 linear_solver.cc:2026] No solution exists. MPSolverInterface::result_status_ = MPSOLVER_INFEASIBLE
E0000 00:00:1785705216.809688  451613 linear_solver.cc:2026] No solution exists. MPSolverInterface::result_status_ = MPSOLVER_INFEASIBLE
E0000 00:00:1785705216.911703  451613 linear_solver.cc:2026] No solution exists. MPSolverInterface::result_status_ = MPSOLVER_INFEASIBLE
E0000 00:00:1785705228.336782  451613 linear_solver.cc:2026] No solution exists. MPSolverInterface::result_status_ = MPSOLVER_INFEASIBLE
E0000 00:00:1785705228.458504  451613 linear_solver.cc:2026] No solution exists. MPSolverInterface::result_status_ = MPSOLVER_INFEASIBLE
E0000 00:00:1785705228.567259  451613 linear_solver.cc:2026] No solution exists. MPSolverInterface::result_status_ = MPSOLVER_INFEASIBLE
E0000 00:00:1785705228.689519  451613 linear_solver.cc:2026] No solution exists. MPSolverInterface::result_status_ = MPSOLVER_INFEASIBLE
E0000 00:00:1785705228.798991  451613 linear_solver.cc:2026] No solution exists. MPSolverInterface::result_status_ = MPSOLVER_INFEASIBLE
E0000 00:00:1785705228.920676  451613 linear_solver.cc:2026] No solution exists. MPSolverInterface::result_status_ = MPSOLVER_INFEASIBLE
E0000 00:00:1785705229.029001  451613 linear_solver.cc:2026] No solution exists. MPSolverInterface::result_status_ = MPSOLVER_INFEASIBLE
E0000 00:00:1785705229.136309  451613 linear_solver.cc:2026] No solution exists. MPSolverInterface::result_status_ = MPSOLVER_INFEASIBLE
E0000 00:00:1785705266.636725  451613 linear_solver.cc:2026] No solution exists. MPSolverInterface::result_status_ = MPSOLVER_INFEASIBLE
E0000 00:00:1785705266.838772  451613 linear_solver.cc:2026] No solution exists. MPSolverInterface::result_status_ = MPSOLVER_INFEASIBLE
E0000 00:00:1785705304.576225  451613 linear_solver.cc:2026] No solution exists. MPSolverInterface::result_status_ = MPSOLVER_INFEASIBLE
E0000 00:00:1785705304.652540  451613 linear_solver.cc:2026] No solution exists. MPSolverInterface::result_status_ = MPSOLVER_INFEASIBLE
E0000 00:00:1785705309.933612  451613 linear_solver.cc:2026] No solution exists. MPSolverInterface::result_status_ = MPSOLVER_INFEASIBLE
E0000 00:00:1785705309.975017  451613 linear_solver.cc:2026] No solution exists. MPSolverInterface::result_status_ = MPSOLVER_INFEASIBLE
E0000 00:00:1785705315.707842  451613 linear_solver.cc:2026] No solution exists. MPSolverInterface::result_status_ = MPSOLVER_INFEASIBLE
E0000 00:00:1785705315.771492  451613 linear_solver.cc:2026] No solution exists. MPSolverInterface::result_status_ = MPSOLVER_INFEASIBLE
E0000 00:00:1785705328.183220  451613 linear_solver.cc:2026] No solution exists. MPSolverInterface::result_status_ = MPSOLVER_INFEASIBLE
E0000 00:00:1785705328.261971  451613 linear_solver.cc:2026] No solution exists. MPSolverInterface::result_status_ = MPSOLVER_INFEASIBLE
E0000 00:00:1785705338.214536  451613 linear_solver.cc:2026] No solution exists. MPSolverInterface::result_status_ = MPSOLVER_INFEASIBLE
E0000 00:00:1785705338.262581  451613 linear_solver.cc:2026] No solution exists. MPSolverInterface::result_status_ = MPSOLVER_INFEASIBLE
E0000 00:00:1785705338.312155  451613 linear_solver.cc:2026] No solution exists. MPSolverInterface::result_status_ = MPSOLVER_INFEASIBLE
E0000 00:00:1785705338.360657  451613 linear_solver.cc:2026] No solution exists. MPSolverInterface::result_status_ = MPSOLVER_INFEASIBLE
E0000 00:00:1785705338.409205  451613 linear_solver.cc:2026] No solution exists. MPSolverInterface::result_status_ = MPSOLVER_INFEASIBLE
E0000 00:00:1785705338.458514  451613 linear_solver.cc:2026] No solution exists. MPSolverInterface::result_status_ = MPSOLVER_INFEASIBLE
E0000 00:00:1785705338.507555  451613 linear_solver.cc:2026] No solution exists. MPSolverInterface::result_status_ = MPSOLVER_INFEASIBLE
E0000 00:00:1785705338.555978  451613 linear_solver.cc:2026] No solution exists. MPSolverInterface::result_status_ = MPSOLVER_INFEASIBLE
E0000 00:00:1785705343.001214  451613 linear_solver.cc:2026] No solution exists. MPSolverInterface::result_status_ = MPSOLVER_INFEASIBLE
E0000 00:00:1785705343.071942  451613 linear_solver.cc:2026] No solution exists. MPSolverInterface::result_status_ = MPSOLVER_INFEASIBLE
E0000 00:00:1785705350.568705  451613 linear_solver.cc:2026] No solution exists. MPSolverInterface::result_status_ = MPSOLVER_INFEASIBLE
E0000 00:00:1785705350.614547  451613 linear_solver.cc:2026] No solution exists. MPSolverInterface::result_status_ = MPSOLVER_INFEASIBLE
E0000 00:00:1785705350.661334  451613 linear_solver.cc:2026] No solution exists. MPSolverInterface::result_status_ = MPSOLVER_INFEASIBLE
E0000 00:00:1785705350.708539  451613 linear_solver.cc:2026] No solution exists. MPSolverInterface::result_status_ = MPSOLVER_INFEASIBLE
E0000 00:00:1785705350.753562  451613 linear_solver.cc:2026] No solution exists. MPSolverInterface::result_status_ = MPSOLVER_INFEASIBLE
E0000 00:00:1785705350.800343  451613 linear_solver.cc:2026] No solution exists. MPSolverInterface::result_status_ = MPSOLVER_INFEASIBLE
E0000 00:00:1785705350.845176  451613 linear_solver.cc:2026] No solution exists. MPSolverInterface::result_status_ = MPSOLVER_INFEASIBLE
E0000 00:00:1785705350.890747  451613 linear_solver.cc:2026] No solution exists. MPSolverInterface::result_status_ = MPSOLVER_INFEASIBLE
E0000 00:00:1785705351.566227  451613 linear_solver.cc:2026] No solution exists. MPSolverInterface::result_status_ = MPSOLVER_INFEASIBLE
E0000 00:00:1785705351.622413  451613 linear_solver.cc:2026] No solution exists. MPSolverInterface::result_status_ = MPSOLVER_INFEASIBLE
E0000 00:00:1785705351.680523  451613 linear_solver.cc:2026] No solution exists. MPSolverInterface::result_status_ = MPSOLVER_INFEASIBLE
E0000 00:00:1785705351.736886  451613 linear_solver.cc:2026] No solution exists. MPSolverInterface::result_status_ = MPSOLVER_INFEASIBLE
E0000 00:00:1785705351.792935  451613 linear_solver.cc:2026] No solution exists. MPSolverInterface::result_status_ = MPSOLVER_INFEASIBLE
E0000 00:00:1785705351.849705  451613 linear_solver.cc:2026] No solution exists. MPSolverInterface::result_status_ = MPSOLVER_INFEASIBLE
E0000 00:00:1785705351.906232  451613 linear_solver.cc:2026] No solution exists. MPSolverInterface::result_status_ = MPSOLVER_INFEASIBLE
E0000 00:00:1785705351.963379  451613 linear_solver.cc:2026] No solution exists. MPSolverInterface::result_status_ = MPSOLVER_INFEASIBLE
E0000 00:00:1785705352.589259  451613 linear_solver.cc:2026] No solution exists. MPSolverInterface::result_status_ = MPSOLVER_INFEASIBLE
E0000 00:00:1785705352.632038  451613 linear_solver.cc:2026] No solution exists. MPSolverInterface::result_status_ = MPSOLVER_INFEASIBLE
E0000 00:00:1785705352.675360  451613 linear_solver.cc:2026] No solution exists. MPSolverInterface::result_status_ = MPSOLVER_INFEASIBLE
E0000 00:00:1785705352.719394  451613 linear_solver.cc:2026] No solution exists. MPSolverInterface::result_status_ = MPSOLVER_INFEASIBLE
E0000 00:00:1785705352.761661  451613 linear_solver.cc:2026] No solution exists. MPSolverInterface::result_status_ = MPSOLVER_INFEASIBLE
E0000 00:00:1785705352.804578  451613 linear_solver.cc:2026] No solution exists. MPSolverInterface::result_status_ = MPSOLVER_INFEASIBLE
E0000 00:00:1785705352.847132  451613 linear_solver.cc:2026] No solution exists. MPSolverInterface::result_status_ = MPSOLVER_INFEASIBLE
E0000 00:00:1785705352.889343  451613 linear_solver.cc:2026] No solution exists. MPSolverInterface::result_status_ = MPSOLVER_INFEASIBLE
E0000 00:00:1785705353.638530  451613 linear_solver.cc:2026] No solution exists. MPSolverInterface::result_status_ = MPSOLVER_INFEASIBLE
E0000 00:00:1785705353.650983  451613 linear_solver.cc:2026] No solution exists. MPSolverInterface::result_status_ = MPSOLVER_INFEASIBLE
E0000 00:00:1785705353.662936  451613 linear_solver.cc:2026] No solution exists. MPSolverInterface::result_status_ = MPSOLVER_INFEASIBLE
E0000 00:00:1785705353.674635  451613 linear_solver.cc:2026] No solution exists. MPSolverInterface::result_status_ = MPSOLVER_INFEASIBLE
E0000 00:00:1785705353.686530  451613 linear_solver.cc:2026] No solution exists. MPSolverInterface::result_status_ = MPSOLVER_INFEASIBLE
E0000 00:00:1785705353.698011  451613 linear_solver.cc:2026] No solution exists. MPSolverInterface::result_status_ = MPSOLVER_INFEASIBLE
E0000 00:00:1785705353.709800  451613 linear_solver.cc:2026] No solution exists. MPSolverInterface::result_status_ = MPSOLVER_INFEASIBLE
E0000 00:00:1785705353.721470  451613 linear_solver.cc:2026] No solution exists. MPSolverInterface::result_status_ = MPSOLVER_INFEASIBLE
E0000 00:00:1785705358.201310  451613 linear_solver.cc:2026] No solution exists. MPSolverInterface::result_status_ = MPSOLVER_INFEASIBLE
E0000 00:00:1785705358.267834  451613 linear_solver.cc:2026] No solution exists. MPSolverInterface::result_status_ = MPSOLVER_INFEASIBLE
E0000 00:00:1785705361.641813  451613 linear_solver.cc:2026] No solution exists. MPSolverInterface::result_status_ = MPSOLVER_INFEASIBLE
E0000 00:00:1785705361.691494  451613 linear_solver.cc:2026] No solution exists. MPSolverInterface::result_status_ = MPSOLVER_INFEASIBLE
E0000 00:00:1785705361.741300  451613 linear_solver.cc:2026] No solution exists. MPSolverInterface::result_status_ = MPSOLVER_INFEASIBLE
E0000 00:00:1785705361.791624  451613 linear_solver.cc:2026] No solution exists. MPSolverInterface::result_status_ = MPSOLVER_INFEASIBLE
E0000 00:00:1785705361.843548  451613 linear_solver.cc:2026] No solution exists. MPSolverInterface::result_status_ = MPSOLVER_INFEASIBLE
E0000 00:00:1785705361.892605  451613 linear_solver.cc:2026] No solution exists. MPSolverInterface::result_status_ = MPSOLVER_INFEASIBLE
E0000 00:00:1785705361.942459  451613 linear_solver.cc:2026] No solution exists. MPSolverInterface::result_status_ = MPSOLVER_INFEASIBLE
E0000 00:00:1785705361.991391  451613 linear_solver.cc:2026] No solution exists. MPSolverInterface::result_status_ = MPSOLVER_INFEASIBLE
E0000 00:00:1785705363.931719  451613 linear_solver.cc:2026] No solution exists. MPSolverInterface::result_status_ = MPSOLVER_INFEASIBLE
E0000 00:00:1785705363.980090  451613 linear_solver.cc:2026] No solution exists. MPSolverInterface::result_status_ = MPSOLVER_INFEASIBLE
E0000 00:00:1785705364.029354  451613 linear_solver.cc:2026] No solution exists. MPSolverInterface::result_status_ = MPSOLVER_INFEASIBLE
E0000 00:00:1785705364.077792  451613 linear_solver.cc:2026] No solution exists. MPSolverInterface::result_status_ = MPSOLVER_INFEASIBLE
E0000 00:00:1785705364.124693  451613 linear_solver.cc:2026] No solution exists. MPSolverInterface::result_status_ = MPSOLVER_INFEASIBLE
E0000 00:00:1785705364.173416  451613 linear_solver.cc:2026] No solution exists. MPSolverInterface::result_status_ = MPSOLVER_INFEASIBLE
E0000 00:00:1785705367.912936  451613 linear_solver.cc:2026] No solution exists. MPSolverInterface::result_status_ = MPSOLVER_INFEASIBLE
E0000 00:00:1785705367.926251  451613 linear_solver.cc:2026] No solution exists. MPSolverInterface::result_status_ = MPSOLVER_INFEASIBLE
E0000 00:00:1785705367.940123  451613 linear_solver.cc:2026] No solution exists. MPSolverInterface::result_status_ = MPSOLVER_INFEASIBLE
E0000 00:00:1785705367.953783  451613 linear_solver.cc:2026] No solution exists. MPSolverInterface::result_status_ = MPSOLVER_INFEASIBLE
E0000 00:00:1785705367.966959  451613 linear_solver.cc:2026] No solution exists. MPSolverInterface::result_status_ = MPSOLVER_INFEASIBLE
E0000 00:00:1785705367.980718  451613 linear_solver.cc:2026] No solution exists. MPSolverInterface::result_status_ = MPSOLVER_INFEASIBLE
E0000 00:00:1785705367.994605  451613 linear_solver.cc:2026] No solution exists. MPSolverInterface::result_status_ = MPSOLVER_INFEASIBLE
E0000 00:00:1785705368.008252  451613 linear_solver.cc:2026] No solution exists. MPSolverInterface::result_status_ = MPSOLVER_INFEASIBLE
E0000 00:00:1785705368.161136  451613 linear_solver.cc:2026] No solution exists. MPSolverInterface::result_status_ = MPSOLVER_INFEASIBLE
E0000 00:00:1785705368.174739  451613 linear_solver.cc:2026] No solution exists. MPSolverInterface::result_status_ = MPSOLVER_INFEASIBLE
E0000 00:00:1785705368.188106  451613 linear_solver.cc:2026] No solution exists. MPSolverInterface::result_status_ = MPSOLVER_INFEASIBLE
E0000 00:00:1785705368.202160  451613 linear_solver.cc:2026] No solution exists. MPSolverInterface::result_status_ = MPSOLVER_INFEASIBLE
E0000 00:00:1785705368.215493  451613 linear_solver.cc:2026] No solution exists. MPSolverInterface::result_status_ = MPSOLVER_INFEASIBLE
E0000 00:00:1785705368.228791  451613 linear_solver.cc:2026] No solution exists. MPSolverInterface::result_status_ = MPSOLVER_INFEASIBLE
E0000 00:00:1785705368.241807  451613 linear_solver.cc:2026] No solution exists. MPSolverInterface::result_status_ = MPSOLVER_INFEASIBLE
E0000 00:00:1785705368.255373  451613 linear_solver.cc:2026] No solution exists. MPSolverInterface::result_status_ = MPSOLVER_INFEASIBLE
E0000 00:00:1785705372.001688  451613 linear_solver.cc:2026] No solution exists. MPSolverInterface::result_status_ = MPSOLVER_INFEASIBLE
E0000 00:00:1785705372.067255  451613 linear_solver.cc:2026] No solution exists. MPSolverInterface::result_status_ = MPSOLVER_INFEASIBLE
E0000 00:00:1785705372.133224  451613 linear_solver.cc:2026] No solution exists. MPSolverInterface::result_status_ = MPSOLVER_INFEASIBLE
E0000 00:00:1785705372.197686  451613 linear_solver.cc:2026] No solution exists. MPSolverInterface::result_status_ = MPSOLVER_INFEASIBLE
E0000 00:00:1785705372.263053  451613 linear_solver.cc:2026] No solution exists. MPSolverInterface::result_status_ = MPSOLVER_INFEASIBLE
E0000 00:00:1785705372.327650  451613 linear_solver.cc:2026] No solution exists. MPSolverInterface::result_status_ = MPSOLVER_INFEASIBLE
E0000 00:00:1785705372.393284  451613 linear_solver.cc:2026] No solution exists. MPSolverInterface::result_status_ = MPSOLVER_INFEASIBLE
E0000 00:00:1785705372.458698  451613 linear_solver.cc:2026] No solution exists. MPSolverInterface::result_status_ = MPSOLVER_INFEASIBLE
E0000 00:00:1785705373.220066  451613 linear_solver.cc:2026] No solution exists. MPSolverInterface::result_status_ = MPSOLVER_INFEASIBLE
E0000 00:00:1785705373.239362  451613 linear_solver.cc:2026] No solution exists. MPSolverInterface::result_status_ = MPSOLVER_INFEASIBLE
E0000 00:00:1785705373.630545  451613 linear_solver.cc:2026] No solution exists. MPSolverInterface::result_status_ = MPSOLVER_INFEASIBLE
E0000 00:00:1785705373.649863  451613 linear_solver.cc:2026] No solution exists. MPSolverInterface::result_status_ = MPSOLVER_INFEASIBLE
E0000 00:00:1785705374.267849  451613 linear_solver.cc:2026] No solution exists. MPSolverInterface::result_status_ = MPSOLVER_INFEASIBLE
E0000 00:00:1785705374.303423  451613 linear_solver.cc:2026] No solution exists. MPSolverInterface::result_status_ = MPSOLVER_INFEASIBLE
E0000 00:00:1785705374.338102  451613 linear_solver.cc:2026] No solution exists. MPSolverInterface::result_status_ = MPSOLVER_INFEASIBLE
E0000 00:00:1785705374.373087  451613 linear_solver.cc:2026] No solution exists. MPSolverInterface::result_status_ = MPSOLVER_INFEASIBLE
E0000 00:00:1785705374.409857  451613 linear_solver.cc:2026] No solution exists. MPSolverInterface::result_status_ = MPSOLVER_INFEASIBLE
E0000 00:00:1785705374.445033  451613 linear_solver.cc:2026] No solution exists. MPSolverInterface::result_status_ = MPSOLVER_INFEASIBLE
E0000 00:00:1785705374.481266  451613 linear_solver.cc:2026] No solution exists. MPSolverInterface::result_status_ = MPSOLVER_INFEASIBLE
E0000 00:00:1785705374.516028  451613 linear_solver.cc:2026] No solution exists. MPSolverInterface::result_status_ = MPSOLVER_INFEASIBLE
E0000 00:00:1785705390.033477  451613 linear_solver.cc:2026] No solution exists. MPSolverInterface::result_status_ = MPSOLVER_INFEASIBLE
E0000 00:00:1785705390.098673  451613 linear_solver.cc:2026] No solution exists. MPSolverInterface::result_status_ = MPSOLVER_INFEASIBLE
E0000 00:00:1785705390.165908  451613 linear_solver.cc:2026] No solution exists. MPSolverInterface::result_status_ = MPSOLVER_INFEASIBLE
E0000 00:00:1785705390.232640  451613 linear_solver.cc:2026] No solution exists. MPSolverInterface::result_status_ = MPSOLVER_INFEASIBLE
E0000 00:00:1785705390.299492  451613 linear_solver.cc:2026] No solution exists. MPSolverInterface::result_status_ = MPSOLVER_INFEASIBLE
E0000 00:00:1785705390.365969  451613 linear_solver.cc:2026] No solution exists. MPSolverInterface::result_status_ = MPSOLVER_INFEASIBLE
E0000 00:00:1785705390.433061  451613 linear_solver.cc:2026] No solution exists. MPSolverInterface::result_status_ = MPSOLVER_INFEASIBLE
E0000 00:00:1785705390.500131  451613 linear_solver.cc:2026] No solution exists. MPSolverInterface::result_status_ = MPSOLVER_INFEASIBLE
E0000 00:00:1785705391.420070  451613 linear_solver.cc:2026] No solution exists. MPSolverInterface::result_status_ = MPSOLVER_INFEASIBLE
E0000 00:00:1785705391.479488  451613 linear_solver.cc:2026] No solution exists. MPSolverInterface::result_status_ = MPSOLVER_INFEASIBLE
E0000 00:00:1785705391.539365  451613 linear_solver.cc:2026] No solution exists. MPSolverInterface::result_status_ = MPSOLVER_INFEASIBLE
E0000 00:00:1785705391.598676  451613 linear_solver.cc:2026] No solution exists. MPSolverInterface::result_status_ = MPSOLVER_INFEASIBLE
E0000 00:00:1785705391.659326  451613 linear_solver.cc:2026] No solution exists. MPSolverInterface::result_status_ = MPSOLVER_INFEASIBLE
E0000 00:00:1785705391.718668  451613 linear_solver.cc:2026] No solution exists. MPSolverInterface::result_status_ = MPSOLVER_INFEASIBLE
E0000 00:00:1785705391.779079  451613 linear_solver.cc:2026] No solution exists. MPSolverInterface::result_status_ = MPSOLVER_INFEASIBLE
E0000 00:00:1785705391.838899  451613 linear_solver.cc:2026] No solution exists. MPSolverInterface::result_status_ = MPSOLVER_INFEASIBLE
E0000 00:00:1785705399.019708  451613 linear_solver.cc:2026] No solution exists. MPSolverInterface::result_status_ = MPSOLVER_INFEASIBLE
E0000 00:00:1785705399.176563  451613 linear_solver.cc:2026] No solution exists. MPSolverInterface::result_status_ = MPSOLVER_INFEASIBLE
E0000 00:00:1785705414.612624  451613 linear_solver.cc:2026] No solution exists. MPSolverInterface::result_status_ = MPSOLVER_INFEASIBLE
E0000 00:00:1785705414.644484  451613 linear_solver.cc:2026] No solution exists. MPSolverInterface::result_status_ = MPSOLVER_INFEASIBLE
E0000 00:00:1785705416.781339  451613 linear_solver.cc:2026] No solution exists. MPSolverInterface::result_status_ = MPSOLVER_INFEASIBLE
E0000 00:00:1785705416.830680  451613 linear_solver.cc:2026] No solution exists. MPSolverInterface::result_status_ = MPSOLVER_INFEASIBLE
E0000 00:00:1785705416.878624  451613 linear_solver.cc:2026] No solution exists. MPSolverInterface::result_status_ = MPSOLVER_INFEASIBLE
E0000 00:00:1785705416.926667  451613 linear_solver.cc:2026] No solution exists. MPSolverInterface::result_status_ = MPSOLVER_INFEASIBLE
E0000 00:00:1785705416.973795  451613 linear_solver.cc:2026] No solution exists. MPSolverInterface::result_status_ = MPSOLVER_INFEASIBLE
E0000 00:00:1785705417.020004  451613 linear_solver.cc:2026] No solution exists. MPSolverInterface::result_status_ = MPSOLVER_INFEASIBLE
E0000 00:00:1785705417.067190  451613 linear_solver.cc:2026] No solution exists. MPSolverInterface::result_status_ = MPSOLVER_INFEASIBLE
E0000 00:00:1785705417.113548  451613 linear_solver.cc:2026] No solution exists. MPSolverInterface::result_status_ = MPSOLVER_INFEASIBLE
E0000 00:00:1785705422.949063  451613 linear_solver.cc:2026] No solution exists. MPSolverInterface::result_status_ = MPSOLVER_INFEASIBLE
E0000 00:00:1785705423.015701  451613 linear_solver.cc:2026] No solution exists. MPSolverInterface::result_status_ = MPSOLVER_INFEASIBLE
E0000 00:00:1785705430.959501  451613 linear_solver.cc:2026] No solution exists. MPSolverInterface::result_status_ = MPSOLVER_INFEASIBLE
E0000 00:00:1785705431.010703  451613 linear_solver.cc:2026] No solution exists. MPSolverInterface::result_status_ = MPSOLVER_INFEASIBLE
E0000 00:00:1785705431.061424  451613 linear_solver.cc:2026] No solution exists. MPSolverInterface::result_status_ = MPSOLVER_INFEASIBLE
E0000 00:00:1785705431.112697  451613 linear_solver.cc:2026] No solution exists. MPSolverInterface::result_status_ = MPSOLVER_INFEASIBLE
E0000 00:00:1785705431.163461  451613 linear_solver.cc:2026] No solution exists. MPSolverInterface::result_status_ = MPSOLVER_INFEASIBLE
E0000 00:00:1785705431.214476  451613 linear_solver.cc:2026] No solution exists. MPSolverInterface::result_status_ = MPSOLVER_INFEASIBLE
E0000 00:00:1785705431.265710  451613 linear_solver.cc:2026] No solution exists. MPSolverInterface::result_status_ = MPSOLVER_INFEASIBLE
E0000 00:00:1785705431.315843  451613 linear_solver.cc:2026] No solution exists. MPSolverInterface::result_status_ = MPSOLVER_INFEASIBLE
E0000 00:00:1785705438.587734  451613 linear_solver.cc:2026] No solution exists. MPSolverInterface::result_status_ = MPSOLVER_INFEASIBLE
E0000 00:00:1785705438.674164  451613 linear_solver.cc:2026] No solution exists. MPSolverInterface::result_status_ = MPSOLVER_INFEASIBLE
E0000 00:00:1785705451.868576  451613 linear_solver.cc:2026] No solution exists. MPSolverInterface::result_status_ = MPSOLVER_INFEASIBLE
E0000 00:00:1785705451.938533  451613 linear_solver.cc:2026] No solution exists. MPSolverInterface::result_status_ = MPSOLVER_INFEASIBLE
E0000 00:00:1785705457.779258  451613 linear_solver.cc:2026] No solution exists. MPSolverInterface::result_status_ = MPSOLVER_INFEASIBLE
E0000 00:00:1785705457.838782  451613 linear_solver.cc:2026] No solution exists. MPSolverInterface::result_status_ = MPSOLVER_INFEASIBLE
E0000 00:00:1785705457.898780  451613 linear_solver.cc:2026] No solution exists. MPSolverInterface::result_status_ = MPSOLVER_INFEASIBLE
E0000 00:00:1785705457.957965  451613 linear_solver.cc:2026] No solution exists. MPSolverInterface::result_status_ = MPSOLVER_INFEASIBLE
E0000 00:00:1785705461.245198  451613 linear_solver.cc:2026] No solution exists. MPSolverInterface::result_status_ = MPSOLVER_INFEASIBLE
E0000 00:00:1785705461.314367  451613 linear_solver.cc:2026] No solution exists. MPSolverInterface::result_status_ = MPSOLVER_INFEASIBLE
E0000 00:00:1785705461.383469  451613 linear_solver.cc:2026] No solution exists. MPSolverInterface::result_status_ = MPSOLVER_INFEASIBLE
E0000 00:00:1785705461.452075  451613 linear_solver.cc:2026] No solution exists. MPSolverInterface::result_status_ = MPSOLVER_INFEASIBLE
E0000 00:00:1785705461.520009  451613 linear_solver.cc:2026] No solution exists. MPSolverInterface::result_status_ = MPSOLVER_INFEASIBLE
E0000 00:00:1785705466.557474  451613 linear_solver.cc:2026] No solution exists. MPSolverInterface::result_status_ = MPSOLVER_INFEASIBLE
E0000 00:00:1785705466.619236  451613 linear_solver.cc:2026] No solution exists. MPSolverInterface::result_status_ = MPSOLVER_INFEASIBLE
E0000 00:00:1785705466.682533  451613 linear_solver.cc:2026] No solution exists. MPSolverInterface::result_status_ = MPSOLVER_INFEASIBLE
E0000 00:00:1785705466.753264  451613 linear_solver.cc:2026] No solution exists. MPSolverInterface::result_status_ = MPSOLVER_INFEASIBLE
E0000 00:00:1785705468.169210  451613 linear_solver.cc:2026] No solution exists. MPSolverInterface::result_status_ = MPSOLVER_INFEASIBLE
E0000 00:00:1785705468.229509  451613 linear_solver.cc:2026] No solution exists. MPSolverInterface::result_status_ = MPSOLVER_INFEASIBLE
E0000 00:00:1785705468.288449  451613 linear_solver.cc:2026] No solution exists. MPSolverInterface::result_status_ = MPSOLVER_INFEASIBLE
E0000 00:00:1785705468.347849  451613 linear_solver.cc:2026] No solution exists. MPSolverInterface::result_status_ = MPSOLVER_INFEASIBLE
E0000 00:00:1785705468.408811  451613 linear_solver.cc:2026] No solution exists. MPSolverInterface::result_status_ = MPSOLVER_INFEASIBLE
E0000 00:00:1785705468.466299  451613 linear_solver.cc:2026] No solution exists. MPSolverInterface::result_status_ = MPSOLVER_INFEASIBLE
E0000 00:00:1785705468.524190  451613 linear_solver.cc:2026] No solution exists. MPSolverInterface::result_status_ = MPSOLVER_INFEASIBLE
E0000 00:00:1785705468.581210  451613 linear_solver.cc:2026] No solution exists. MPSolverInterface::result_status_ = MPSOLVER_INFEASIBLE
E0000 00:00:1785705470.683215  451613 linear_solver.cc:2026] No solution exists. MPSolverInterface::result_status_ = MPSOLVER_INFEASIBLE
E0000 00:00:1785705470.728957  451613 linear_solver.cc:2026] No solution exists. MPSolverInterface::result_status_ = MPSOLVER_INFEASIBLE
E0000 00:00:1785705470.775052  451613 linear_solver.cc:2026] No solution exists. MPSolverInterface::result_status_ = MPSOLVER_INFEASIBLE
E0000 00:00:1785705470.821180  451613 linear_solver.cc:2026] No solution exists. MPSolverInterface::result_status_ = MPSOLVER_INFEASIBLE
E0000 00:00:1785705470.866743  451613 linear_solver.cc:2026] No solution exists. MPSolverInterface::result_status_ = MPSOLVER_INFEASIBLE
E0000 00:00:1785705470.912928  451613 linear_solver.cc:2026] No solution exists. MPSolverInterface::result_status_ = MPSOLVER_INFEASIBLE
E0000 00:00:1785705470.958608  451613 linear_solver.cc:2026] No solution exists. MPSolverInterface::result_status_ = MPSOLVER_INFEASIBLE
E0000 00:00:1785705471.003835  451613 linear_solver.cc:2026] No solution exists. MPSolverInterface::result_status_ = MPSOLVER_INFEASIBLE
E0000 00:00:1785705472.834464  451613 linear_solver.cc:2026] No solution exists. MPSolverInterface::result_status_ = MPSOLVER_INFEASIBLE
E0000 00:00:1785705472.869292  451613 linear_solver.cc:2026] No solution exists. MPSolverInterface::result_status_ = MPSOLVER_INFEASIBLE
E0000 00:00:1785705476.201057  451613 linear_solver.cc:2026] No solution exists. MPSolverInterface::result_status_ = MPSOLVER_INFEASIBLE
E0000 00:00:1785705476.259140  451613 linear_solver.cc:2026] No solution exists. MPSolverInterface::result_status_ = MPSOLVER_INFEASIBLE
E0000 00:00:1785705485.295203  451613 linear_solver.cc:2026] No solution exists. MPSolverInterface::result_status_ = MPSOLVER_INFEASIBLE
E0000 00:00:1785705485.370125  451613 linear_solver.cc:2026] No solution exists. MPSolverInterface::result_status_ = MPSOLVER_INFEASIBLE
E0000 00:00:1785705485.446247  451613 linear_solver.cc:2026] No solution exists. MPSolverInterface::result_status_ = MPSOLVER_INFEASIBLE
E0000 00:00:1785705485.521801  451613 linear_solver.cc:2026] No solution exists. MPSolverInterface::result_status_ = MPSOLVER_INFEASIBLE
E0000 00:00:1785705493.471120  451613 linear_solver.cc:2026] No solution exists. MPSolverInterface::result_status_ = MPSOLVER_INFEASIBLE
E0000 00:00:1785705493.532796  451613 linear_solver.cc:2026] No solution exists. MPSolverInterface::result_status_ = MPSOLVER_INFEASIBLE
E0000 00:00:1785705504.646771  451613 linear_solver.cc:2026] No solution exists. MPSolverInterface::result_status_ = MPSOLVER_INFEASIBLE
E0000 00:00:1785705504.715381  451613 linear_solver.cc:2026] No solution exists. MPSolverInterface::result_status_ = MPSOLVER_INFEASIBLE
E0000 00:00:1785705507.131901  451613 linear_solver.cc:2026] No solution exists. MPSolverInterface::result_status_ = MPSOLVER_INFEASIBLE
E0000 00:00:1785705507.145368  451613 linear_solver.cc:2026] No solution exists. MPSolverInterface::result_status_ = MPSOLVER_INFEASIBLE
E0000 00:00:1785705511.623463  451613 linear_solver.cc:2026] No solution exists. MPSolverInterface::result_status_ = MPSOLVER_INFEASIBLE
E0000 00:00:1785705511.691752  451613 linear_solver.cc:2026] No solution exists. MPSolverInterface::result_status_ = MPSOLVER_INFEASIBLE
E0000 00:00:1785705516.844438  451613 linear_solver.cc:2026] No solution exists. MPSolverInterface::result_status_ = MPSOLVER_INFEASIBLE
E0000 00:00:1785705516.971558  451613 linear_solver.cc:2026] No solution exists. MPSolverInterface::result_status_ = MPSOLVER_INFEASIBLE
E0000 00:00:1785705524.451808  451613 linear_solver.cc:2026] No solution exists. MPSolverInterface::result_status_ = MPSOLVER_INFEASIBLE
E0000 00:00:1785705524.510354  451613 linear_solver.cc:2026] No solution exists. MPSolverInterface::result_status_ = MPSOLVER_INFEASIBLE
E0000 00:00:1785705524.564274  451613 linear_solver.cc:2026] No solution exists. MPSolverInterface::result_status_ = MPSOLVER_INFEASIBLE
E0000 00:00:1785705524.618966  451613 linear_solver.cc:2026] No solution exists. MPSolverInterface::result_status_ = MPSOLVER_INFEASIBLE
E0000 00:00:1785705524.674228  451613 linear_solver.cc:2026] No solution exists. MPSolverInterface::result_status_ = MPSOLVER_INFEASIBLE
E0000 00:00:1785705524.727824  451613 linear_solver.cc:2026] No solution exists. MPSolverInterface::result_status_ = MPSOLVER_INFEASIBLE
E0000 00:00:1785705524.782315  451613 linear_solver.cc:2026] No solution exists. MPSolverInterface::result_status_ = MPSOLVER_INFEASIBLE
E0000 00:00:1785705524.836115  451613 linear_solver.cc:2026] No solution exists. MPSolverInterface::result_status_ = MPSOLVER_INFEASIBLE
E0000 00:00:1785705525.561289  451613 linear_solver.cc:2026] No solution exists. MPSolverInterface::result_status_ = MPSOLVER_INFEASIBLE
E0000 00:00:1785705525.617658  451613 linear_solver.cc:2026] No solution exists. MPSolverInterface::result_status_ = MPSOLVER_INFEASIBLE
E0000 00:00:1785705525.674423  451613 linear_solver.cc:2026] No solution exists. MPSolverInterface::result_status_ = MPSOLVER_INFEASIBLE
E0000 00:00:1785705525.731209  451613 linear_solver.cc:2026] No solution exists. MPSolverInterface::result_status_ = MPSOLVER_INFEASIBLE
E0000 00:00:1785705525.787940  451613 linear_solver.cc:2026] No solution exists. MPSolverInterface::result_status_ = MPSOLVER_INFEASIBLE
E0000 00:00:1785705525.844230  451613 linear_solver.cc:2026] No solution exists. MPSolverInterface::result_status_ = MPSOLVER_INFEASIBLE
E0000 00:00:1785705525.901029  451613 linear_solver.cc:2026] No solution exists. MPSolverInterface::result_status_ = MPSOLVER_INFEASIBLE
E0000 00:00:1785705525.958106  451613 linear_solver.cc:2026] No solution exists. MPSolverInterface::result_status_ = MPSOLVER_INFEASIBLE
E0000 00:00:1785705528.529454  451613 linear_solver.cc:2026] No solution exists. MPSolverInterface::result_status_ = MPSOLVER_INFEASIBLE
E0000 00:00:1785705528.566874  451613 linear_solver.cc:2026] No solution exists. MPSolverInterface::result_status_ = MPSOLVER_INFEASIBLE
E0000 00:00:1785705529.502934  451613 linear_solver.cc:2026] No solution exists. MPSolverInterface::result_status_ = MPSOLVER_INFEASIBLE
E0000 00:00:1785705529.521835  451613 linear_solver.cc:2026] No solution exists. MPSolverInterface::result_status_ = MPSOLVER_INFEASIBLE
E0000 00:00:1785705532.652801  451613 linear_solver.cc:2026] No solution exists. MPSolverInterface::result_status_ = MPSOLVER_INFEASIBLE
E0000 00:00:1785705532.728556  451613 linear_solver.cc:2026] No solution exists. MPSolverInterface::result_status_ = MPSOLVER_INFEASIBLE
E0000 00:00:1785705532.803764  451613 linear_solver.cc:2026] No solution exists. MPSolverInterface::result_status_ = MPSOLVER_INFEASIBLE
E0000 00:00:1785705536.054698  451613 linear_solver.cc:2026] No solution exists. MPSolverInterface::result_status_ = MPSOLVER_INFEASIBLE
E0000 00:00:1785705536.092347  451613 linear_solver.cc:2026] No solution exists. MPSolverInterface::result_status_ = MPSOLVER_INFEASIBLE
E0000 00:00:1785705536.129623  451613 linear_solver.cc:2026] No solution exists. MPSolverInterface::result_status_ = MPSOLVER_INFEASIBLE
E0000 00:00:1785705536.167352  451613 linear_solver.cc:2026] No solution exists. MPSolverInterface::result_status_ = MPSOLVER_INFEASIBLE
E0000 00:00:1785705536.205406  451613 linear_solver.cc:2026] No solution exists. MPSolverInterface::result_status_ = MPSOLVER_INFEASIBLE
E0000 00:00:1785705536.242172  451613 linear_solver.cc:2026] No solution exists. MPSolverInterface::result_status_ = MPSOLVER_INFEASIBLE
E0000 00:00:1785705536.280423  451613 linear_solver.cc:2026] No solution exists. MPSolverInterface::result_status_ = MPSOLVER_INFEASIBLE
E0000 00:00:1785705536.317528  451613 linear_solver.cc:2026] No solution exists. MPSolverInterface::result_status_ = MPSOLVER_INFEASIBLE
E0000 00:00:1785705538.644301  451613 linear_solver.cc:2026] No solution exists. MPSolverInterface::result_status_ = MPSOLVER_INFEASIBLE
E0000 00:00:1785705538.671298  451613 linear_solver.cc:2026] No solution exists. MPSolverInterface::result_status_ = MPSOLVER_INFEASIBLE
E0000 00:00:1785705542.852381  451613 linear_solver.cc:2026] No solution exists. MPSolverInterface::result_status_ = MPSOLVER_INFEASIBLE
E0000 00:00:1785705542.923264  451613 linear_solver.cc:2026] No solution exists. MPSolverInterface::result_status_ = MPSOLVER_INFEASIBLE
E0000 00:00:1785705542.994028  451613 linear_solver.cc:2026] No solution exists. MPSolverInterface::result_status_ = MPSOLVER_INFEASIBLE
E0000 00:00:1785705551.331118  451613 linear_solver.cc:2026] No solution exists. MPSolverInterface::result_status_ = MPSOLVER_INFEASIBLE
E0000 00:00:1785705551.399461  451613 linear_solver.cc:2026] No solution exists. MPSolverInterface::result_status_ = MPSOLVER_INFEASIBLE
E0000 00:00:1785705556.871679  451613 linear_solver.cc:2026] No solution exists. MPSolverInterface::result_status_ = MPSOLVER_INFEASIBLE
E0000 00:00:1785705556.930419  451613 linear_solver.cc:2026] No solution exists. MPSolverInterface::result_status_ = MPSOLVER_INFEASIBLE
E0000 00:00:1785705556.989642  451613 linear_solver.cc:2026] No solution exists. MPSolverInterface::result_status_ = MPSOLVER_INFEASIBLE
E0000 00:00:1785705557.048274  451613 linear_solver.cc:2026] No solution exists. MPSolverInterface::result_status_ = MPSOLVER_INFEASIBLE
E0000 00:00:1785705557.107575  451613 linear_solver.cc:2026] No solution exists. MPSolverInterface::result_status_ = MPSOLVER_INFEASIBLE
E0000 00:00:1785705557.167609  451613 linear_solver.cc:2026] No solution exists. MPSolverInterface::result_status_ = MPSOLVER_INFEASIBLE
E0000 00:00:1785705557.227165  451613 linear_solver.cc:2026] No solution exists. MPSolverInterface::result_status_ = MPSOLVER_INFEASIBLE
E0000 00:00:1785705557.287604  451613 linear_solver.cc:2026] No solution exists. MPSolverInterface::result_status_ = MPSOLVER_INFEASIBLE
E0000 00:00:1785705557.994767  451613 linear_solver.cc:2026] No solution exists. MPSolverInterface::result_status_ = MPSOLVER_INFEASIBLE
E0000 00:00:1785705558.043386  451613 linear_solver.cc:2026] No solution exists. MPSolverInterface::result_status_ = MPSOLVER_INFEASIBLE
E0000 00:00:1785705558.092347  451613 linear_solver.cc:2026] No solution exists. MPSolverInterface::result_status_ = MPSOLVER_INFEASIBLE
E0000 00:00:1785705558.141402  451613 linear_solver.cc:2026] No solution exists. MPSolverInterface::result_status_ = MPSOLVER_INFEASIBLE
E0000 00:00:1785705558.189590  451613 linear_solver.cc:2026] No solution exists. MPSolverInterface::result_status_ = MPSOLVER_INFEASIBLE
E0000 00:00:1785705558.237861  451613 linear_solver.cc:2026] No solution exists. MPSolverInterface::result_status_ = MPSOLVER_INFEASIBLE
E0000 00:00:1785705558.286968  451613 linear_solver.cc:2026] No solution exists. MPSolverInterface::result_status_ = MPSOLVER_INFEASIBLE
E0000 00:00:1785705558.335647  451613 linear_solver.cc:2026] No solution exists. MPSolverInterface::result_status_ = MPSOLVER_INFEASIBLE
E0000 00:00:1785705563.217051  451613 linear_solver.cc:2026] No solution exists. MPSolverInterface::result_status_ = MPSOLVER_INFEASIBLE
E0000 00:00:1785705563.297387  451613 linear_solver.cc:2026] No solution exists. MPSolverInterface::result_status_ = MPSOLVER_INFEASIBLE
E0000 00:00:1785705575.421278  451613 linear_solver.cc:2026] No solution exists. MPSolverInterface::result_status_ = MPSOLVER_INFEASIBLE
E0000 00:00:1785705575.489982  451613 linear_solver.cc:2026] No solution exists. MPSolverInterface::result_status_ = MPSOLVER_INFEASIBLE
E0000 00:00:1785705580.169349  451613 linear_solver.cc:2026] No solution exists. MPSolverInterface::result_status_ = MPSOLVER_INFEASIBLE
E0000 00:00:1785705580.218919  451613 linear_solver.cc:2026] No solution exists. MPSolverInterface::result_status_ = MPSOLVER_INFEASIBLE
E0000 00:00:1785705583.784091  451613 linear_solver.cc:2026] No solution exists. MPSolverInterface::result_status_ = MPSOLVER_INFEASIBLE
E0000 00:00:1785705583.825192  451613 linear_solver.cc:2026] No solution exists. MPSolverInterface::result_status_ = MPSOLVER_INFEASIBLE
E0000 00:00:1785705585.890339  451613 linear_solver.cc:2026] No solution exists. MPSolverInterface::result_status_ = MPSOLVER_INFEASIBLE
E0000 00:00:1785705585.917461  451613 linear_solver.cc:2026] No solution exists. MPSolverInterface::result_status_ = MPSOLVER_INFEASIBLE
E0000 00:00:1785705587.445555  451613 linear_solver.cc:2026] No solution exists. MPSolverInterface::result_status_ = MPSOLVER_INFEASIBLE
E0000 00:00:1785705587.473401  451613 linear_solver.cc:2026] No solution exists. MPSolverInterface::result_status_ = MPSOLVER_INFEASIBLE
E0000 00:00:1785705588.827510  451613 linear_solver.cc:2026] No solution exists. MPSolverInterface::result_status_ = MPSOLVER_INFEASIBLE
E0000 00:00:1785705588.852541  451613 linear_solver.cc:2026] No solution exists. MPSolverInterface::result_status_ = MPSOLVER_INFEASIBLE
E0000 00:00:1785705590.192216  451613 linear_solver.cc:2026] No solution exists. MPSolverInterface::result_status_ = MPSOLVER_INFEASIBLE
E0000 00:00:1785705590.217271  451613 linear_solver.cc:2026] No solution exists. MPSolverInterface::result_status_ = MPSOLVER_INFEASIBLE
E0000 00:00:1785705592.955529  451613 linear_solver.cc:2026] No solution exists. MPSolverInterface::result_status_ = MPSOLVER_INFEASIBLE
E0000 00:00:1785705592.998288  451613 linear_solver.cc:2026] No solution exists. MPSolverInterface::result_status_ = MPSOLVER_INFEASIBLE
E0000 00:00:1785705593.041684  451613 linear_solver.cc:2026] No solution exists. MPSolverInterface::result_status_ = MPSOLVER_INFEASIBLE
E0000 00:00:1785705593.084687  451613 linear_solver.cc:2026] No solution exists. MPSolverInterface::result_status_ = MPSOLVER_INFEASIBLE
E0000 00:00:1785705593.129087  451613 linear_solver.cc:2026] No solution exists. MPSolverInterface::result_status_ = MPSOLVER_INFEASIBLE
E0000 00:00:1785705593.171921  451613 linear_solver.cc:2026] No solution exists. MPSolverInterface::result_status_ = MPSOLVER_INFEASIBLE
E0000 00:00:1785705593.214967  451613 linear_solver.cc:2026] No solution exists. MPSolverInterface::result_status_ = MPSOLVER_INFEASIBLE
E0000 00:00:1785705593.257908  451613 linear_solver.cc:2026] No solution exists. MPSolverInterface::result_status_ = MPSOLVER_INFEASIBLE
E0000 00:00:1785705594.568194  451613 linear_solver.cc:2026] No solution exists. MPSolverInterface::result_status_ = MPSOLVER_INFEASIBLE
E0000 00:00:1785705594.630185  451613 linear_solver.cc:2026] No solution exists. MPSolverInterface::result_status_ = MPSOLVER_INFEASIBLE
E0000 00:00:1785705594.692256  451613 linear_solver.cc:2026] No solution exists. MPSolverInterface::result_status_ = MPSOLVER_INFEASIBLE
E0000 00:00:1785705594.753148  451613 linear_solver.cc:2026] No solution exists. MPSolverInterface::result_status_ = MPSOLVER_INFEASIBLE
E0000 00:00:1785705594.814606  451613 linear_solver.cc:2026] No solution exists. MPSolverInterface::result_status_ = MPSOLVER_INFEASIBLE
E0000 00:00:1785705596.626559  451613 linear_solver.cc:2026] No solution exists. MPSolverInterface::result_status_ = MPSOLVER_INFEASIBLE
E0000 00:00:1785705596.686856  451613 linear_solver.cc:2026] No solution exists. MPSolverInterface::result_status_ = MPSOLVER_INFEASIBLE
E0000 00:00:1785705596.748254  451613 linear_solver.cc:2026] No solution exists. MPSolverInterface::result_status_ = MPSOLVER_INFEASIBLE
E0000 00:00:1785705596.806999  451613 linear_solver.cc:2026] No solution exists. MPSolverInterface::result_status_ = MPSOLVER_INFEASIBLE
E0000 00:00:1785705596.866744  451613 linear_solver.cc:2026] No solution exists. MPSolverInterface::result_status_ = MPSOLVER_INFEASIBLE
E0000 00:00:1785705607.373798  451613 linear_solver.cc:2026] No solution exists. MPSolverInterface::result_status_ = MPSOLVER_INFEASIBLE
E0000 00:00:1785705607.385298  451613 linear_solver.cc:2026] No solution exists. MPSolverInterface::result_status_ = MPSOLVER_INFEASIBLE
E0000 00:00:1785705608.827225  451613 linear_solver.cc:2026] No solution exists. MPSolverInterface::result_status_ = MPSOLVER_INFEASIBLE
E0000 00:00:1785705608.880783  451613 linear_solver.cc:2026] No solution exists. MPSolverInterface::result_status_ = MPSOLVER_INFEASIBLE
E0000 00:00:1785705608.935218  451613 linear_solver.cc:2026] No solution exists. MPSolverInterface::result_status_ = MPSOLVER_INFEASIBLE
E0000 00:00:1785705608.991701  451613 linear_solver.cc:2026] No solution exists. MPSolverInterface::result_status_ = MPSOLVER_INFEASIBLE
E0000 00:00:1785705609.045643  451613 linear_solver.cc:2026] No solution exists. MPSolverInterface::result_status_ = MPSOLVER_INFEASIBLE
E0000 00:00:1785705609.100247  451613 linear_solver.cc:2026] No solution exists. MPSolverInterface::result_status_ = MPSOLVER_INFEASIBLE
E0000 00:00:1785705609.155228  451613 linear_solver.cc:2026] No solution exists. MPSolverInterface::result_status_ = MPSOLVER_INFEASIBLE
E0000 00:00:1785705609.209305  451613 linear_solver.cc:2026] No solution exists. MPSolverInterface::result_status_ = MPSOLVER_INFEASIBLE
E0000 00:00:1785705609.779110  451613 linear_solver.cc:2026] No solution exists. MPSolverInterface::result_status_ = MPSOLVER_INFEASIBLE
E0000 00:00:1785705609.794539  451613 linear_solver.cc:2026] No solution exists. MPSolverInterface::result_status_ = MPSOLVER_INFEASIBLE
E0000 00:00:1785705610.241000  451613 linear_solver.cc:2026] No solution exists. MPSolverInterface::result_status_ = MPSOLVER_INFEASIBLE
E0000 00:00:1785705610.292942  451613 linear_solver.cc:2026] No solution exists. MPSolverInterface::result_status_ = MPSOLVER_INFEASIBLE
E0000 00:00:1785705610.344625  451613 linear_solver.cc:2026] No solution exists. MPSolverInterface::result_status_ = MPSOLVER_INFEASIBLE
E0000 00:00:1785705610.395750  451613 linear_solver.cc:2026] No solution exists. MPSolverInterface::result_status_ = MPSOLVER_INFEASIBLE
E0000 00:00:1785705610.446022  451613 linear_solver.cc:2026] No solution exists. MPSolverInterface::result_status_ = MPSOLVER_INFEASIBLE
E0000 00:00:1785705610.497326  451613 linear_solver.cc:2026] No solution exists. MPSolverInterface::result_status_ = MPSOLVER_INFEASIBLE
E0000 00:00:1785705610.546646  451613 linear_solver.cc:2026] No solution exists. MPSolverInterface::result_status_ = MPSOLVER_INFEASIBLE
E0000 00:00:1785705610.599887  451613 linear_solver.cc:2026] No solution exists. MPSolverInterface::result_status_ = MPSOLVER_INFEASIBLE
E0000 00:00:1785705611.735171  451613 linear_solver.cc:2026] No solution exists. MPSolverInterface::result_status_ = MPSOLVER_INFEASIBLE
E0000 00:00:1785705611.758991  451613 linear_solver.cc:2026] No solution exists. MPSolverInterface::result_status_ = MPSOLVER_INFEASIBLE
E0000 00:00:1785705618.848008  451613 linear_solver.cc:2026] No solution exists. MPSolverInterface::result_status_ = MPSOLVER_INFEASIBLE
E0000 00:00:1785705618.890985  451613 linear_solver.cc:2026] No solution exists. MPSolverInterface::result_status_ = MPSOLVER_INFEASIBLE
E0000 00:00:1785705618.934209  451613 linear_solver.cc:2026] No solution exists. MPSolverInterface::result_status_ = MPSOLVER_INFEASIBLE
E0000 00:00:1785705618.977327  451613 linear_solver.cc:2026] No solution exists. MPSolverInterface::result_status_ = MPSOLVER_INFEASIBLE
E0000 00:00:1785705619.020241  451613 linear_solver.cc:2026] No solution exists. MPSolverInterface::result_status_ = MPSOLVER_INFEASIBLE
E0000 00:00:1785705619.063568  451613 linear_solver.cc:2026] No solution exists. MPSolverInterface::result_status_ = MPSOLVER_INFEASIBLE
E0000 00:00:1785705619.107019  451613 linear_solver.cc:2026] No solution exists. MPSolverInterface::result_status_ = MPSOLVER_INFEASIBLE
E0000 00:00:1785705619.150108  451613 linear_solver.cc:2026] No solution exists. MPSolverInterface::result_status_ = MPSOLVER_INFEASIBLE
E0000 00:00:1785705620.339589  451613 linear_solver.cc:2026] No solution exists. MPSolverInterface::result_status_ = MPSOLVER_INFEASIBLE
E0000 00:00:1785705620.368258  451613 linear_solver.cc:2026] No solution exists. MPSolverInterface::result_status_ = MPSOLVER_INFEASIBLE
E0000 00:00:1785705620.422491  451613 linear_solver.cc:2026] No solution exists. MPSolverInterface::result_status_ = MPSOLVER_INFEASIBLE
E0000 00:00:1785705620.489551  451613 linear_solver.cc:2026] No solution exists. MPSolverInterface::result_status_ = MPSOLVER_INFEASIBLE
E0000 00:00:1785705620.542707  451613 linear_solver.cc:2026] No solution exists. MPSolverInterface::result_status_ = MPSOLVER_INFEASIBLE
E0000 00:00:1785705620.596517  451613 linear_solver.cc:2026] No solution exists. MPSolverInterface::result_status_ = MPSOLVER_INFEASIBLE
E0000 00:00:1785705620.650494  451613 linear_solver.cc:2026] No solution exists. MPSolverInterface::result_status_ = MPSOLVER_INFEASIBLE
E0000 00:00:1785705620.717915  451613 linear_solver.cc:2026] No solution exists. MPSolverInterface::result_status_ = MPSOLVER_INFEASIBLE
E0000 00:00:1785705622.645960  451613 linear_solver.cc:2026] No solution exists. MPSolverInterface::result_status_ = MPSOLVER_INFEASIBLE
E0000 00:00:1785705622.687522  451613 linear_solver.cc:2026] No solution exists. MPSolverInterface::result_status_ = MPSOLVER_INFEASIBLE
E0000 00:00:1785705624.594679  451613 linear_solver.cc:2026] No solution exists. MPSolverInterface::result_status_ = MPSOLVER_INFEASIBLE
E0000 00:00:1785705624.657935  451613 linear_solver.cc:2026] No solution exists. MPSolverInterface::result_status_ = MPSOLVER_INFEASIBLE
E0000 00:00:1785705624.729946  451613 linear_solver.cc:2026] No solution exists. MPSolverInterface::result_status_ = MPSOLVER_INFEASIBLE
E0000 00:00:1785705624.789694  451613 linear_solver.cc:2026] No solution exists. MPSolverInterface::result_status_ = MPSOLVER_INFEASIBLE
E0000 00:00:1785705624.850280  451613 linear_solver.cc:2026] No solution exists. MPSolverInterface::result_status_ = MPSOLVER_INFEASIBLE
E0000 00:00:1785705628.612930  451613 linear_solver.cc:2026] No solution exists. MPSolverInterface::result_status_ = MPSOLVER_INFEASIBLE
E0000 00:00:1785705628.661951  451613 linear_solver.cc:2026] No solution exists. MPSolverInterface::result_status_ = MPSOLVER_INFEASIBLE
E0000 00:00:1785705628.713356  451613 linear_solver.cc:2026] No solution exists. MPSolverInterface::result_status_ = MPSOLVER_INFEASIBLE
E0000 00:00:1785705628.765223  451613 linear_solver.cc:2026] No solution exists. MPSolverInterface::result_status_ = MPSOLVER_INFEASIBLE
E0000 00:00:1785705628.815988  451613 linear_solver.cc:2026] No solution exists. MPSolverInterface::result_status_ = MPSOLVER_INFEASIBLE
E0000 00:00:1785705628.866160  451613 linear_solver.cc:2026] No solution exists. MPSolverInterface::result_status_ = MPSOLVER_INFEASIBLE
E0000 00:00:1785705628.916242  451613 linear_solver.cc:2026] No solution exists. MPSolverInterface::result_status_ = MPSOLVER_INFEASIBLE
E0000 00:00:1785705628.969663  451613 linear_solver.cc:2026] No solution exists. MPSolverInterface::result_status_ = MPSOLVER_INFEASIBLE
E0000 00:00:1785705634.207593  451613 linear_solver.cc:2026] No solution exists. MPSolverInterface::result_status_ = MPSOLVER_INFEASIBLE
E0000 00:00:1785705634.284634  451613 linear_solver.cc:2026] No solution exists. MPSolverInterface::result_status_ = MPSOLVER_INFEASIBLE
E0000 00:00:1785705634.364311  451613 linear_solver.cc:2026] No solution exists. MPSolverInterface::result_status_ = MPSOLVER_INFEASIBLE
E0000 00:00:1785705647.459144  451613 linear_solver.cc:2026] No solution exists. MPSolverInterface::result_status_ = MPSOLVER_INFEASIBLE
E0000 00:00:1785705647.551773  451613 linear_solver.cc:2026] No solution exists. MPSolverInterface::result_status_ = MPSOLVER_INFEASIBLE
E0000 00:00:1785705667.436680  451613 linear_solver.cc:2026] No solution exists. MPSolverInterface::result_status_ = MPSOLVER_INFEASIBLE
E0000 00:00:1785705667.535129  451613 linear_solver.cc:2026] No solution exists. MPSolverInterface::result_status_ = MPSOLVER_INFEASIBLE
E0000 00:00:1785705680.458156  451613 linear_solver.cc:2026] No solution exists. MPSolverInterface::result_status_ = MPSOLVER_INFEASIBLE
E0000 00:00:1785705680.510997  451613 linear_solver.cc:2026] No solution exists. MPSolverInterface::result_status_ = MPSOLVER_INFEASIBLE
E0000 00:00:1785705691.794670  451613 linear_solver.cc:2026] No solution exists. MPSolverInterface::result_status_ = MPSOLVER_INFEASIBLE
E0000 00:00:1785705691.873098  451613 linear_solver.cc:2026] No solution exists. MPSolverInterface::result_status_ = MPSOLVER_INFEASIBLE
E0000 00:00:1785705703.060307  451613 linear_solver.cc:2026] No solution exists. MPSolverInterface::result_status_ = MPSOLVER_INFEASIBLE
E0000 00:00:1785705703.106437  451613 linear_solver.cc:2026] No solution exists. MPSolverInterface::result_status_ = MPSOLVER_INFEASIBLE
E0000 00:00:1785705703.152289  451613 linear_solver.cc:2026] No solution exists. MPSolverInterface::result_status_ = MPSOLVER_INFEASIBLE
E0000 00:00:1785705703.199022  451613 linear_solver.cc:2026] No solution exists. MPSolverInterface::result_status_ = MPSOLVER_INFEASIBLE
E0000 00:00:1785705703.244534  451613 linear_solver.cc:2026] No solution exists. MPSolverInterface::result_status_ = MPSOLVER_INFEASIBLE
E0000 00:00:1785705703.291978  451613 linear_solver.cc:2026] No solution exists. MPSolverInterface::result_status_ = MPSOLVER_INFEASIBLE
E0000 00:00:1785705703.337895  451613 linear_solver.cc:2026] No solution exists. MPSolverInterface::result_status_ = MPSOLVER_INFEASIBLE
E0000 00:00:1785705703.383861  451613 linear_solver.cc:2026] No solution exists. MPSolverInterface::result_status_ = MPSOLVER_INFEASIBLE
E0000 00:00:1785705705.209468  451613 linear_solver.cc:2026] No solution exists. MPSolverInterface::result_status_ = MPSOLVER_INFEASIBLE
E0000 00:00:1785705705.264520  451613 linear_solver.cc:2026] No solution exists. MPSolverInterface::result_status_ = MPSOLVER_INFEASIBLE
E0000 00:00:1785705710.404670  451613 linear_solver.cc:2026] No solution exists. MPSolverInterface::result_status_ = MPSOLVER_INFEASIBLE
E0000 00:00:1785705710.458751  451613 linear_solver.cc:2026] No solution exists. MPSolverInterface::result_status_ = MPSOLVER_INFEASIBLE
E0000 00:00:1785705717.197584  451613 linear_solver.cc:2026] No solution exists. MPSolverInterface::result_status_ = MPSOLVER_INFEASIBLE
E0000 00:00:1785705717.211879  451613 linear_solver.cc:2026] No solution exists. MPSolverInterface::result_status_ = MPSOLVER_INFEASIBLE
E0000 00:00:1785705717.563712  451613 linear_solver.cc:2026] No solution exists. MPSolverInterface::result_status_ = MPSOLVER_INFEASIBLE
E0000 00:00:1785705717.603614  451613 linear_solver.cc:2026] No solution exists. MPSolverInterface::result_status_ = MPSOLVER_INFEASIBLE
E0000 00:00:1785705717.642844  451613 linear_solver.cc:2026] No solution exists. MPSolverInterface::result_status_ = MPSOLVER_INFEASIBLE
E0000 00:00:1785705717.681820  451613 linear_solver.cc:2026] No solution exists. MPSolverInterface::result_status_ = MPSOLVER_INFEASIBLE
E0000 00:00:1785705717.720092  451613 linear_solver.cc:2026] No solution exists. MPSolverInterface::result_status_ = MPSOLVER_INFEASIBLE
E0000 00:00:1785705717.758802  451613 linear_solver.cc:2026] No solution exists. MPSolverInterface::result_status_ = MPSOLVER_INFEASIBLE
E0000 00:00:1785705717.796902  451613 linear_solver.cc:2026] No solution exists. MPSolverInterface::result_status_ = MPSOLVER_INFEASIBLE
E0000 00:00:1785705717.835640  451613 linear_solver.cc:2026] No solution exists. MPSolverInterface::result_status_ = MPSOLVER_INFEASIBLE
E0000 00:00:1785705720.295227  451613 linear_solver.cc:2026] No solution exists. MPSolverInterface::result_status_ = MPSOLVER_INFEASIBLE
E0000 00:00:1785705720.349448  451613 linear_solver.cc:2026] No solution exists. MPSolverInterface::result_status_ = MPSOLVER_INFEASIBLE
E0000 00:00:1785705722.128040  451613 linear_solver.cc:2026] No solution exists. MPSolverInterface::result_status_ = MPSOLVER_INFEASIBLE
E0000 00:00:1785705722.168625  451613 linear_solver.cc:2026] No solution exists. MPSolverInterface::result_status_ = MPSOLVER_INFEASIBLE
E0000 00:00:1785705722.209455  451613 linear_solver.cc:2026] No solution exists. MPSolverInterface::result_status_ = MPSOLVER_INFEASIBLE
E0000 00:00:1785705722.251122  451613 linear_solver.cc:2026] No solution exists. MPSolverInterface::result_status_ = MPSOLVER_INFEASIBLE
E0000 00:00:1785705722.292302  451613 linear_solver.cc:2026] No solution exists. MPSolverInterface::result_status_ = MPSOLVER_INFEASIBLE
E0000 00:00:1785705722.333880  451613 linear_solver.cc:2026] No solution exists. MPSolverInterface::result_status_ = MPSOLVER_INFEASIBLE
E0000 00:00:1785705722.374917  451613 linear_solver.cc:2026] No solution exists. MPSolverInterface::result_status_ = MPSOLVER_INFEASIBLE
E0000 00:00:1785705722.418183  451613 linear_solver.cc:2026] No solution exists. MPSolverInterface::result_status_ = MPSOLVER_INFEASIBLE
E0000 00:00:1785705723.285087  451613 linear_solver.cc:2026] No solution exists. MPSolverInterface::result_status_ = MPSOLVER_INFEASIBLE
E0000 00:00:1785705723.297718  451613 linear_solver.cc:2026] No solution exists. MPSolverInterface::result_status_ = MPSOLVER_INFEASIBLE
E0000 00:00:1785705727.091813  451613 linear_solver.cc:2026] No solution exists. MPSolverInterface::result_status_ = MPSOLVER_INFEASIBLE
E0000 00:00:1785705727.156602  451613 linear_solver.cc:2026] No solution exists. MPSolverInterface::result_status_ = MPSOLVER_INFEASIBLE
E0000 00:00:1785705727.224588  451613 linear_solver.cc:2026] No solution exists. MPSolverInterface::result_status_ = MPSOLVER_INFEASIBLE
E0000 00:00:1785705731.580540  451613 linear_solver.cc:2026] No solution exists. MPSolverInterface::result_status_ = MPSOLVER_INFEASIBLE
E0000 00:00:1785705731.661155  451613 linear_solver.cc:2026] No solution exists. MPSolverInterface::result_status_ = MPSOLVER_INFEASIBLE
E0000 00:00:1785705731.740890  451613 linear_solver.cc:2026] No solution exists. MPSolverInterface::result_status_ = MPSOLVER_INFEASIBLE
E0000 00:00:1785705731.836366  451613 linear_solver.cc:2026] No solution exists. MPSolverInterface::result_status_ = MPSOLVER_INFEASIBLE
E0000 00:00:1785705731.912472  451613 linear_solver.cc:2026] No solution exists. MPSolverInterface::result_status_ = MPSOLVER_INFEASIBLE
E0000 00:00:1785705732.007528  451613 linear_solver.cc:2026] No solution exists. MPSolverInterface::result_status_ = MPSOLVER_INFEASIBLE
E0000 00:00:1785705732.096254  451613 linear_solver.cc:2026] No solution exists. MPSolverInterface::result_status_ = MPSOLVER_INFEASIBLE
E0000 00:00:1785705732.178909  451613 linear_solver.cc:2026] No solution exists. MPSolverInterface::result_status_ = MPSOLVER_INFEASIBLE
E0000 00:00:1785705737.538503  451613 linear_solver.cc:2026] No solution exists. MPSolverInterface::result_status_ = MPSOLVER_INFEASIBLE
E0000 00:00:1785705737.625789  451613 linear_solver.cc:2026] No solution exists. MPSolverInterface::result_status_ = MPSOLVER_INFEASIBLE
E0000 00:00:1785705737.725625  451613 linear_solver.cc:2026] No solution exists. MPSolverInterface::result_status_ = MPSOLVER_INFEASIBLE
E0000 00:00:1785705737.814185  451613 linear_solver.cc:2026] No solution exists. MPSolverInterface::result_status_ = MPSOLVER_INFEASIBLE
E0000 00:00:1785705737.919279  451613 linear_solver.cc:2026] No solution exists. MPSolverInterface::result_status_ = MPSOLVER_INFEASIBLE
E0000 00:00:1785705738.005942  451613 linear_solver.cc:2026] No solution exists. MPSolverInterface::result_status_ = MPSOLVER_INFEASIBLE
E0000 00:00:1785705738.112945  451613 linear_solver.cc:2026] No solution exists. MPSolverInterface::result_status_ = MPSOLVER_INFEASIBLE
E0000 00:00:1785705747.740002  451613 linear_solver.cc:2026] No solution exists. MPSolverInterface::result_status_ = MPSOLVER_INFEASIBLE
E0000 00:00:1785705747.767065  451613 linear_solver.cc:2026] No solution exists. MPSolverInterface::result_status_ = MPSOLVER_INFEASIBLE
E0000 00:00:1785705747.793632  451613 linear_solver.cc:2026] No solution exists. MPSolverInterface::result_status_ = MPSOLVER_INFEASIBLE
E0000 00:00:1785705747.820237  451613 linear_solver.cc:2026] No solution exists. MPSolverInterface::result_status_ = MPSOLVER_INFEASIBLE
E0000 00:00:1785705747.846922  451613 linear_solver.cc:2026] No solution exists. MPSolverInterface::result_status_ = MPSOLVER_INFEASIBLE
E0000 00:00:1785705747.873581  451613 linear_solver.cc:2026] No solution exists. MPSolverInterface::result_status_ = MPSOLVER_INFEASIBLE
E0000 00:00:1785705747.892148  451613 linear_solver.cc:2026] No solution exists. MPSolverInterface::result_status_ = MPSOLVER_INFEASIBLE
E0000 00:00:1785705747.918206  451613 linear_solver.cc:2026] No solution exists. MPSolverInterface::result_status_ = MPSOLVER_INFEASIBLE
E0000 00:00:1785705748.223445  451613 linear_solver.cc:2026] No solution exists. MPSolverInterface::result_status_ = MPSOLVER_INFEASIBLE
E0000 00:00:1785705748.249992  451613 linear_solver.cc:2026] No solution exists. MPSolverInterface::result_status_ = MPSOLVER_INFEASIBLE
E0000 00:00:1785705748.276487  451613 linear_solver.cc:2026] No solution exists. MPSolverInterface::result_status_ = MPSOLVER_INFEASIBLE
E0000 00:00:1785705748.303135  451613 linear_solver.cc:2026] No solution exists. MPSolverInterface::result_status_ = MPSOLVER_INFEASIBLE
E0000 00:00:1785705748.330012  451613 linear_solver.cc:2026] No solution exists. MPSolverInterface::result_status_ = MPSOLVER_INFEASIBLE
E0000 00:00:1785705748.356213  451613 linear_solver.cc:2026] No solution exists. MPSolverInterface::result_status_ = MPSOLVER_INFEASIBLE
E0000 00:00:1785705748.382402  451613 linear_solver.cc:2026] No solution exists. MPSolverInterface::result_status_ = MPSOLVER_INFEASIBLE
E0000 00:00:1785705748.395540  451613 linear_solver.cc:2026] No solution exists. MPSolverInterface::result_status_ = MPSOLVER_INFEASIBLE
E0000 00:00:1785705749.879854  451613 linear_solver.cc:2026] No solution exists. MPSolverInterface::result_status_ = MPSOLVER_INFEASIBLE
E0000 00:00:1785705749.983069  451613 linear_solver.cc:2026] No solution exists. MPSolverInterface::result_status_ = MPSOLVER_INFEASIBLE
E0000 00:00:1785705751.477772  451613 linear_solver.cc:2026] No solution exists. MPSolverInterface::result_status_ = MPSOLVER_INFEASIBLE
E0000 00:00:1785705751.582118  451613 linear_solver.cc:2026] No solution exists. MPSolverInterface::result_status_ = MPSOLVER_INFEASIBLE
E0000 00:00:1785705751.686173  451613 linear_solver.cc:2026] No solution exists. MPSolverInterface::result_status_ = MPSOLVER_INFEASIBLE
E0000 00:00:1785705751.789714  451613 linear_solver.cc:2026] No solution exists. MPSolverInterface::result_status_ = MPSOLVER_INFEASIBLE
E0000 00:00:1785705751.893276  451613 linear_solver.cc:2026] No solution exists. MPSolverInterface::result_status_ = MPSOLVER_INFEASIBLE
E0000 00:00:1785705751.985699  451613 linear_solver.cc:2026] No solution exists. MPSolverInterface::result_status_ = MPSOLVER_INFEASIBLE
E0000 00:00:1785705752.095762  451613 linear_solver.cc:2026] No solution exists. MPSolverInterface::result_status_ = MPSOLVER_INFEASIBLE
E0000 00:00:1785705752.208222  451613 linear_solver.cc:2026] No solution exists. MPSolverInterface::result_status_ = MPSOLVER_INFEASIBLE
E0000 00:00:1785705758.516036  451613 linear_solver.cc:2026] No solution exists. MPSolverInterface::result_status_ = MPSOLVER_INFEASIBLE
E0000 00:00:1785705758.559933  451613 linear_solver.cc:2026] No solution exists. MPSolverInterface::result_status_ = MPSOLVER_INFEASIBLE
E0000 00:00:1785705759.848806  451613 linear_solver.cc:2026] No solution exists. MPSolverInterface::result_status_ = MPSOLVER_INFEASIBLE
E0000 00:00:1785705759.880681  451613 linear_solver.cc:2026] No solution exists. MPSolverInterface::result_status_ = MPSOLVER_INFEASIBLE
E0000 00:00:1785705759.912989  451613 linear_solver.cc:2026] No solution exists. MPSolverInterface::result_status_ = MPSOLVER_INFEASIBLE
E0000 00:00:1785705759.945378  451613 linear_solver.cc:2026] No solution exists. MPSolverInterface::result_status_ = MPSOLVER_INFEASIBLE
E0000 00:00:1785705759.977657  451613 linear_solver.cc:2026] No solution exists. MPSolverInterface::result_status_ = MPSOLVER_INFEASIBLE
E0000 00:00:1785705760.011406  451613 linear_solver.cc:2026] No solution exists. MPSolverInterface::result_status_ = MPSOLVER_INFEASIBLE
E0000 00:00:1785705760.043097  451613 linear_solver.cc:2026] No solution exists. MPSolverInterface::result_status_ = MPSOLVER_INFEASIBLE
E0000 00:00:1785705760.075172  451613 linear_solver.cc:2026] No solution exists. MPSolverInterface::result_status_ = MPSOLVER_INFEASIBLE
E0000 00:00:1785705782.345115  451613 linear_solver.cc:2026] No solution exists. MPSolverInterface::result_status_ = MPSOLVER_INFEASIBLE
E0000 00:00:1785705782.414222  451613 linear_solver.cc:2026] No solution exists. MPSolverInterface::result_status_ = MPSOLVER_INFEASIBLE
E0000 00:00:1785705794.751269  451613 linear_solver.cc:2026] No solution exists. MPSolverInterface::result_status_ = MPSOLVER_INFEASIBLE
E0000 00:00:1785705794.780162  451613 linear_solver.cc:2026] No solution exists. MPSolverInterface::result_status_ = MPSOLVER_INFEASIBLE
E0000 00:00:1785705795.812288  451613 linear_solver.cc:2026] No solution exists. MPSolverInterface::result_status_ = MPSOLVER_INFEASIBLE
E0000 00:00:1785705795.860273  451613 linear_solver.cc:2026] No solution exists. MPSolverInterface::result_status_ = MPSOLVER_INFEASIBLE
E0000 00:00:1785705795.908245  451613 linear_solver.cc:2026] No solution exists. MPSolverInterface::result_status_ = MPSOLVER_INFEASIBLE
E0000 00:00:1785705795.956070  451613 linear_solver.cc:2026] No solution exists. MPSolverInterface::result_status_ = MPSOLVER_INFEASIBLE
E0000 00:00:1785705796.003761  451613 linear_solver.cc:2026] No solution exists. MPSolverInterface::result_status_ = MPSOLVER_INFEASIBLE
E0000 00:00:1785705796.051278  451613 linear_solver.cc:2026] No solution exists. MPSolverInterface::result_status_ = MPSOLVER_INFEASIBLE
E0000 00:00:1785705796.098585  451613 linear_solver.cc:2026] No solution exists. MPSolverInterface::result_status_ = MPSOLVER_INFEASIBLE
E0000 00:00:1785705796.146678  451613 linear_solver.cc:2026] No solution exists. MPSolverInterface::result_status_ = MPSOLVER_INFEASIBLE
E0000 00:00:1785705800.973504  451613 linear_solver.cc:2026] No solution exists. MPSolverInterface::result_status_ = MPSOLVER_INFEASIBLE
E0000 00:00:1785705801.017618  451613 linear_solver.cc:2026] No solution exists. MPSolverInterface::result_status_ = MPSOLVER_INFEASIBLE
E0000 00:00:1785705813.967894  451613 linear_solver.cc:2026] No solution exists. MPSolverInterface::result_status_ = MPSOLVER_INFEASIBLE
E0000 00:00:1785705814.036679  451613 linear_solver.cc:2026] No solution exists. MPSolverInterface::result_status_ = MPSOLVER_INFEASIBLE
E0000 00:00:1785705825.339717  451613 linear_solver.cc:2026] No solution exists. MPSolverInterface::result_status_ = MPSOLVER_INFEASIBLE
E0000 00:00:1785705825.394769  451613 linear_solver.cc:2026] No solution exists. MPSolverInterface::result_status_ = MPSOLVER_INFEASIBLE
E0000 00:00:1785705825.449864  451613 linear_solver.cc:2026] No solution exists. MPSolverInterface::result_status_ = MPSOLVER_INFEASIBLE
E0000 00:00:1785705825.504631  451613 linear_solver.cc:2026] No solution exists. MPSolverInterface::result_status_ = MPSOLVER_INFEASIBLE
E0000 00:00:1785705825.560995  451613 linear_solver.cc:2026] No solution exists. MPSolverInterface::result_status_ = MPSOLVER_INFEASIBLE
E0000 00:00:1785705825.616880  451613 linear_solver.cc:2026] No solution exists. MPSolverInterface::result_status_ = MPSOLVER_INFEASIBLE
E0000 00:00:1785705825.672912  451613 linear_solver.cc:2026] No solution exists. MPSolverInterface::result_status_ = MPSOLVER_INFEASIBLE
E0000 00:00:1785705825.727270  451613 linear_solver.cc:2026] No solution exists. MPSolverInterface::result_status_ = MPSOLVER_INFEASIBLE
E0000 00:00:1785705829.571076  451613 linear_solver.cc:2026] No solution exists. MPSolverInterface::result_status_ = MPSOLVER_INFEASIBLE
E0000 00:00:1785705829.642734  451613 linear_solver.cc:2026] No solution exists. MPSolverInterface::result_status_ = MPSOLVER_INFEASIBLE
E0000 00:00:1785705829.715202  451613 linear_solver.cc:2026] No solution exists. MPSolverInterface::result_status_ = MPSOLVER_INFEASIBLE
E0000 00:00:1785705829.788001  451613 linear_solver.cc:2026] No solution exists. MPSolverInterface::result_status_ = MPSOLVER_INFEASIBLE
E0000 00:00:1785705831.782802  451613 linear_solver.cc:2026] No solution exists. MPSolverInterface::result_status_ = MPSOLVER_INFEASIBLE
E0000 00:00:1785705831.840642  451613 linear_solver.cc:2026] No solution exists. MPSolverInterface::result_status_ = MPSOLVER_INFEASIBLE
E0000 00:00:1785705831.900486  451613 linear_solver.cc:2026] No solution exists. MPSolverInterface::result_status_ = MPSOLVER_INFEASIBLE
E0000 00:00:1785705831.960542  451613 linear_solver.cc:2026] No solution exists. MPSolverInterface::result_status_ = MPSOLVER_INFEASIBLE
E0000 00:00:1785705832.019174  451613 linear_solver.cc:2026] No solution exists. MPSolverInterface::result_status_ = MPSOLVER_INFEASIBLE
E0000 00:00:1785705832.078634  451613 linear_solver.cc:2026] No solution exists. MPSolverInterface::result_status_ = MPSOLVER_INFEASIBLE
E0000 00:00:1785705832.136743  451613 linear_solver.cc:2026] No solution exists. MPSolverInterface::result_status_ = MPSOLVER_INFEASIBLE
E0000 00:00:1785705832.196954  451613 linear_solver.cc:2026] No solution exists. MPSolverInterface::result_status_ = MPSOLVER_INFEASIBLE
E0000 00:00:1785705834.879172  451613 linear_solver.cc:2026] No solution exists. MPSolverInterface::result_status_ = MPSOLVER_INFEASIBLE
E0000 00:00:1785705834.956608  451613 linear_solver.cc:2026] No solution exists. MPSolverInterface::result_status_ = MPSOLVER_INFEASIBLE
E0000 00:00:1785705835.035240  451613 linear_solver.cc:2026] No solution exists. MPSolverInterface::result_status_ = MPSOLVER_INFEASIBLE
E0000 00:00:1785705835.113205  451613 linear_solver.cc:2026] No solution exists. MPSolverInterface::result_status_ = MPSOLVER_INFEASIBLE
E0000 00:00:1785705835.191202  451613 linear_solver.cc:2026] No solution exists. MPSolverInterface::result_status_ = MPSOLVER_INFEASIBLE
E0000 00:00:1785705838.312358  451613 linear_solver.cc:2026] No solution exists. MPSolverInterface::result_status_ = MPSOLVER_INFEASIBLE
E0000 00:00:1785705838.367586  451613 linear_solver.cc:2026] No solution exists. MPSolverInterface::result_status_ = MPSOLVER_INFEASIBLE
E0000 00:00:1785705838.425633  451613 linear_solver.cc:2026] No solution exists. MPSolverInterface::result_status_ = MPSOLVER_INFEASIBLE
E0000 00:00:1785705838.486223  451613 linear_solver.cc:2026] No solution exists. MPSolverInterface::result_status_ = MPSOLVER_INFEASIBLE
E0000 00:00:1785705838.547194  451613 linear_solver.cc:2026] No solution exists. MPSolverInterface::result_status_ = MPSOLVER_INFEASIBLE
E0000 00:00:1785705838.609738  451613 linear_solver.cc:2026] No solution exists. MPSolverInterface::result_status_ = MPSOLVER_INFEASIBLE
E0000 00:00:1785705838.666787  451613 linear_solver.cc:2026] No solution exists. MPSolverInterface::result_status_ = MPSOLVER_INFEASIBLE
E0000 00:00:1785705838.723473  451613 linear_solver.cc:2026] No solution exists. MPSolverInterface::result_status_ = MPSOLVER_INFEASIBLE
E0000 00:00:1785705848.443317  451613 linear_solver.cc:2026] No solution exists. MPSolverInterface::result_status_ = MPSOLVER_INFEASIBLE
E0000 00:00:1785705848.505011  451613 linear_solver.cc:2026] No solution exists. MPSolverInterface::result_status_ = MPSOLVER_INFEASIBLE
E0000 00:00:1785705851.363392  451613 linear_solver.cc:2026] No solution exists. MPSolverInterface::result_status_ = MPSOLVER_INFEASIBLE
E0000 00:00:1785705851.395998  451613 linear_solver.cc:2026] No solution exists. MPSolverInterface::result_status_ = MPSOLVER_INFEASIBLE
E0000 00:00:1785705854.421976  451613 linear_solver.cc:2026] No solution exists. MPSolverInterface::result_status_ = MPSOLVER_INFEASIBLE
E0000 00:00:1785705854.478205  451613 linear_solver.cc:2026] No solution exists. MPSolverInterface::result_status_ = MPSOLVER_INFEASIBLE
E0000 00:00:1785705859.654630  451613 linear_solver.cc:2026] No solution exists. MPSolverInterface::result_status_ = MPSOLVER_INFEASIBLE
E0000 00:00:1785705859.720257  451613 linear_solver.cc:2026] No solution exists. MPSolverInterface::result_status_ = MPSOLVER_INFEASIBLE
E0000 00:00:1785705859.786802  451613 linear_solver.cc:2026] No solution exists. MPSolverInterface::result_status_ = MPSOLVER_INFEASIBLE
E0000 00:00:1785705859.853029  451613 linear_solver.cc:2026] No solution exists. MPSolverInterface::result_status_ = MPSOLVER_INFEASIBLE
E0000 00:00:1785705859.917710  451613 linear_solver.cc:2026] No solution exists. MPSolverInterface::result_status_ = MPSOLVER_INFEASIBLE
E0000 00:00:1785705859.984032  451613 linear_solver.cc:2026] No solution exists. MPSolverInterface::result_status_ = MPSOLVER_INFEASIBLE
E0000 00:00:1785705860.049026  451613 linear_solver.cc:2026] No solution exists. MPSolverInterface::result_status_ = MPSOLVER_INFEASIBLE
E0000 00:00:1785705860.112929  451613 linear_solver.cc:2026] No solution exists. MPSolverInterface::result_status_ = MPSOLVER_INFEASIBLE
E0000 00:00:1785705871.033848  451613 linear_solver.cc:2026] No solution exists. MPSolverInterface::result_status_ = MPSOLVER_INFEASIBLE
E0000 00:00:1785705871.106974  451613 linear_solver.cc:2026] No solution exists. MPSolverInterface::result_status_ = MPSOLVER_INFEASIBLE
E0000 00:00:1785705873.844631  451613 linear_solver.cc:2026] No solution exists. MPSolverInterface::result_status_ = MPSOLVER_INFEASIBLE
E0000 00:00:1785705873.858036  451613 linear_solver.cc:2026] No solution exists. MPSolverInterface::result_status_ = MPSOLVER_INFEASIBLE
E0000 00:00:1785705874.608224  451613 linear_solver.cc:2026] No solution exists. MPSolverInterface::result_status_ = MPSOLVER_INFEASIBLE
E0000 00:00:1785705874.675936  451613 linear_solver.cc:2026] No solution exists. MPSolverInterface::result_status_ = MPSOLVER_INFEASIBLE
E0000 00:00:1785705874.742575  451613 linear_solver.cc:2026] No solution exists. MPSolverInterface::result_status_ = MPSOLVER_INFEASIBLE
E0000 00:00:1785705874.812691  451613 linear_solver.cc:2026] No solution exists. MPSolverInterface::result_status_ = MPSOLVER_INFEASIBLE
E0000 00:00:1785705874.883583  451613 linear_solver.cc:2026] No solution exists. MPSolverInterface::result_status_ = MPSOLVER_INFEASIBLE
E0000 00:00:1785705874.954141  451613 linear_solver.cc:2026] No solution exists. MPSolverInterface::result_status_ = MPSOLVER_INFEASIBLE
E0000 00:00:1785705875.024924  451613 linear_solver.cc:2026] No solution exists. MPSolverInterface::result_status_ = MPSOLVER_INFEASIBLE
E0000 00:00:1785705875.096505  451613 linear_solver.cc:2026] No solution exists. MPSolverInterface::result_status_ = MPSOLVER_INFEASIBLE
E0000 00:00:1785705878.254156  451613 linear_solver.cc:2026] No solution exists. MPSolverInterface::result_status_ = MPSOLVER_INFEASIBLE
E0000 00:00:1785705878.316174  451613 linear_solver.cc:2026] No solution exists. MPSolverInterface::result_status_ = MPSOLVER_INFEASIBLE
E0000 00:00:1785705878.380937  451613 linear_solver.cc:2026] No solution exists. MPSolverInterface::result_status_ = MPSOLVER_INFEASIBLE
E0000 00:00:1785705878.448402  451613 linear_solver.cc:2026] No solution exists. MPSolverInterface::result_status_ = MPSOLVER_INFEASIBLE
E0000 00:00:1785705878.515728  451613 linear_solver.cc:2026] No solution exists. MPSolverInterface::result_status_ = MPSOLVER_INFEASIBLE
E0000 00:00:1785705878.581964  451613 linear_solver.cc:2026] No solution exists. MPSolverInterface::result_status_ = MPSOLVER_INFEASIBLE
E0000 00:00:1785705878.648265  451613 linear_solver.cc:2026] No solution exists. MPSolverInterface::result_status_ = MPSOLVER_INFEASIBLE
E0000 00:00:1785705878.713935  451613 linear_solver.cc:2026] No solution exists. MPSolverInterface::result_status_ = MPSOLVER_INFEASIBLE
E0000 00:00:1785705886.556964  451613 linear_solver.cc:2026] No solution exists. MPSolverInterface::result_status_ = MPSOLVER_INFEASIBLE
E0000 00:00:1785705886.625799  451613 linear_solver.cc:2026] No solution exists. MPSolverInterface::result_status_ = MPSOLVER_INFEASIBLE
E0000 00:00:1785705886.695809  451613 linear_solver.cc:2026] No solution exists. MPSolverInterface::result_status_ = MPSOLVER_INFEASIBLE
E0000 00:00:1785705894.303823  451613 linear_solver.cc:2026] No solution exists. MPSolverInterface::result_status_ = MPSOLVER_INFEASIBLE
E0000 00:00:1785705894.331301  451613 linear_solver.cc:2026] No solution exists. MPSolverInterface::result_status_ = MPSOLVER_INFEASIBLE
E0000 00:00:1785705895.649791  451613 linear_solver.cc:2026] No solution exists. MPSolverInterface::result_status_ = MPSOLVER_INFEASIBLE
E0000 00:00:1785705895.702873  451613 linear_solver.cc:2026] No solution exists. MPSolverInterface::result_status_ = MPSOLVER_INFEASIBLE
E0000 00:00:1785705895.755608  451613 linear_solver.cc:2026] No solution exists. MPSolverInterface::result_status_ = MPSOLVER_INFEASIBLE
E0000 00:00:1785705895.809568  451613 linear_solver.cc:2026] No solution exists. MPSolverInterface::result_status_ = MPSOLVER_INFEASIBLE
E0000 00:00:1785705895.862743  451613 linear_solver.cc:2026] No solution exists. MPSolverInterface::result_status_ = MPSOLVER_INFEASIBLE
E0000 00:00:1785705895.916528  451613 linear_solver.cc:2026] No solution exists. MPSolverInterface::result_status_ = MPSOLVER_INFEASIBLE
E0000 00:00:1785705895.970311  451613 linear_solver.cc:2026] No solution exists. MPSolverInterface::result_status_ = MPSOLVER_INFEASIBLE
E0000 00:00:1785705896.024403  451613 linear_solver.cc:2026] No solution exists. MPSolverInterface::result_status_ = MPSOLVER_INFEASIBLE
E0000 00:00:1785705896.625044  451613 linear_solver.cc:2026] No solution exists. MPSolverInterface::result_status_ = MPSOLVER_INFEASIBLE
E0000 00:00:1785705896.665397  451613 linear_solver.cc:2026] No solution exists. MPSolverInterface::result_status_ = MPSOLVER_INFEASIBLE
E0000 00:00:1785705896.705628  451613 linear_solver.cc:2026] No solution exists. MPSolverInterface::result_status_ = MPSOLVER_INFEASIBLE
E0000 00:00:1785705896.746658  451613 linear_solver.cc:2026] No solution exists. MPSolverInterface::result_status_ = MPSOLVER_INFEASIBLE
E0000 00:00:1785705896.786712  451613 linear_solver.cc:2026] No solution exists. MPSolverInterface::result_status_ = MPSOLVER_INFEASIBLE
E0000 00:00:1785705896.827837  451613 linear_solver.cc:2026] No solution exists. MPSolverInterface::result_status_ = MPSOLVER_INFEASIBLE
E0000 00:00:1785705896.868515  451613 linear_solver.cc:2026] No solution exists. MPSolverInterface::result_status_ = MPSOLVER_INFEASIBLE
E0000 00:00:1785705896.908205  451613 linear_solver.cc:2026] No solution exists. MPSolverInterface::result_status_ = MPSOLVER_INFEASIBLE
E0000 00:00:1785705897.446572  451613 linear_solver.cc:2026] No solution exists. MPSolverInterface::result_status_ = MPSOLVER_INFEASIBLE
E0000 00:00:1785705897.522684  451613 linear_solver.cc:2026] No solution exists. MPSolverInterface::result_status_ = MPSOLVER_INFEASIBLE
E0000 00:00:1785705897.623432  451613 linear_solver.cc:2026] No solution exists. MPSolverInterface::result_status_ = MPSOLVER_INFEASIBLE
E0000 00:00:1785705897.713186  451613 linear_solver.cc:2026] No solution exists. MPSolverInterface::result_status_ = MPSOLVER_INFEASIBLE
E0000 00:00:1785705897.816693  451613 linear_solver.cc:2026] No solution exists. MPSolverInterface::result_status_ = MPSOLVER_INFEASIBLE
E0000 00:00:1785705897.934639  451613 linear_solver.cc:2026] No solution exists. MPSolverInterface::result_status_ = MPSOLVER_INFEASIBLE
E0000 00:00:1785705898.025470  451613 linear_solver.cc:2026] No solution exists. MPSolverInterface::result_status_ = MPSOLVER_INFEASIBLE
E0000 00:00:1785705898.142874  451613 linear_solver.cc:2026] No solution exists. MPSolverInterface::result_status_ = MPSOLVER_INFEASIBLE
E0000 00:00:1785705900.726814  451613 linear_solver.cc:2026] No solution exists. MPSolverInterface::result_status_ = MPSOLVER_INFEASIBLE
E0000 00:00:1785705900.838142  451613 linear_solver.cc:2026] No solution exists. MPSolverInterface::result_status_ = MPSOLVER_INFEASIBLE
E0000 00:00:1785705900.960309  451613 linear_solver.cc:2026] No solution exists. MPSolverInterface::result_status_ = MPSOLVER_INFEASIBLE
E0000 00:00:1785705901.087176  451613 linear_solver.cc:2026] No solution exists. MPSolverInterface::result_status_ = MPSOLVER_INFEASIBLE
E0000 00:00:1785705901.199820  451613 linear_solver.cc:2026] No solution exists. MPSolverInterface::result_status_ = MPSOLVER_INFEASIBLE
E0000 00:00:1785705913.642743  451613 linear_solver.cc:2026] No solution exists. MPSolverInterface::result_status_ = MPSOLVER_INFEASIBLE
E0000 00:00:1785705913.801949  451613 linear_solver.cc:2026] No solution exists. MPSolverInterface::result_status_ = MPSOLVER_INFEASIBLE
E0000 00:00:1785705921.539967  451613 linear_solver.cc:2026] No solution exists. MPSolverInterface::result_status_ = MPSOLVER_INFEASIBLE
E0000 00:00:1785705921.598835  451613 linear_solver.cc:2026] No solution exists. MPSolverInterface::result_status_ = MPSOLVER_INFEASIBLE
E0000 00:00:1785705926.958130  451613 linear_solver.cc:2026] No solution exists. MPSolverInterface::result_status_ = MPSOLVER_INFEASIBLE
E0000 00:00:1785705927.013634  451613 linear_solver.cc:2026] No solution exists. MPSolverInterface::result_status_ = MPSOLVER_INFEASIBLE
E0000 00:00:1785705930.326821  451613 linear_solver.cc:2026] No solution exists. MPSolverInterface::result_status_ = MPSOLVER_INFEASIBLE
E0000 00:00:1785705930.354201  451613 linear_solver.cc:2026] No solution exists. MPSolverInterface::result_status_ = MPSOLVER_INFEASIBLE
E0000 00:00:1785705932.109099  451613 linear_solver.cc:2026] No solution exists. MPSolverInterface::result_status_ = MPSOLVER_INFEASIBLE
E0000 00:00:1785705932.139492  451613 linear_solver.cc:2026] No solution exists. MPSolverInterface::result_status_ = MPSOLVER_INFEASIBLE
E0000 00:00:1785705934.062427  451613 linear_solver.cc:2026] No solution exists. MPSolverInterface::result_status_ = MPSOLVER_INFEASIBLE
E0000 00:00:1785705934.092669  451613 linear_solver.cc:2026] No solution exists. MPSolverInterface::result_status_ = MPSOLVER_INFEASIBLE
E0000 00:00:1785705935.721769  451613 linear_solver.cc:2026] No solution exists. MPSolverInterface::result_status_ = MPSOLVER_INFEASIBLE
E0000 00:00:1785705935.746487  451613 linear_solver.cc:2026] No solution exists. MPSolverInterface::result_status_ = MPSOLVER_INFEASIBLE
E0000 00:00:1785705936.904360  451613 linear_solver.cc:2026] No solution exists. MPSolverInterface::result_status_ = MPSOLVER_INFEASIBLE
E0000 00:00:1785705936.940091  451613 linear_solver.cc:2026] No solution exists. MPSolverInterface::result_status_ = MPSOLVER_INFEASIBLE
E0000 00:00:1785705940.698859  451613 linear_solver.cc:2026] No solution exists. MPSolverInterface::result_status_ = MPSOLVER_INFEASIBLE
E0000 00:00:1785705940.745310  451613 linear_solver.cc:2026] No solution exists. MPSolverInterface::result_status_ = MPSOLVER_INFEASIBLE
E0000 00:00:1785705940.847259  451613 linear_solver.cc:2026] No solution exists. MPSolverInterface::result_status_ = MPSOLVER_INFEASIBLE
E0000 00:00:1785705940.908492  451613 linear_solver.cc:2026] No solution exists. MPSolverInterface::result_status_ = MPSOLVER_INFEASIBLE
E0000 00:00:1785705940.955175  451613 linear_solver.cc:2026] No solution exists. MPSolverInterface::result_status_ = MPSOLVER_INFEASIBLE
E0000 00:00:1785705941.004765  451613 linear_solver.cc:2026] No solution exists. MPSolverInterface::result_status_ = MPSOLVER_INFEASIBLE
E0000 00:00:1785705941.052687  451613 linear_solver.cc:2026] No solution exists. MPSolverInterface::result_status_ = MPSOLVER_INFEASIBLE
E0000 00:00:1785705941.119534  451613 linear_solver.cc:2026] No solution exists. MPSolverInterface::result_status_ = MPSOLVER_INFEASIBLE
E0000 00:00:1785705948.218024  451613 linear_solver.cc:2026] No solution exists. MPSolverInterface::result_status_ = MPSOLVER_INFEASIBLE
E0000 00:00:1785705948.388128  451613 linear_solver.cc:2026] No solution exists. MPSolverInterface::result_status_ = MPSOLVER_INFEASIBLE
E0000 00:00:1785705948.575909  451613 linear_solver.cc:2026] No solution exists. MPSolverInterface::result_status_ = MPSOLVER_INFEASIBLE
E0000 00:00:1785705961.781329  451613 linear_solver.cc:2026] No solution exists. MPSolverInterface::result_status_ = MPSOLVER_INFEASIBLE
E0000 00:00:1785705961.998557  451613 linear_solver.cc:2026] No solution exists. MPSolverInterface::result_status_ = MPSOLVER_INFEASIBLE
E0000 00:00:1785705962.149587  451613 linear_solver.cc:2026] No solution exists. MPSolverInterface::result_status_ = MPSOLVER_INFEASIBLE
E0000 00:00:1785705967.660256  451613 linear_solver.cc:2026] No solution exists. MPSolverInterface::result_status_ = MPSOLVER_INFEASIBLE
E0000 00:00:1785705967.756628  451613 linear_solver.cc:2026] No solution exists. MPSolverInterface::result_status_ = MPSOLVER_INFEASIBLE
E0000 00:00:1785705967.843545  451613 linear_solver.cc:2026] No solution exists. MPSolverInterface::result_status_ = MPSOLVER_INFEASIBLE
E0000 00:00:1785705967.949293  451613 linear_solver.cc:2026] No solution exists. MPSolverInterface::result_status_ = MPSOLVER_INFEASIBLE
E0000 00:00:1785705968.091903  451613 linear_solver.cc:2026] No solution exists. MPSolverInterface::result_status_ = MPSOLVER_INFEASIBLE
E0000 00:00:1785705968.174349  451613 linear_solver.cc:2026] No solution exists. MPSolverInterface::result_status_ = MPSOLVER_INFEASIBLE
E0000 00:00:1785705968.269644  451613 linear_solver.cc:2026] No solution exists. MPSolverInterface::result_status_ = MPSOLVER_INFEASIBLE
E0000 00:00:1785705968.356614  451613 linear_solver.cc:2026] No solution exists. MPSolverInterface::result_status_ = MPSOLVER_INFEASIBLE
E0000 00:00:1785705978.841439  451613 linear_solver.cc:2026] No solution exists. MPSolverInterface::result_status_ = MPSOLVER_INFEASIBLE
E0000 00:00:1785705978.852964  451613 linear_solver.cc:2026] No solution exists. MPSolverInterface::result_status_ = MPSOLVER_INFEASIBLE
E0000 00:00:1785705980.384652  451613 linear_solver.cc:2026] No solution exists. MPSolverInterface::result_status_ = MPSOLVER_INFEASIBLE
E0000 00:00:1785705980.435037  451613 linear_solver.cc:2026] No solution exists. MPSolverInterface::result_status_ = MPSOLVER_INFEASIBLE
E0000 00:00:1785705980.485792  451613 linear_solver.cc:2026] No solution exists. MPSolverInterface::result_status_ = MPSOLVER_INFEASIBLE
E0000 00:00:1785705980.536583  451613 linear_solver.cc:2026] No solution exists. MPSolverInterface::result_status_ = MPSOLVER_INFEASIBLE
E0000 00:00:1785705980.588110  451613 linear_solver.cc:2026] No solution exists. MPSolverInterface::result_status_ = MPSOLVER_INFEASIBLE
E0000 00:00:1785705980.639903  451613 linear_solver.cc:2026] No solution exists. MPSolverInterface::result_status_ = MPSOLVER_INFEASIBLE
E0000 00:00:1785705980.692049  451613 linear_solver.cc:2026] No solution exists. MPSolverInterface::result_status_ = MPSOLVER_INFEASIBLE
E0000 00:00:1785705980.744907  451613 linear_solver.cc:2026] No solution exists. MPSolverInterface::result_status_ = MPSOLVER_INFEASIBLE
E0000 00:00:1785705981.292662  451613 linear_solver.cc:2026] No solution exists. MPSolverInterface::result_status_ = MPSOLVER_INFEASIBLE
E0000 00:00:1785705981.306037  451613 linear_solver.cc:2026] No solution exists. MPSolverInterface::result_status_ = MPSOLVER_INFEASIBLE
E0000 00:00:1785705982.013937  451613 linear_solver.cc:2026] No solution exists. MPSolverInterface::result_status_ = MPSOLVER_INFEASIBLE
E0000 00:00:1785705982.064604  451613 linear_solver.cc:2026] No solution exists. MPSolverInterface::result_status_ = MPSOLVER_INFEASIBLE
E0000 00:00:1785705982.116120  451613 linear_solver.cc:2026] No solution exists. MPSolverInterface::result_status_ = MPSOLVER_INFEASIBLE
E0000 00:00:1785705982.167165  451613 linear_solver.cc:2026] No solution exists. MPSolverInterface::result_status_ = MPSOLVER_INFEASIBLE
E0000 00:00:1785705982.218507  451613 linear_solver.cc:2026] No solution exists. MPSolverInterface::result_status_ = MPSOLVER_INFEASIBLE
E0000 00:00:1785705985.995782  451613 linear_solver.cc:2026] No solution exists. MPSolverInterface::result_status_ = MPSOLVER_INFEASIBLE
E0000 00:00:1785705986.060116  451613 linear_solver.cc:2026] No solution exists. MPSolverInterface::result_status_ = MPSOLVER_INFEASIBLE
E0000 00:00:1785705986.122281  451613 linear_solver.cc:2026] No solution exists. MPSolverInterface::result_status_ = MPSOLVER_INFEASIBLE
E0000 00:00:1785705986.182620  451613 linear_solver.cc:2026] No solution exists. MPSolverInterface::result_status_ = MPSOLVER_INFEASIBLE
E0000 00:00:1785705986.245672  451613 linear_solver.cc:2026] No solution exists. MPSolverInterface::result_status_ = MPSOLVER_INFEASIBLE
E0000 00:00:1785705986.309490  451613 linear_solver.cc:2026] No solution exists. MPSolverInterface::result_status_ = MPSOLVER_INFEASIBLE
E0000 00:00:1785705986.373044  451613 linear_solver.cc:2026] No solution exists. MPSolverInterface::result_status_ = MPSOLVER_INFEASIBLE
E0000 00:00:1785705986.435887  451613 linear_solver.cc:2026] No solution exists. MPSolverInterface::result_status_ = MPSOLVER_INFEASIBLE
E0000 00:00:1785705987.191766  451613 linear_solver.cc:2026] No solution exists. MPSolverInterface::result_status_ = MPSOLVER_INFEASIBLE
E0000 00:00:1785705987.251888  451613 linear_solver.cc:2026] No solution exists. MPSolverInterface::result_status_ = MPSOLVER_INFEASIBLE
E0000 00:00:1785705987.310587  451613 linear_solver.cc:2026] No solution exists. MPSolverInterface::result_status_ = MPSOLVER_INFEASIBLE
E0000 00:00:1785705987.370144  451613 linear_solver.cc:2026] No solution exists. MPSolverInterface::result_status_ = MPSOLVER_INFEASIBLE
E0000 00:00:1785705987.429375  451613 linear_solver.cc:2026] No solution exists. MPSolverInterface::result_status_ = MPSOLVER_INFEASIBLE
E0000 00:00:1785705987.488965  451613 linear_solver.cc:2026] No solution exists. MPSolverInterface::result_status_ = MPSOLVER_INFEASIBLE
E0000 00:00:1785705987.550602  451613 linear_solver.cc:2026] No solution exists. MPSolverInterface::result_status_ = MPSOLVER_INFEASIBLE
E0000 00:00:1785705987.610291  451613 linear_solver.cc:2026] No solution exists. MPSolverInterface::result_status_ = MPSOLVER_INFEASIBLE
E0000 00:00:1785705990.882353  451613 linear_solver.cc:2026] No solution exists. MPSolverInterface::result_status_ = MPSOLVER_INFEASIBLE
E0000 00:00:1785705990.928917  451613 linear_solver.cc:2026] No solution exists. MPSolverInterface::result_status_ = MPSOLVER_INFEASIBLE
E0000 00:00:1785705990.975444  451613 linear_solver.cc:2026] No solution exists. MPSolverInterface::result_status_ = MPSOLVER_INFEASIBLE
E0000 00:00:1785705991.021901  451613 linear_solver.cc:2026] No solution exists. MPSolverInterface::result_status_ = MPSOLVER_INFEASIBLE
E0000 00:00:1785705991.067294  451613 linear_solver.cc:2026] No solution exists. MPSolverInterface::result_status_ = MPSOLVER_INFEASIBLE
E0000 00:00:1785705991.112018  451613 linear_solver.cc:2026] No solution exists. MPSolverInterface::result_status_ = MPSOLVER_INFEASIBLE
E0000 00:00:1785705991.157976  451613 linear_solver.cc:2026] No solution exists. MPSolverInterface::result_status_ = MPSOLVER_INFEASIBLE
E0000 00:00:1785705991.204041  451613 linear_solver.cc:2026] No solution exists. MPSolverInterface::result_status_ = MPSOLVER_INFEASIBLE
E0000 00:00:1785705997.143130  451613 linear_solver.cc:2026] No solution exists. MPSolverInterface::result_status_ = MPSOLVER_INFEASIBLE
E0000 00:00:1785705997.189268  451613 linear_solver.cc:2026] No solution exists. MPSolverInterface::result_status_ = MPSOLVER_INFEASIBLE
E0000 00:00:1785706001.309400  451613 linear_solver.cc:2026] No solution exists. MPSolverInterface::result_status_ = MPSOLVER_INFEASIBLE
E0000 00:00:1785706001.373274  451613 linear_solver.cc:2026] No solution exists. MPSolverInterface::result_status_ = MPSOLVER_INFEASIBLE
E0000 00:00:1785706001.436889  451613 linear_solver.cc:2026] No solution exists. MPSolverInterface::result_status_ = MPSOLVER_INFEASIBLE
E0000 00:00:1785706009.039962  451613 linear_solver.cc:2026] No solution exists. MPSolverInterface::result_status_ = MPSOLVER_INFEASIBLE
E0000 00:00:1785706009.098202  451613 linear_solver.cc:2026] No solution exists. MPSolverInterface::result_status_ = MPSOLVER_INFEASIBLE
E0000 00:00:1785706009.156092  451613 linear_solver.cc:2026] No solution exists. MPSolverInterface::result_status_ = MPSOLVER_INFEASIBLE
E0000 00:00:1785706009.214121  451613 linear_solver.cc:2026] No solution exists. MPSolverInterface::result_status_ = MPSOLVER_INFEASIBLE
E0000 00:00:1785706009.271546  451613 linear_solver.cc:2026] No solution exists. MPSolverInterface::result_status_ = MPSOLVER_INFEASIBLE
E0000 00:00:1785706009.328371  451613 linear_solver.cc:2026] No solution exists. MPSolverInterface::result_status_ = MPSOLVER_INFEASIBLE
E0000 00:00:1785706009.381189  451613 linear_solver.cc:2026] No solution exists. MPSolverInterface::result_status_ = MPSOLVER_INFEASIBLE
E0000 00:00:1785706009.438639  451613 linear_solver.cc:2026] No solution exists. MPSolverInterface::result_status_ = MPSOLVER_INFEASIBLE
E0000 00:00:1785706011.554159  451613 linear_solver.cc:2026] No solution exists. MPSolverInterface::result_status_ = MPSOLVER_INFEASIBLE
E0000 00:00:1785706011.622081  451613 linear_solver.cc:2026] No solution exists. MPSolverInterface::result_status_ = MPSOLVER_INFEASIBLE
E0000 00:00:1785706011.695015  451613 linear_solver.cc:2026] No solution exists. MPSolverInterface::result_status_ = MPSOLVER_INFEASIBLE
E0000 00:00:1785706011.766199  451613 linear_solver.cc:2026] No solution exists. MPSolverInterface::result_status_ = MPSOLVER_INFEASIBLE
E0000 00:00:1785706011.836761  451613 linear_solver.cc:2026] No solution exists. MPSolverInterface::result_status_ = MPSOLVER_INFEASIBLE
E0000 00:00:1785706025.370271  451613 linear_solver.cc:2026] No solution exists. MPSolverInterface::result_status_ = MPSOLVER_INFEASIBLE
E0000 00:00:1785706025.497088  451613 linear_solver.cc:2026] No solution exists. MPSolverInterface::result_status_ = MPSOLVER_INFEASIBLE
E0000 00:00:1785706043.452134  451613 linear_solver.cc:2026] No solution exists. MPSolverInterface::result_status_ = MPSOLVER_INFEASIBLE
E0000 00:00:1785706043.546529  451613 linear_solver.cc:2026] No solution exists. MPSolverInterface::result_status_ = MPSOLVER_INFEASIBLE
E0000 00:00:1785706051.496636  451613 linear_solver.cc:2026] No solution exists. MPSolverInterface::result_status_ = MPSOLVER_INFEASIBLE
E0000 00:00:1785706051.554802  451613 linear_solver.cc:2026] No solution exists. MPSolverInterface::result_status_ = MPSOLVER_INFEASIBLE
E0000 00:00:1785706057.684494  451613 linear_solver.cc:2026] No solution exists. MPSolverInterface::result_status_ = MPSOLVER_INFEASIBLE
E0000 00:00:1785706057.721834  451613 linear_solver.cc:2026] No solution exists. MPSolverInterface::result_status_ = MPSOLVER_INFEASIBLE
E0000 00:00:1785706057.759523  451613 linear_solver.cc:2026] No solution exists. MPSolverInterface::result_status_ = MPSOLVER_INFEASIBLE
E0000 00:00:1785706057.797488  451613 linear_solver.cc:2026] No solution exists. MPSolverInterface::result_status_ = MPSOLVER_INFEASIBLE
E0000 00:00:1785706057.836363  451613 linear_solver.cc:2026] No solution exists. MPSolverInterface::result_status_ = MPSOLVER_INFEASIBLE
E0000 00:00:1785706057.877737  451613 linear_solver.cc:2026] No solution exists. MPSolverInterface::result_status_ = MPSOLVER_INFEASIBLE
E0000 00:00:1785706057.916797  451613 linear_solver.cc:2026] No solution exists. MPSolverInterface::result_status_ = MPSOLVER_INFEASIBLE
E0000 00:00:1785706057.955422  451613 linear_solver.cc:2026] No solution exists. MPSolverInterface::result_status_ = MPSOLVER_INFEASIBLE
E0000 00:00:1785706060.519518  451613 linear_solver.cc:2026] No solution exists. MPSolverInterface::result_status_ = MPSOLVER_INFEASIBLE
E0000 00:00:1785706060.531430  451613 linear_solver.cc:2026] No solution exists. MPSolverInterface::result_status_ = MPSOLVER_INFEASIBLE
E0000 00:00:1785706061.629963  451613 linear_solver.cc:2026] No solution exists. MPSolverInterface::result_status_ = MPSOLVER_INFEASIBLE
E0000 00:00:1785706061.672647  451613 linear_solver.cc:2026] No solution exists. MPSolverInterface::result_status_ = MPSOLVER_INFEASIBLE
E0000 00:00:1785706061.715234  451613 linear_solver.cc:2026] No solution exists. MPSolverInterface::result_status_ = MPSOLVER_INFEASIBLE
E0000 00:00:1785706061.758624  451613 linear_solver.cc:2026] No solution exists. MPSolverInterface::result_status_ = MPSOLVER_INFEASIBLE
E0000 00:00:1785706061.802449  451613 linear_solver.cc:2026] No solution exists. MPSolverInterface::result_status_ = MPSOLVER_INFEASIBLE
E0000 00:00:1785706061.847063  451613 linear_solver.cc:2026] No solution exists. MPSolverInterface::result_status_ = MPSOLVER_INFEASIBLE
E0000 00:00:1785706061.891427  451613 linear_solver.cc:2026] No solution exists. MPSolverInterface::result_status_ = MPSOLVER_INFEASIBLE
E0000 00:00:1785706061.935534  451613 linear_solver.cc:2026] No solution exists. MPSolverInterface::result_status_ = MPSOLVER_INFEASIBLE
E0000 00:00:1785706063.772800  451613 linear_solver.cc:2026] No solution exists. MPSolverInterface::result_status_ = MPSOLVER_INFEASIBLE
E0000 00:00:1785706063.785634  451613 linear_solver.cc:2026] No solution exists. MPSolverInterface::result_status_ = MPSOLVER_INFEASIBLE
E0000 00:00:1785706068.155451  451613 linear_solver.cc:2026] No solution exists. MPSolverInterface::result_status_ = MPSOLVER_INFEASIBLE
E0000 00:00:1785706068.234767  451613 linear_solver.cc:2026] No solution exists. MPSolverInterface::result_status_ = MPSOLVER_INFEASIBLE
E0000 00:00:1785706068.313117  451613 linear_solver.cc:2026] No solution exists. MPSolverInterface::result_status_ = MPSOLVER_INFEASIBLE
E0000 00:00:1785706068.389080  451613 linear_solver.cc:2026] No solution exists. MPSolverInterface::result_status_ = MPSOLVER_INFEASIBLE
E0000 00:00:1785706075.468806  451613 linear_solver.cc:2026] No solution exists. MPSolverInterface::result_status_ = MPSOLVER_INFEASIBLE
E0000 00:00:1785706075.510497  451613 linear_solver.cc:2026] No solution exists. MPSolverInterface::result_status_ = MPSOLVER_INFEASIBLE
E0000 00:00:1785706075.552364  451613 linear_solver.cc:2026] No solution exists. MPSolverInterface::result_status_ = MPSOLVER_INFEASIBLE
E0000 00:00:1785706075.592959  451613 linear_solver.cc:2026] No solution exists. MPSolverInterface::result_status_ = MPSOLVER_INFEASIBLE
E0000 00:00:1785706075.634995  451613 linear_solver.cc:2026] No solution exists. MPSolverInterface::result_status_ = MPSOLVER_INFEASIBLE
E0000 00:00:1785706075.674632  451613 linear_solver.cc:2026] No solution exists. MPSolverInterface::result_status_ = MPSOLVER_INFEASIBLE
E0000 00:00:1785706075.715871  451613 linear_solver.cc:2026] No solution exists. MPSolverInterface::result_status_ = MPSOLVER_INFEASIBLE
E0000 00:00:1785706075.757877  451613 linear_solver.cc:2026] No solution exists. MPSolverInterface::result_status_ = MPSOLVER_INFEASIBLE
E0000 00:00:1785706076.134114  451613 linear_solver.cc:2026] No solution exists. MPSolverInterface::result_status_ = MPSOLVER_INFEASIBLE
E0000 00:00:1785706076.148073  451613 linear_solver.cc:2026] No solution exists. MPSolverInterface::result_status_ = MPSOLVER_INFEASIBLE
E0000 00:00:1785706076.161458  451613 linear_solver.cc:2026] No solution exists. MPSolverInterface::result_status_ = MPSOLVER_INFEASIBLE
E0000 00:00:1785706076.174320  451613 linear_solver.cc:2026] No solution exists. MPSolverInterface::result_status_ = MPSOLVER_INFEASIBLE
E0000 00:00:1785706076.187809  451613 linear_solver.cc:2026] No solution exists. MPSolverInterface::result_status_ = MPSOLVER_INFEASIBLE
E0000 00:00:1785706076.201226  451613 linear_solver.cc:2026] No solution exists. MPSolverInterface::result_status_ = MPSOLVER_INFEASIBLE
E0000 00:00:1785706076.214037  451613 linear_solver.cc:2026] No solution exists. MPSolverInterface::result_status_ = MPSOLVER_INFEASIBLE
E0000 00:00:1785706076.227078  451613 linear_solver.cc:2026] No solution exists. MPSolverInterface::result_status_ = MPSOLVER_INFEASIBLE
E0000 00:00:1785706076.374788  451613 linear_solver.cc:2026] No solution exists. MPSolverInterface::result_status_ = MPSOLVER_INFEASIBLE
E0000 00:00:1785706076.387465  451613 linear_solver.cc:2026] No solution exists. MPSolverInterface::result_status_ = MPSOLVER_INFEASIBLE
E0000 00:00:1785706076.400532  451613 linear_solver.cc:2026] No solution exists. MPSolverInterface::result_status_ = MPSOLVER_INFEASIBLE
E0000 00:00:1785706076.413040  451613 linear_solver.cc:2026] No solution exists. MPSolverInterface::result_status_ = MPSOLVER_INFEASIBLE
E0000 00:00:1785706076.425895  451613 linear_solver.cc:2026] No solution exists. MPSolverInterface::result_status_ = MPSOLVER_INFEASIBLE
E0000 00:00:1785706076.438728  451613 linear_solver.cc:2026] No solution exists. MPSolverInterface::result_status_ = MPSOLVER_INFEASIBLE
E0000 00:00:1785706076.450859  451613 linear_solver.cc:2026] No solution exists. MPSolverInterface::result_status_ = MPSOLVER_INFEASIBLE
E0000 00:00:1785706076.463541  451613 linear_solver.cc:2026] No solution exists. MPSolverInterface::result_status_ = MPSOLVER_INFEASIBLE
E0000 00:00:1785706076.808069  451613 linear_solver.cc:2026] No solution exists. MPSolverInterface::result_status_ = MPSOLVER_INFEASIBLE
E0000 00:00:1785706076.859783  451613 linear_solver.cc:2026] No solution exists. MPSolverInterface::result_status_ = MPSOLVER_INFEASIBLE
E0000 00:00:1785706076.911714  451613 linear_solver.cc:2026] No solution exists. MPSolverInterface::result_status_ = MPSOLVER_INFEASIBLE
E0000 00:00:1785706076.964233  451613 linear_solver.cc:2026] No solution exists. MPSolverInterface::result_status_ = MPSOLVER_INFEASIBLE
E0000 00:00:1785706077.017435  451613 linear_solver.cc:2026] No solution exists. MPSolverInterface::result_status_ = MPSOLVER_INFEASIBLE
E0000 00:00:1785706077.070664  451613 linear_solver.cc:2026] No solution exists. MPSolverInterface::result_status_ = MPSOLVER_INFEASIBLE
E0000 00:00:1785706077.122368  451613 linear_solver.cc:2026] No solution exists. MPSolverInterface::result_status_ = MPSOLVER_INFEASIBLE
E0000 00:00:1785706077.173944  451613 linear_solver.cc:2026] No solution exists. MPSolverInterface::result_status_ = MPSOLVER_INFEASIBLE
E0000 00:00:1785706077.807377  451613 linear_solver.cc:2026] No solution exists. MPSolverInterface::result_status_ = MPSOLVER_INFEASIBLE
E0000 00:00:1785706077.856459  451613 linear_solver.cc:2026] No solution exists. MPSolverInterface::result_status_ = MPSOLVER_INFEASIBLE
E0000 00:00:1785706077.905302  451613 linear_solver.cc:2026] No solution exists. MPSolverInterface::result_status_ = MPSOLVER_INFEASIBLE
E0000 00:00:1785706077.958132  451613 linear_solver.cc:2026] No solution exists. MPSolverInterface::result_status_ = MPSOLVER_INFEASIBLE
E0000 00:00:1785706078.007206  451613 linear_solver.cc:2026] No solution exists. MPSolverInterface::result_status_ = MPSOLVER_INFEASIBLE
E0000 00:00:1785706078.055319  451613 linear_solver.cc:2026] No solution exists. MPSolverInterface::result_status_ = MPSOLVER_INFEASIBLE
E0000 00:00:1785706078.100107  451613 linear_solver.cc:2026] No solution exists. MPSolverInterface::result_status_ = MPSOLVER_INFEASIBLE
E0000 00:00:1785706078.148747  451613 linear_solver.cc:2026] No solution exists. MPSolverInterface::result_status_ = MPSOLVER_INFEASIBLE
E0000 00:00:1785706081.576937  451613 linear_solver.cc:2026] No solution exists. MPSolverInterface::result_status_ = MPSOLVER_INFEASIBLE
E0000 00:00:1785706081.595601  451613 linear_solver.cc:2026] No solution exists. MPSolverInterface::result_status_ = MPSOLVER_INFEASIBLE
E0000 00:00:1785706081.954524  451613 linear_solver.cc:2026] No solution exists. MPSolverInterface::result_status_ = MPSOLVER_INFEASIBLE
E0000 00:00:1785706081.969993  451613 linear_solver.cc:2026] No solution exists. MPSolverInterface::result_status_ = MPSOLVER_INFEASIBLE
E0000 00:00:1785706097.363304  451613 linear_solver.cc:2026] No solution exists. MPSolverInterface::result_status_ = MPSOLVER_INFEASIBLE
E0000 00:00:1785706097.390393  451613 linear_solver.cc:2026] No solution exists. MPSolverInterface::result_status_ = MPSOLVER_INFEASIBLE
W1TAU: wrote 14450 rows -> outputs/w1tau_pilot/w1tau_aps_rank_0.parquet
[2026-08-02 17:28:18,280][HYDRA] 	#2 : dataset=bank n_seeds=5 out=outputs/w1tau_pilot
E0000 00:00:1785706102.820978  451613 linear_solver.cc:2026] No solution exists. MPSolverInterface::result_status_ = MPSOLVER_INFEASIBLE
E0000 00:00:1785706102.866672  451613 linear_solver.cc:2026] No solution exists. MPSolverInterface::result_status_ = MPSOLVER_INFEASIBLE
E0000 00:00:1785706109.738171  451613 linear_solver.cc:2026] No solution exists. MPSolverInterface::result_status_ = MPSOLVER_INFEASIBLE
E0000 00:00:1785706109.771934  451613 linear_solver.cc:2026] No solution exists. MPSolverInterface::result_status_ = MPSOLVER_INFEASIBLE
E0000 00:00:1785706112.986463  451613 linear_solver.cc:2026] No solution exists. MPSolverInterface::result_status_ = MPSOLVER_INFEASIBLE
E0000 00:00:1785706112.995545  451613 linear_solver.cc:2026] No solution exists. MPSolverInterface::result_status_ = MPSOLVER_INFEASIBLE
E0000 00:00:1785706116.330330  451613 linear_solver.cc:2026] No solution exists. MPSolverInterface::result_status_ = MPSOLVER_INFEASIBLE
E0000 00:00:1785706116.384225  451613 linear_solver.cc:2026] No solution exists. MPSolverInterface::result_status_ = MPSOLVER_INFEASIBLE
E0000 00:00:1785706121.811700  451613 linear_solver.cc:2026] No solution exists. MPSolverInterface::result_status_ = MPSOLVER_INFEASIBLE
E0000 00:00:1785706121.844397  451613 linear_solver.cc:2026] No solution exists. MPSolverInterface::result_status_ = MPSOLVER_INFEASIBLE
E0000 00:00:1785706125.938695  451613 linear_solver.cc:2026] No solution exists. MPSolverInterface::result_status_ = MPSOLVER_INFEASIBLE
E0000 00:00:1785706125.946910  451613 linear_solver.cc:2026] No solution exists. MPSolverInterface::result_status_ = MPSOLVER_INFEASIBLE
E0000 00:00:1785706128.902657  451613 linear_solver.cc:2026] No solution exists. MPSolverInterface::result_status_ = MPSOLVER_INFEASIBLE
E0000 00:00:1785706128.947617  451613 linear_solver.cc:2026] No solution exists. MPSolverInterface::result_status_ = MPSOLVER_INFEASIBLE
E0000 00:00:1785706133.367031  451613 linear_solver.cc:2026] No solution exists. MPSolverInterface::result_status_ = MPSOLVER_INFEASIBLE
E0000 00:00:1785706133.395013  451613 linear_solver.cc:2026] No solution exists. MPSolverInterface::result_status_ = MPSOLVER_INFEASIBLE
E0000 00:00:1785706135.778320  451613 linear_solver.cc:2026] No solution exists. MPSolverInterface::result_status_ = MPSOLVER_INFEASIBLE
E0000 00:00:1785706135.787020  451613 linear_solver.cc:2026] No solution exists. MPSolverInterface::result_status_ = MPSOLVER_INFEASIBLE
E0000 00:00:1785706139.270590  451613 linear_solver.cc:2026] No solution exists. MPSolverInterface::result_status_ = MPSOLVER_INFEASIBLE
E0000 00:00:1785706139.316937  451613 linear_solver.cc:2026] No solution exists. MPSolverInterface::result_status_ = MPSOLVER_INFEASIBLE
E0000 00:00:1785706143.392373  451613 linear_solver.cc:2026] No solution exists. MPSolverInterface::result_status_ = MPSOLVER_INFEASIBLE
E0000 00:00:1785706143.420652  451613 linear_solver.cc:2026] No solution exists. MPSolverInterface::result_status_ = MPSOLVER_INFEASIBLE
E0000 00:00:1785706145.552020  451613 linear_solver.cc:2026] No solution exists. MPSolverInterface::result_status_ = MPSOLVER_INFEASIBLE
E0000 00:00:1785706145.560636  451613 linear_solver.cc:2026] No solution exists. MPSolverInterface::result_status_ = MPSOLVER_INFEASIBLE
E0000 00:00:1785706149.398605  451613 linear_solver.cc:2026] No solution exists. MPSolverInterface::result_status_ = MPSOLVER_INFEASIBLE
E0000 00:00:1785706149.444227  451613 linear_solver.cc:2026] No solution exists. MPSolverInterface::result_status_ = MPSOLVER_INFEASIBLE
E0000 00:00:1785706153.041954  451613 linear_solver.cc:2026] No solution exists. MPSolverInterface::result_status_ = MPSOLVER_INFEASIBLE
E0000 00:00:1785706153.070858  451613 linear_solver.cc:2026] No solution exists. MPSolverInterface::result_status_ = MPSOLVER_INFEASIBLE
E0000 00:00:1785706155.893222  451613 linear_solver.cc:2026] No solution exists. MPSolverInterface::result_status_ = MPSOLVER_INFEASIBLE
E0000 00:00:1785706155.902469  451613 linear_solver.cc:2026] No solution exists. MPSolverInterface::result_status_ = MPSOLVER_INFEASIBLE
[2026-08-02 17:29:16,153][experiments.common][WARNING] - overwriting existing results file outputs/w1tau_pilot/w1tau_bank_rank_0.parquet
W1TAU: wrote 510 rows -> outputs/w1tau_pilot/w1tau_bank_rank_0.parquet
