nohup: ignoring input
[2026-08-03 12:09:02,312][HYDRA] Launching 2 jobs locally
[2026-08-03 12:09:02,313][HYDRA] 	#0 : dataset=aps n_seeds=10 out=outputs/w1tau_full
WARNING: All log messages before absl::InitializeLog() is called are written to STDERR
E0000 00:00:1785773344.165809  290536 linear_solver.cc:2026] No solution exists. MPSolverInterface::result_status_ = MPSOLVER_INFEASIBLE
E0000 00:00:1785773344.212776  290536 linear_solver.cc:2026] No solution exists. MPSolverInterface::result_status_ = MPSOLVER_INFEASIBLE
E0000 00:00:1785773344.259508  290536 linear_solver.cc:2026] No solution exists. MPSolverInterface::result_status_ = MPSOLVER_INFEASIBLE
E0000 00:00:1785773344.306439  290536 linear_solver.cc:2026] No solution exists. MPSolverInterface::result_status_ = MPSOLVER_INFEASIBLE
E0000 00:00:1785773344.353031  290536 linear_solver.cc:2026] No solution exists. MPSolverInterface::result_status_ = MPSOLVER_INFEASIBLE
E0000 00:00:1785773344.399902  290536 linear_solver.cc:2026] No solution exists. MPSolverInterface::result_status_ = MPSOLVER_INFEASIBLE
E0000 00:00:1785773344.445421  290536 linear_solver.cc:2026] No solution exists. MPSolverInterface::result_status_ = MPSOLVER_INFEASIBLE
E0000 00:00:1785773344.491368  290536 linear_solver.cc:2026] No solution exists. MPSolverInterface::result_status_ = MPSOLVER_INFEASIBLE
E0000 00:00:1785773353.173775  290536 linear_solver.cc:2026] No solution exists. MPSolverInterface::result_status_ = MPSOLVER_INFEASIBLE
E0000 00:00:1785773366.686567  290536 linear_solver.cc:2026] No solution exists. MPSolverInterface::result_status_ = MPSOLVER_INFEASIBLE
E0000 00:00:1785773366.731637  290536 linear_solver.cc:2026] No solution exists. MPSolverInterface::result_status_ = MPSOLVER_INFEASIBLE
E0000 00:00:1785773366.777868  290536 linear_solver.cc:2026] No solution exists. MPSolverInterface::result_status_ = MPSOLVER_INFEASIBLE
E0000 00:00:1785773366.824298  290536 linear_solver.cc:2026] No solution exists. MPSolverInterface::result_status_ = MPSOLVER_INFEASIBLE
E0000 00:00:1785773366.870411  290536 linear_solver.cc:2026] No solution exists. MPSolverInterface::result_status_ = MPSOLVER_INFEASIBLE
E0000 00:00:1785773366.915972  290536 linear_solver.cc:2026] No solution exists. MPSolverInterface::result_status_ = MPSOLVER_INFEASIBLE
E0000 00:00:1785773366.961122  290536 linear_solver.cc:2026] No solution exists. MPSolverInterface::result_status_ = MPSOLVER_INFEASIBLE
E0000 00:00:1785773367.008412  290536 linear_solver.cc:2026] No solution exists. MPSolverInterface::result_status_ = MPSOLVER_INFEASIBLE
E0000 00:00:1785773368.838121  290536 linear_solver.cc:2026] No solution exists. MPSolverInterface::result_status_ = MPSOLVER_INFEASIBLE
E0000 00:00:1785773368.893398  290536 linear_solver.cc:2026] No solution exists. MPSolverInterface::result_status_ = MPSOLVER_INFEASIBLE
E0000 00:00:1785773368.948860  290536 linear_solver.cc:2026] No solution exists. MPSolverInterface::result_status_ = MPSOLVER_INFEASIBLE
E0000 00:00:1785773369.004469  290536 linear_solver.cc:2026] No solution exists. MPSolverInterface::result_status_ = MPSOLVER_INFEASIBLE
E0000 00:00:1785773369.060602  290536 linear_solver.cc:2026] No solution exists. MPSolverInterface::result_status_ = MPSOLVER_INFEASIBLE
E0000 00:00:1785773369.116844  290536 linear_solver.cc:2026] No solution exists. MPSolverInterface::result_status_ = MPSOLVER_INFEASIBLE
E0000 00:00:1785773369.173285  290536 linear_solver.cc:2026] No solution exists. MPSolverInterface::result_status_ = MPSOLVER_INFEASIBLE
E0000 00:00:1785773369.229576  290536 linear_solver.cc:2026] No solution exists. MPSolverInterface::result_status_ = MPSOLVER_INFEASIBLE
E0000 00:00:1785773371.078061  290536 linear_solver.cc:2026] No solution exists. MPSolverInterface::result_status_ = MPSOLVER_INFEASIBLE
E0000 00:00:1785773371.136091  290536 linear_solver.cc:2026] No solution exists. MPSolverInterface::result_status_ = MPSOLVER_INFEASIBLE
E0000 00:00:1785773371.194749  290536 linear_solver.cc:2026] No solution exists. MPSolverInterface::result_status_ = MPSOLVER_INFEASIBLE
E0000 00:00:1785773371.252570  290536 linear_solver.cc:2026] No solution exists. MPSolverInterface::result_status_ = MPSOLVER_INFEASIBLE
E0000 00:00:1785773373.247913  290536 linear_solver.cc:2026] No solution exists. MPSolverInterface::result_status_ = MPSOLVER_INFEASIBLE
E0000 00:00:1785773373.295210  290536 linear_solver.cc:2026] No solution exists. MPSolverInterface::result_status_ = MPSOLVER_INFEASIBLE
E0000 00:00:1785773373.344613  290536 linear_solver.cc:2026] No solution exists. MPSolverInterface::result_status_ = MPSOLVER_INFEASIBLE
E0000 00:00:1785773373.396869  290536 linear_solver.cc:2026] No solution exists. MPSolverInterface::result_status_ = MPSOLVER_INFEASIBLE
E0000 00:00:1785773373.449961  290536 linear_solver.cc:2026] No solution exists. MPSolverInterface::result_status_ = MPSOLVER_INFEASIBLE
E0000 00:00:1785773373.499134  290536 linear_solver.cc:2026] No solution exists. MPSolverInterface::result_status_ = MPSOLVER_INFEASIBLE
E0000 00:00:1785773373.548316  290536 linear_solver.cc:2026] No solution exists. MPSolverInterface::result_status_ = MPSOLVER_INFEASIBLE
E0000 00:00:1785773373.596593  290536 linear_solver.cc:2026] No solution exists. MPSolverInterface::result_status_ = MPSOLVER_INFEASIBLE
E0000 00:00:1785773374.820125  290536 linear_solver.cc:2026] No solution exists. MPSolverInterface::result_status_ = MPSOLVER_INFEASIBLE
E0000 00:00:1785773374.878631  290536 linear_solver.cc:2026] No solution exists. MPSolverInterface::result_status_ = MPSOLVER_INFEASIBLE
E0000 00:00:1785773374.936855  290536 linear_solver.cc:2026] No solution exists. MPSolverInterface::result_status_ = MPSOLVER_INFEASIBLE
E0000 00:00:1785773374.992708  290536 linear_solver.cc:2026] No solution exists. MPSolverInterface::result_status_ = MPSOLVER_INFEASIBLE
E0000 00:00:1785773375.048226  290536 linear_solver.cc:2026] No solution exists. MPSolverInterface::result_status_ = MPSOLVER_INFEASIBLE
E0000 00:00:1785773378.979914  290536 linear_solver.cc:2026] No solution exists. MPSolverInterface::result_status_ = MPSOLVER_INFEASIBLE
E0000 00:00:1785773379.011452  290536 linear_solver.cc:2026] No solution exists. MPSolverInterface::result_status_ = MPSOLVER_INFEASIBLE
E0000 00:00:1785773381.727628  290536 linear_solver.cc:2026] No solution exists. MPSolverInterface::result_status_ = MPSOLVER_INFEASIBLE
E0000 00:00:1785773381.775477  290536 linear_solver.cc:2026] No solution exists. MPSolverInterface::result_status_ = MPSOLVER_INFEASIBLE
E0000 00:00:1785773391.231043  290536 linear_solver.cc:2026] No solution exists. MPSolverInterface::result_status_ = MPSOLVER_INFEASIBLE
E0000 00:00:1785773391.300379  290536 linear_solver.cc:2026] No solution exists. MPSolverInterface::result_status_ = MPSOLVER_INFEASIBLE
E0000 00:00:1785773401.641788  290536 linear_solver.cc:2026] No solution exists. MPSolverInterface::result_status_ = MPSOLVER_INFEASIBLE
E0000 00:00:1785773401.717862  290536 linear_solver.cc:2026] No solution exists. MPSolverInterface::result_status_ = MPSOLVER_INFEASIBLE
E0000 00:00:1785773409.302994  290536 linear_solver.cc:2026] No solution exists. MPSolverInterface::result_status_ = MPSOLVER_INFEASIBLE
E0000 00:00:1785773409.372513  290536 linear_solver.cc:2026] No solution exists. MPSolverInterface::result_status_ = MPSOLVER_INFEASIBLE
E0000 00:00:1785773413.615566  290536 linear_solver.cc:2026] No solution exists. MPSolverInterface::result_status_ = MPSOLVER_INFEASIBLE
E0000 00:00:1785773413.671723  290536 linear_solver.cc:2026] No solution exists. MPSolverInterface::result_status_ = MPSOLVER_INFEASIBLE
E0000 00:00:1785773420.858291  290536 linear_solver.cc:2026] No solution exists. MPSolverInterface::result_status_ = MPSOLVER_INFEASIBLE
E0000 00:00:1785773420.916946  290536 linear_solver.cc:2026] No solution exists. MPSolverInterface::result_status_ = MPSOLVER_INFEASIBLE
E0000 00:00:1785773424.922441  290536 linear_solver.cc:2026] No solution exists. MPSolverInterface::result_status_ = MPSOLVER_INFEASIBLE
E0000 00:00:1785773424.933362  290536 linear_solver.cc:2026] No solution exists. MPSolverInterface::result_status_ = MPSOLVER_INFEASIBLE
E0000 00:00:1785773430.951793  290536 linear_solver.cc:2026] No solution exists. MPSolverInterface::result_status_ = MPSOLVER_INFEASIBLE
E0000 00:00:1785773431.019548  290536 linear_solver.cc:2026] No solution exists. MPSolverInterface::result_status_ = MPSOLVER_INFEASIBLE
E0000 00:00:1785773431.087625  290536 linear_solver.cc:2026] No solution exists. MPSolverInterface::result_status_ = MPSOLVER_INFEASIBLE
E0000 00:00:1785773437.064626  290536 linear_solver.cc:2026] No solution exists. MPSolverInterface::result_status_ = MPSOLVER_INFEASIBLE
E0000 00:00:1785773437.113547  290536 linear_solver.cc:2026] No solution exists. MPSolverInterface::result_status_ = MPSOLVER_INFEASIBLE
E0000 00:00:1785773437.162859  290536 linear_solver.cc:2026] No solution exists. MPSolverInterface::result_status_ = MPSOLVER_INFEASIBLE
E0000 00:00:1785773437.211492  290536 linear_solver.cc:2026] No solution exists. MPSolverInterface::result_status_ = MPSOLVER_INFEASIBLE
E0000 00:00:1785773437.259337  290536 linear_solver.cc:2026] No solution exists. MPSolverInterface::result_status_ = MPSOLVER_INFEASIBLE
E0000 00:00:1785773437.308605  290536 linear_solver.cc:2026] No solution exists. MPSolverInterface::result_status_ = MPSOLVER_INFEASIBLE
E0000 00:00:1785773437.357659  290536 linear_solver.cc:2026] No solution exists. MPSolverInterface::result_status_ = MPSOLVER_INFEASIBLE
E0000 00:00:1785773437.407118  290536 linear_solver.cc:2026] No solution exists. MPSolverInterface::result_status_ = MPSOLVER_INFEASIBLE
E0000 00:00:1785773437.990402  290536 linear_solver.cc:2026] No solution exists. MPSolverInterface::result_status_ = MPSOLVER_INFEASIBLE
E0000 00:00:1785773438.041647  290536 linear_solver.cc:2026] No solution exists. MPSolverInterface::result_status_ = MPSOLVER_INFEASIBLE
E0000 00:00:1785773438.093960  290536 linear_solver.cc:2026] No solution exists. MPSolverInterface::result_status_ = MPSOLVER_INFEASIBLE
E0000 00:00:1785773438.144825  290536 linear_solver.cc:2026] No solution exists. MPSolverInterface::result_status_ = MPSOLVER_INFEASIBLE
E0000 00:00:1785773438.197549  290536 linear_solver.cc:2026] No solution exists. MPSolverInterface::result_status_ = MPSOLVER_INFEASIBLE
E0000 00:00:1785773438.250289  290536 linear_solver.cc:2026] No solution exists. MPSolverInterface::result_status_ = MPSOLVER_INFEASIBLE
E0000 00:00:1785773438.302721  290536 linear_solver.cc:2026] No solution exists. MPSolverInterface::result_status_ = MPSOLVER_INFEASIBLE
E0000 00:00:1785773438.354631  290536 linear_solver.cc:2026] No solution exists. MPSolverInterface::result_status_ = MPSOLVER_INFEASIBLE
E0000 00:00:1785773440.094273  290536 linear_solver.cc:2026] No solution exists. MPSolverInterface::result_status_ = MPSOLVER_INFEASIBLE
E0000 00:00:1785773440.140560  290536 linear_solver.cc:2026] No solution exists. MPSolverInterface::result_status_ = MPSOLVER_INFEASIBLE
E0000 00:00:1785773440.186839  290536 linear_solver.cc:2026] No solution exists. MPSolverInterface::result_status_ = MPSOLVER_INFEASIBLE
E0000 00:00:1785773440.233347  290536 linear_solver.cc:2026] No solution exists. MPSolverInterface::result_status_ = MPSOLVER_INFEASIBLE
E0000 00:00:1785773440.280750  290536 linear_solver.cc:2026] No solution exists. MPSolverInterface::result_status_ = MPSOLVER_INFEASIBLE
E0000 00:00:1785773440.330844  290536 linear_solver.cc:2026] No solution exists. MPSolverInterface::result_status_ = MPSOLVER_INFEASIBLE
E0000 00:00:1785773440.379378  290536 linear_solver.cc:2026] No solution exists. MPSolverInterface::result_status_ = MPSOLVER_INFEASIBLE
E0000 00:00:1785773440.426649  290536 linear_solver.cc:2026] No solution exists. MPSolverInterface::result_status_ = MPSOLVER_INFEASIBLE
E0000 00:00:1785773443.773181  290536 linear_solver.cc:2026] No solution exists. MPSolverInterface::result_status_ = MPSOLVER_INFEASIBLE
E0000 00:00:1785773443.821110  290536 linear_solver.cc:2026] No solution exists. MPSolverInterface::result_status_ = MPSOLVER_INFEASIBLE
E0000 00:00:1785773443.868906  290536 linear_solver.cc:2026] No solution exists. MPSolverInterface::result_status_ = MPSOLVER_INFEASIBLE
E0000 00:00:1785773443.917235  290536 linear_solver.cc:2026] No solution exists. MPSolverInterface::result_status_ = MPSOLVER_INFEASIBLE
E0000 00:00:1785773451.355090  290536 linear_solver.cc:2026] No solution exists. MPSolverInterface::result_status_ = MPSOLVER_INFEASIBLE
E0000 00:00:1785773451.405911  290536 linear_solver.cc:2026] No solution exists. MPSolverInterface::result_status_ = MPSOLVER_INFEASIBLE
E0000 00:00:1785773455.947200  290536 linear_solver.cc:2026] No solution exists. MPSolverInterface::result_status_ = MPSOLVER_INFEASIBLE
E0000 00:00:1785773455.996926  290536 linear_solver.cc:2026] No solution exists. MPSolverInterface::result_status_ = MPSOLVER_INFEASIBLE
E0000 00:00:1785773456.048217  290536 linear_solver.cc:2026] No solution exists. MPSolverInterface::result_status_ = MPSOLVER_INFEASIBLE
E0000 00:00:1785773456.102787  290536 linear_solver.cc:2026] No solution exists. MPSolverInterface::result_status_ = MPSOLVER_INFEASIBLE
E0000 00:00:1785773456.157117  290536 linear_solver.cc:2026] No solution exists. MPSolverInterface::result_status_ = MPSOLVER_INFEASIBLE
E0000 00:00:1785773456.208861  290536 linear_solver.cc:2026] No solution exists. MPSolverInterface::result_status_ = MPSOLVER_INFEASIBLE
E0000 00:00:1785773456.260093  290536 linear_solver.cc:2026] No solution exists. MPSolverInterface::result_status_ = MPSOLVER_INFEASIBLE
E0000 00:00:1785773456.310477  290536 linear_solver.cc:2026] No solution exists. MPSolverInterface::result_status_ = MPSOLVER_INFEASIBLE
E0000 00:00:1785773457.337571  290536 linear_solver.cc:2026] No solution exists. MPSolverInterface::result_status_ = MPSOLVER_INFEASIBLE
E0000 00:00:1785773457.381824  290536 linear_solver.cc:2026] No solution exists. MPSolverInterface::result_status_ = MPSOLVER_INFEASIBLE
E0000 00:00:1785773457.426541  290536 linear_solver.cc:2026] No solution exists. MPSolverInterface::result_status_ = MPSOLVER_INFEASIBLE
E0000 00:00:1785773458.187265  290536 linear_solver.cc:2026] No solution exists. MPSolverInterface::result_status_ = MPSOLVER_INFEASIBLE
E0000 00:00:1785773458.238431  290536 linear_solver.cc:2026] No solution exists. MPSolverInterface::result_status_ = MPSOLVER_INFEASIBLE
E0000 00:00:1785773458.289774  290536 linear_solver.cc:2026] No solution exists. MPSolverInterface::result_status_ = MPSOLVER_INFEASIBLE
E0000 00:00:1785773458.340299  290536 linear_solver.cc:2026] No solution exists. MPSolverInterface::result_status_ = MPSOLVER_INFEASIBLE
E0000 00:00:1785773458.391486  290536 linear_solver.cc:2026] No solution exists. MPSolverInterface::result_status_ = MPSOLVER_INFEASIBLE
E0000 00:00:1785773458.442347  290536 linear_solver.cc:2026] No solution exists. MPSolverInterface::result_status_ = MPSOLVER_INFEASIBLE
E0000 00:00:1785773458.492873  290536 linear_solver.cc:2026] No solution exists. MPSolverInterface::result_status_ = MPSOLVER_INFEASIBLE
E0000 00:00:1785773458.544486  290536 linear_solver.cc:2026] No solution exists. MPSolverInterface::result_status_ = MPSOLVER_INFEASIBLE
E0000 00:00:1785773459.974580  290536 linear_solver.cc:2026] No solution exists. MPSolverInterface::result_status_ = MPSOLVER_INFEASIBLE
E0000 00:00:1785773460.030435  290536 linear_solver.cc:2026] No solution exists. MPSolverInterface::result_status_ = MPSOLVER_INFEASIBLE
E0000 00:00:1785773460.087101  290536 linear_solver.cc:2026] No solution exists. MPSolverInterface::result_status_ = MPSOLVER_INFEASIBLE
E0000 00:00:1785773460.142987  290536 linear_solver.cc:2026] No solution exists. MPSolverInterface::result_status_ = MPSOLVER_INFEASIBLE
E0000 00:00:1785773460.199288  290536 linear_solver.cc:2026] No solution exists. MPSolverInterface::result_status_ = MPSOLVER_INFEASIBLE
E0000 00:00:1785773466.105842  290536 linear_solver.cc:2026] No solution exists. MPSolverInterface::result_status_ = MPSOLVER_INFEASIBLE
E0000 00:00:1785773466.174059  290536 linear_solver.cc:2026] No solution exists. MPSolverInterface::result_status_ = MPSOLVER_INFEASIBLE
E0000 00:00:1785773470.920183  290536 linear_solver.cc:2026] No solution exists. MPSolverInterface::result_status_ = MPSOLVER_INFEASIBLE
E0000 00:00:1785773470.967395  290536 linear_solver.cc:2026] No solution exists. MPSolverInterface::result_status_ = MPSOLVER_INFEASIBLE
E0000 00:00:1785773473.852250  290536 linear_solver.cc:2026] No solution exists. MPSolverInterface::result_status_ = MPSOLVER_INFEASIBLE
E0000 00:00:1785773473.881151  290536 linear_solver.cc:2026] No solution exists. MPSolverInterface::result_status_ = MPSOLVER_INFEASIBLE
E0000 00:00:1785773475.336745  290536 linear_solver.cc:2026] No solution exists. MPSolverInterface::result_status_ = MPSOLVER_INFEASIBLE
E0000 00:00:1785773475.364125  290536 linear_solver.cc:2026] No solution exists. MPSolverInterface::result_status_ = MPSOLVER_INFEASIBLE
E0000 00:00:1785773477.006252  290536 linear_solver.cc:2026] No solution exists. MPSolverInterface::result_status_ = MPSOLVER_INFEASIBLE
E0000 00:00:1785773477.033148  290536 linear_solver.cc:2026] No solution exists. MPSolverInterface::result_status_ = MPSOLVER_INFEASIBLE
E0000 00:00:1785773478.354846  290536 linear_solver.cc:2026] No solution exists. MPSolverInterface::result_status_ = MPSOLVER_INFEASIBLE
E0000 00:00:1785773478.376895  290536 linear_solver.cc:2026] No solution exists. MPSolverInterface::result_status_ = MPSOLVER_INFEASIBLE
E0000 00:00:1785773479.412731  290536 linear_solver.cc:2026] No solution exists. MPSolverInterface::result_status_ = MPSOLVER_INFEASIBLE
E0000 00:00:1785773479.434614  290536 linear_solver.cc:2026] No solution exists. MPSolverInterface::result_status_ = MPSOLVER_INFEASIBLE
E0000 00:00:1785773481.289225  290536 linear_solver.cc:2026] No solution exists. MPSolverInterface::result_status_ = MPSOLVER_INFEASIBLE
E0000 00:00:1785773481.340672  290536 linear_solver.cc:2026] No solution exists. MPSolverInterface::result_status_ = MPSOLVER_INFEASIBLE
E0000 00:00:1785773481.392172  290536 linear_solver.cc:2026] No solution exists. MPSolverInterface::result_status_ = MPSOLVER_INFEASIBLE
E0000 00:00:1785773481.444255  290536 linear_solver.cc:2026] No solution exists. MPSolverInterface::result_status_ = MPSOLVER_INFEASIBLE
E0000 00:00:1785773481.495692  290536 linear_solver.cc:2026] No solution exists. MPSolverInterface::result_status_ = MPSOLVER_INFEASIBLE
E0000 00:00:1785773481.547041  290536 linear_solver.cc:2026] No solution exists. MPSolverInterface::result_status_ = MPSOLVER_INFEASIBLE
E0000 00:00:1785773481.598359  290536 linear_solver.cc:2026] No solution exists. MPSolverInterface::result_status_ = MPSOLVER_INFEASIBLE
E0000 00:00:1785773481.649335  290536 linear_solver.cc:2026] No solution exists. MPSolverInterface::result_status_ = MPSOLVER_INFEASIBLE
E0000 00:00:1785773483.804227  290536 linear_solver.cc:2026] No solution exists. MPSolverInterface::result_status_ = MPSOLVER_INFEASIBLE
E0000 00:00:1785773483.857615  290536 linear_solver.cc:2026] No solution exists. MPSolverInterface::result_status_ = MPSOLVER_INFEASIBLE
E0000 00:00:1785773483.911447  290536 linear_solver.cc:2026] No solution exists. MPSolverInterface::result_status_ = MPSOLVER_INFEASIBLE
E0000 00:00:1785773483.964123  290536 linear_solver.cc:2026] No solution exists. MPSolverInterface::result_status_ = MPSOLVER_INFEASIBLE
E0000 00:00:1785773484.017146  290536 linear_solver.cc:2026] No solution exists. MPSolverInterface::result_status_ = MPSOLVER_INFEASIBLE
E0000 00:00:1785773486.937492  290536 linear_solver.cc:2026] No solution exists. MPSolverInterface::result_status_ = MPSOLVER_INFEASIBLE
E0000 00:00:1785773486.991020  290536 linear_solver.cc:2026] No solution exists. MPSolverInterface::result_status_ = MPSOLVER_INFEASIBLE
E0000 00:00:1785773487.044651  290536 linear_solver.cc:2026] No solution exists. MPSolverInterface::result_status_ = MPSOLVER_INFEASIBLE
E0000 00:00:1785773487.098049  290536 linear_solver.cc:2026] No solution exists. MPSolverInterface::result_status_ = MPSOLVER_INFEASIBLE
E0000 00:00:1785773487.151914  290536 linear_solver.cc:2026] No solution exists. MPSolverInterface::result_status_ = MPSOLVER_INFEASIBLE
E0000 00:00:1785773492.488544  290536 linear_solver.cc:2026] No solution exists. MPSolverInterface::result_status_ = MPSOLVER_INFEASIBLE
E0000 00:00:1785773492.554256  290536 linear_solver.cc:2026] No solution exists. MPSolverInterface::result_status_ = MPSOLVER_INFEASIBLE
E0000 00:00:1785773505.172206  290536 linear_solver.cc:2026] No solution exists. MPSolverInterface::result_status_ = MPSOLVER_INFEASIBLE
E0000 00:00:1785773505.249729  290536 linear_solver.cc:2026] No solution exists. MPSolverInterface::result_status_ = MPSOLVER_INFEASIBLE
E0000 00:00:1785773518.037819  290536 linear_solver.cc:2026] No solution exists. MPSolverInterface::result_status_ = MPSOLVER_INFEASIBLE
E0000 00:00:1785773518.086413  290536 linear_solver.cc:2026] No solution exists. MPSolverInterface::result_status_ = MPSOLVER_INFEASIBLE
E0000 00:00:1785773518.135263  290536 linear_solver.cc:2026] No solution exists. MPSolverInterface::result_status_ = MPSOLVER_INFEASIBLE
E0000 00:00:1785773518.186114  290536 linear_solver.cc:2026] No solution exists. MPSolverInterface::result_status_ = MPSOLVER_INFEASIBLE
E0000 00:00:1785773518.238050  290536 linear_solver.cc:2026] No solution exists. MPSolverInterface::result_status_ = MPSOLVER_INFEASIBLE
E0000 00:00:1785773518.288611  290536 linear_solver.cc:2026] No solution exists. MPSolverInterface::result_status_ = MPSOLVER_INFEASIBLE
E0000 00:00:1785773518.337801  290536 linear_solver.cc:2026] No solution exists. MPSolverInterface::result_status_ = MPSOLVER_INFEASIBLE
E0000 00:00:1785773518.386417  290536 linear_solver.cc:2026] No solution exists. MPSolverInterface::result_status_ = MPSOLVER_INFEASIBLE
E0000 00:00:1785773520.577188  290536 linear_solver.cc:2026] No solution exists. MPSolverInterface::result_status_ = MPSOLVER_INFEASIBLE
E0000 00:00:1785773520.586374  290536 linear_solver.cc:2026] No solution exists. MPSolverInterface::result_status_ = MPSOLVER_INFEASIBLE
E0000 00:00:1785773521.980394  290536 linear_solver.cc:2026] No solution exists. MPSolverInterface::result_status_ = MPSOLVER_INFEASIBLE
E0000 00:00:1785773522.019120  290536 linear_solver.cc:2026] No solution exists. MPSolverInterface::result_status_ = MPSOLVER_INFEASIBLE
E0000 00:00:1785773522.058402  290536 linear_solver.cc:2026] No solution exists. MPSolverInterface::result_status_ = MPSOLVER_INFEASIBLE
E0000 00:00:1785773522.097953  290536 linear_solver.cc:2026] No solution exists. MPSolverInterface::result_status_ = MPSOLVER_INFEASIBLE
E0000 00:00:1785773522.137210  290536 linear_solver.cc:2026] No solution exists. MPSolverInterface::result_status_ = MPSOLVER_INFEASIBLE
E0000 00:00:1785773522.176392  290536 linear_solver.cc:2026] No solution exists. MPSolverInterface::result_status_ = MPSOLVER_INFEASIBLE
E0000 00:00:1785773522.215463  290536 linear_solver.cc:2026] No solution exists. MPSolverInterface::result_status_ = MPSOLVER_INFEASIBLE
E0000 00:00:1785773522.253895  290536 linear_solver.cc:2026] No solution exists. MPSolverInterface::result_status_ = MPSOLVER_INFEASIBLE
E0000 00:00:1785773522.707191  290536 linear_solver.cc:2026] No solution exists. MPSolverInterface::result_status_ = MPSOLVER_INFEASIBLE
E0000 00:00:1785773522.720844  290536 linear_solver.cc:2026] No solution exists. MPSolverInterface::result_status_ = MPSOLVER_INFEASIBLE
E0000 00:00:1785773523.074088  290536 linear_solver.cc:2026] No solution exists. MPSolverInterface::result_status_ = MPSOLVER_INFEASIBLE
E0000 00:00:1785773523.113266  290536 linear_solver.cc:2026] No solution exists. MPSolverInterface::result_status_ = MPSOLVER_INFEASIBLE
E0000 00:00:1785773523.152764  290536 linear_solver.cc:2026] No solution exists. MPSolverInterface::result_status_ = MPSOLVER_INFEASIBLE
E0000 00:00:1785773523.192753  290536 linear_solver.cc:2026] No solution exists. MPSolverInterface::result_status_ = MPSOLVER_INFEASIBLE
E0000 00:00:1785773523.232639  290536 linear_solver.cc:2026] No solution exists. MPSolverInterface::result_status_ = MPSOLVER_INFEASIBLE
E0000 00:00:1785773523.272128  290536 linear_solver.cc:2026] No solution exists. MPSolverInterface::result_status_ = MPSOLVER_INFEASIBLE
E0000 00:00:1785773523.311212  290536 linear_solver.cc:2026] No solution exists. MPSolverInterface::result_status_ = MPSOLVER_INFEASIBLE
E0000 00:00:1785773523.351173  290536 linear_solver.cc:2026] No solution exists. MPSolverInterface::result_status_ = MPSOLVER_INFEASIBLE
E0000 00:00:1785773524.160336  290536 linear_solver.cc:2026] No solution exists. MPSolverInterface::result_status_ = MPSOLVER_INFEASIBLE
E0000 00:00:1785773524.180235  290536 linear_solver.cc:2026] No solution exists. MPSolverInterface::result_status_ = MPSOLVER_INFEASIBLE
E0000 00:00:1785773536.352184  290536 linear_solver.cc:2026] No solution exists. MPSolverInterface::result_status_ = MPSOLVER_INFEASIBLE
E0000 00:00:1785773536.398597  290536 linear_solver.cc:2026] No solution exists. MPSolverInterface::result_status_ = MPSOLVER_INFEASIBLE
E0000 00:00:1785773538.832243  290536 linear_solver.cc:2026] No solution exists. MPSolverInterface::result_status_ = MPSOLVER_INFEASIBLE
E0000 00:00:1785773538.885974  290536 linear_solver.cc:2026] No solution exists. MPSolverInterface::result_status_ = MPSOLVER_INFEASIBLE
E0000 00:00:1785773538.939856  290536 linear_solver.cc:2026] No solution exists. MPSolverInterface::result_status_ = MPSOLVER_INFEASIBLE
E0000 00:00:1785773538.993156  290536 linear_solver.cc:2026] No solution exists. MPSolverInterface::result_status_ = MPSOLVER_INFEASIBLE
E0000 00:00:1785773539.046334  290536 linear_solver.cc:2026] No solution exists. MPSolverInterface::result_status_ = MPSOLVER_INFEASIBLE
E0000 00:00:1785773552.469520  290536 linear_solver.cc:2026] No solution exists. MPSolverInterface::result_status_ = MPSOLVER_INFEASIBLE
E0000 00:00:1785773552.550194  290536 linear_solver.cc:2026] No solution exists. MPSolverInterface::result_status_ = MPSOLVER_INFEASIBLE
E0000 00:00:1785773563.439529  290536 linear_solver.cc:2026] No solution exists. MPSolverInterface::result_status_ = MPSOLVER_INFEASIBLE
E0000 00:00:1785773563.488621  290536 linear_solver.cc:2026] No solution exists. MPSolverInterface::result_status_ = MPSOLVER_INFEASIBLE
E0000 00:00:1785773563.538001  290536 linear_solver.cc:2026] No solution exists. MPSolverInterface::result_status_ = MPSOLVER_INFEASIBLE
E0000 00:00:1785773563.586598  290536 linear_solver.cc:2026] No solution exists. MPSolverInterface::result_status_ = MPSOLVER_INFEASIBLE
E0000 00:00:1785773563.635172  290536 linear_solver.cc:2026] No solution exists. MPSolverInterface::result_status_ = MPSOLVER_INFEASIBLE
E0000 00:00:1785773563.683927  290536 linear_solver.cc:2026] No solution exists. MPSolverInterface::result_status_ = MPSOLVER_INFEASIBLE
E0000 00:00:1785773563.733035  290536 linear_solver.cc:2026] No solution exists. MPSolverInterface::result_status_ = MPSOLVER_INFEASIBLE
E0000 00:00:1785773563.781976  290536 linear_solver.cc:2026] No solution exists. MPSolverInterface::result_status_ = MPSOLVER_INFEASIBLE
E0000 00:00:1785773564.431139  290536 linear_solver.cc:2026] No solution exists. MPSolverInterface::result_status_ = MPSOLVER_INFEASIBLE
E0000 00:00:1785773564.485821  290536 linear_solver.cc:2026] No solution exists. MPSolverInterface::result_status_ = MPSOLVER_INFEASIBLE
E0000 00:00:1785773564.540734  290536 linear_solver.cc:2026] No solution exists. MPSolverInterface::result_status_ = MPSOLVER_INFEASIBLE
E0000 00:00:1785773564.594818  290536 linear_solver.cc:2026] No solution exists. MPSolverInterface::result_status_ = MPSOLVER_INFEASIBLE
E0000 00:00:1785773564.648759  290536 linear_solver.cc:2026] No solution exists. MPSolverInterface::result_status_ = MPSOLVER_INFEASIBLE
E0000 00:00:1785773564.701901  290536 linear_solver.cc:2026] No solution exists. MPSolverInterface::result_status_ = MPSOLVER_INFEASIBLE
E0000 00:00:1785773564.756685  290536 linear_solver.cc:2026] No solution exists. MPSolverInterface::result_status_ = MPSOLVER_INFEASIBLE
E0000 00:00:1785773564.810275  290536 linear_solver.cc:2026] No solution exists. MPSolverInterface::result_status_ = MPSOLVER_INFEASIBLE
E0000 00:00:1785773565.453917  290536 linear_solver.cc:2026] No solution exists. MPSolverInterface::result_status_ = MPSOLVER_INFEASIBLE
E0000 00:00:1785773565.505531  290536 linear_solver.cc:2026] No solution exists. MPSolverInterface::result_status_ = MPSOLVER_INFEASIBLE
E0000 00:00:1785773565.556613  290536 linear_solver.cc:2026] No solution exists. MPSolverInterface::result_status_ = MPSOLVER_INFEASIBLE
E0000 00:00:1785773565.607358  290536 linear_solver.cc:2026] No solution exists. MPSolverInterface::result_status_ = MPSOLVER_INFEASIBLE
E0000 00:00:1785773565.658085  290536 linear_solver.cc:2026] No solution exists. MPSolverInterface::result_status_ = MPSOLVER_INFEASIBLE
E0000 00:00:1785773565.708456  290536 linear_solver.cc:2026] No solution exists. MPSolverInterface::result_status_ = MPSOLVER_INFEASIBLE
E0000 00:00:1785773565.759429  290536 linear_solver.cc:2026] No solution exists. MPSolverInterface::result_status_ = MPSOLVER_INFEASIBLE
E0000 00:00:1785773565.810058  290536 linear_solver.cc:2026] No solution exists. MPSolverInterface::result_status_ = MPSOLVER_INFEASIBLE
E0000 00:00:1785773576.003422  290536 linear_solver.cc:2026] No solution exists. MPSolverInterface::result_status_ = MPSOLVER_INFEASIBLE
E0000 00:00:1785773576.082149  290536 linear_solver.cc:2026] No solution exists. MPSolverInterface::result_status_ = MPSOLVER_INFEASIBLE
E0000 00:00:1785773589.671921  290536 linear_solver.cc:2026] No solution exists. MPSolverInterface::result_status_ = MPSOLVER_INFEASIBLE
E0000 00:00:1785773589.745937  290536 linear_solver.cc:2026] No solution exists. MPSolverInterface::result_status_ = MPSOLVER_INFEASIBLE
E0000 00:00:1785773593.871286  290536 linear_solver.cc:2026] No solution exists. MPSolverInterface::result_status_ = MPSOLVER_INFEASIBLE
E0000 00:00:1785773593.913425  290536 linear_solver.cc:2026] No solution exists. MPSolverInterface::result_status_ = MPSOLVER_INFEASIBLE
E0000 00:00:1785773600.222041  290536 linear_solver.cc:2026] No solution exists. MPSolverInterface::result_status_ = MPSOLVER_INFEASIBLE
E0000 00:00:1785773600.275087  290536 linear_solver.cc:2026] No solution exists. MPSolverInterface::result_status_ = MPSOLVER_INFEASIBLE
E0000 00:00:1785773606.700268  290536 linear_solver.cc:2026] No solution exists. MPSolverInterface::result_status_ = MPSOLVER_INFEASIBLE
E0000 00:00:1785773606.746581  290536 linear_solver.cc:2026] No solution exists. MPSolverInterface::result_status_ = MPSOLVER_INFEASIBLE
E0000 00:00:1785773616.579789  290536 linear_solver.cc:2026] No solution exists. MPSolverInterface::result_status_ = MPSOLVER_INFEASIBLE
E0000 00:00:1785773616.631709  290536 linear_solver.cc:2026] No solution exists. MPSolverInterface::result_status_ = MPSOLVER_INFEASIBLE
E0000 00:00:1785773621.300403  290536 linear_solver.cc:2026] No solution exists. MPSolverInterface::result_status_ = MPSOLVER_INFEASIBLE
E0000 00:00:1785773621.310753  290536 linear_solver.cc:2026] No solution exists. MPSolverInterface::result_status_ = MPSOLVER_INFEASIBLE
E0000 00:00:1785773626.491276  290536 linear_solver.cc:2026] No solution exists. MPSolverInterface::result_status_ = MPSOLVER_INFEASIBLE
E0000 00:00:1785773626.533887  290536 linear_solver.cc:2026] No solution exists. MPSolverInterface::result_status_ = MPSOLVER_INFEASIBLE
E0000 00:00:1785773626.576237  290536 linear_solver.cc:2026] No solution exists. MPSolverInterface::result_status_ = MPSOLVER_INFEASIBLE
E0000 00:00:1785773626.619766  290536 linear_solver.cc:2026] No solution exists. MPSolverInterface::result_status_ = MPSOLVER_INFEASIBLE
E0000 00:00:1785773626.662219  290536 linear_solver.cc:2026] No solution exists. MPSolverInterface::result_status_ = MPSOLVER_INFEASIBLE
E0000 00:00:1785773630.723724  290536 linear_solver.cc:2026] No solution exists. MPSolverInterface::result_status_ = MPSOLVER_INFEASIBLE
E0000 00:00:1785773630.734422  290536 linear_solver.cc:2026] No solution exists. MPSolverInterface::result_status_ = MPSOLVER_INFEASIBLE
E0000 00:00:1785773630.745108  290536 linear_solver.cc:2026] No solution exists. MPSolverInterface::result_status_ = MPSOLVER_INFEASIBLE
E0000 00:00:1785773630.755790  290536 linear_solver.cc:2026] No solution exists. MPSolverInterface::result_status_ = MPSOLVER_INFEASIBLE
E0000 00:00:1785773630.766568  290536 linear_solver.cc:2026] No solution exists. MPSolverInterface::result_status_ = MPSOLVER_INFEASIBLE
E0000 00:00:1785773630.777571  290536 linear_solver.cc:2026] No solution exists. MPSolverInterface::result_status_ = MPSOLVER_INFEASIBLE
E0000 00:00:1785773630.788696  290536 linear_solver.cc:2026] No solution exists. MPSolverInterface::result_status_ = MPSOLVER_INFEASIBLE
E0000 00:00:1785773630.799631  290536 linear_solver.cc:2026] No solution exists. MPSolverInterface::result_status_ = MPSOLVER_INFEASIBLE
E0000 00:00:1785773630.924381  290536 linear_solver.cc:2026] No solution exists. MPSolverInterface::result_status_ = MPSOLVER_INFEASIBLE
E0000 00:00:1785773630.935201  290536 linear_solver.cc:2026] No solution exists. MPSolverInterface::result_status_ = MPSOLVER_INFEASIBLE
E0000 00:00:1785773630.945665  290536 linear_solver.cc:2026] No solution exists. MPSolverInterface::result_status_ = MPSOLVER_INFEASIBLE
E0000 00:00:1785773630.956694  290536 linear_solver.cc:2026] No solution exists. MPSolverInterface::result_status_ = MPSOLVER_INFEASIBLE
E0000 00:00:1785773630.967336  290536 linear_solver.cc:2026] No solution exists. MPSolverInterface::result_status_ = MPSOLVER_INFEASIBLE
E0000 00:00:1785773630.978213  290536 linear_solver.cc:2026] No solution exists. MPSolverInterface::result_status_ = MPSOLVER_INFEASIBLE
E0000 00:00:1785773630.989092  290536 linear_solver.cc:2026] No solution exists. MPSolverInterface::result_status_ = MPSOLVER_INFEASIBLE
E0000 00:00:1785773630.999980  290536 linear_solver.cc:2026] No solution exists. MPSolverInterface::result_status_ = MPSOLVER_INFEASIBLE
E0000 00:00:1785773632.318210  290536 linear_solver.cc:2026] No solution exists. MPSolverInterface::result_status_ = MPSOLVER_INFEASIBLE
E0000 00:00:1785773632.364606  290536 linear_solver.cc:2026] No solution exists. MPSolverInterface::result_status_ = MPSOLVER_INFEASIBLE
E0000 00:00:1785773632.411643  290536 linear_solver.cc:2026] No solution exists. MPSolverInterface::result_status_ = MPSOLVER_INFEASIBLE
E0000 00:00:1785773632.458715  290536 linear_solver.cc:2026] No solution exists. MPSolverInterface::result_status_ = MPSOLVER_INFEASIBLE
E0000 00:00:1785773632.505123  290536 linear_solver.cc:2026] No solution exists. MPSolverInterface::result_status_ = MPSOLVER_INFEASIBLE
E0000 00:00:1785773632.551992  290536 linear_solver.cc:2026] No solution exists. MPSolverInterface::result_status_ = MPSOLVER_INFEASIBLE
E0000 00:00:1785773632.599730  290536 linear_solver.cc:2026] No solution exists. MPSolverInterface::result_status_ = MPSOLVER_INFEASIBLE
E0000 00:00:1785773632.648102  290536 linear_solver.cc:2026] No solution exists. MPSolverInterface::result_status_ = MPSOLVER_INFEASIBLE
E0000 00:00:1785773635.773165  290536 linear_solver.cc:2026] No solution exists. MPSolverInterface::result_status_ = MPSOLVER_INFEASIBLE
E0000 00:00:1785773635.789334  290536 linear_solver.cc:2026] No solution exists. MPSolverInterface::result_status_ = MPSOLVER_INFEASIBLE
E0000 00:00:1785773636.123200  290536 linear_solver.cc:2026] No solution exists. MPSolverInterface::result_status_ = MPSOLVER_INFEASIBLE
E0000 00:00:1785773636.138216  290536 linear_solver.cc:2026] No solution exists. MPSolverInterface::result_status_ = MPSOLVER_INFEASIBLE
E0000 00:00:1785773636.589375  290536 linear_solver.cc:2026] No solution exists. MPSolverInterface::result_status_ = MPSOLVER_INFEASIBLE
E0000 00:00:1785773636.614150  290536 linear_solver.cc:2026] No solution exists. MPSolverInterface::result_status_ = MPSOLVER_INFEASIBLE
E0000 00:00:1785773636.639305  290536 linear_solver.cc:2026] No solution exists. MPSolverInterface::result_status_ = MPSOLVER_INFEASIBLE
E0000 00:00:1785773636.664548  290536 linear_solver.cc:2026] No solution exists. MPSolverInterface::result_status_ = MPSOLVER_INFEASIBLE
E0000 00:00:1785773636.689712  290536 linear_solver.cc:2026] No solution exists. MPSolverInterface::result_status_ = MPSOLVER_INFEASIBLE
E0000 00:00:1785773636.714661  290536 linear_solver.cc:2026] No solution exists. MPSolverInterface::result_status_ = MPSOLVER_INFEASIBLE
E0000 00:00:1785773636.739507  290536 linear_solver.cc:2026] No solution exists. MPSolverInterface::result_status_ = MPSOLVER_INFEASIBLE
E0000 00:00:1785773636.764088  290536 linear_solver.cc:2026] No solution exists. MPSolverInterface::result_status_ = MPSOLVER_INFEASIBLE
E0000 00:00:1785773639.864511  290536 linear_solver.cc:2026] No solution exists. MPSolverInterface::result_status_ = MPSOLVER_INFEASIBLE
E0000 00:00:1785773643.573894  290536 linear_solver.cc:2026] No solution exists. MPSolverInterface::result_status_ = MPSOLVER_INFEASIBLE
E0000 00:00:1785773643.621554  290536 linear_solver.cc:2026] No solution exists. MPSolverInterface::result_status_ = MPSOLVER_INFEASIBLE
E0000 00:00:1785773643.669222  290536 linear_solver.cc:2026] No solution exists. MPSolverInterface::result_status_ = MPSOLVER_INFEASIBLE
E0000 00:00:1785773643.716753  290536 linear_solver.cc:2026] No solution exists. MPSolverInterface::result_status_ = MPSOLVER_INFEASIBLE
E0000 00:00:1785773643.764106  290536 linear_solver.cc:2026] No solution exists. MPSolverInterface::result_status_ = MPSOLVER_INFEASIBLE
E0000 00:00:1785773643.810819  290536 linear_solver.cc:2026] No solution exists. MPSolverInterface::result_status_ = MPSOLVER_INFEASIBLE
E0000 00:00:1785773643.857833  290536 linear_solver.cc:2026] No solution exists. MPSolverInterface::result_status_ = MPSOLVER_INFEASIBLE
E0000 00:00:1785773643.905203  290536 linear_solver.cc:2026] No solution exists. MPSolverInterface::result_status_ = MPSOLVER_INFEASIBLE
E0000 00:00:1785773653.743204  290536 linear_solver.cc:2026] No solution exists. MPSolverInterface::result_status_ = MPSOLVER_INFEASIBLE
E0000 00:00:1785773653.767756  290536 linear_solver.cc:2026] No solution exists. MPSolverInterface::result_status_ = MPSOLVER_INFEASIBLE
E0000 00:00:1785773654.752858  290536 linear_solver.cc:2026] No solution exists. MPSolverInterface::result_status_ = MPSOLVER_INFEASIBLE
E0000 00:00:1785773654.795172  290536 linear_solver.cc:2026] No solution exists. MPSolverInterface::result_status_ = MPSOLVER_INFEASIBLE
E0000 00:00:1785773654.837755  290536 linear_solver.cc:2026] No solution exists. MPSolverInterface::result_status_ = MPSOLVER_INFEASIBLE
E0000 00:00:1785773654.880713  290536 linear_solver.cc:2026] No solution exists. MPSolverInterface::result_status_ = MPSOLVER_INFEASIBLE
E0000 00:00:1785773654.922644  290536 linear_solver.cc:2026] No solution exists. MPSolverInterface::result_status_ = MPSOLVER_INFEASIBLE
E0000 00:00:1785773654.964218  290536 linear_solver.cc:2026] No solution exists. MPSolverInterface::result_status_ = MPSOLVER_INFEASIBLE
E0000 00:00:1785773661.524005  290536 linear_solver.cc:2026] No solution exists. MPSolverInterface::result_status_ = MPSOLVER_INFEASIBLE
E0000 00:00:1785773661.573745  290536 linear_solver.cc:2026] No solution exists. MPSolverInterface::result_status_ = MPSOLVER_INFEASIBLE
E0000 00:00:1785773670.611179  290536 linear_solver.cc:2026] No solution exists. MPSolverInterface::result_status_ = MPSOLVER_INFEASIBLE
E0000 00:00:1785773670.666202  290536 linear_solver.cc:2026] No solution exists. MPSolverInterface::result_status_ = MPSOLVER_INFEASIBLE
E0000 00:00:1785773670.721486  290536 linear_solver.cc:2026] No solution exists. MPSolverInterface::result_status_ = MPSOLVER_INFEASIBLE
E0000 00:00:1785773670.775434  290536 linear_solver.cc:2026] No solution exists. MPSolverInterface::result_status_ = MPSOLVER_INFEASIBLE
E0000 00:00:1785773670.830792  290536 linear_solver.cc:2026] No solution exists. MPSolverInterface::result_status_ = MPSOLVER_INFEASIBLE
E0000 00:00:1785773670.883796  290536 linear_solver.cc:2026] No solution exists. MPSolverInterface::result_status_ = MPSOLVER_INFEASIBLE
E0000 00:00:1785773670.936762  290536 linear_solver.cc:2026] No solution exists. MPSolverInterface::result_status_ = MPSOLVER_INFEASIBLE
E0000 00:00:1785773670.991564  290536 linear_solver.cc:2026] No solution exists. MPSolverInterface::result_status_ = MPSOLVER_INFEASIBLE
E0000 00:00:1785773677.245504  290536 linear_solver.cc:2026] No solution exists. MPSolverInterface::result_status_ = MPSOLVER_INFEASIBLE
E0000 00:00:1785773677.304708  290536 linear_solver.cc:2026] No solution exists. MPSolverInterface::result_status_ = MPSOLVER_INFEASIBLE
E0000 00:00:1785773680.782265  290536 linear_solver.cc:2026] No solution exists. MPSolverInterface::result_status_ = MPSOLVER_INFEASIBLE
E0000 00:00:1785773680.840390  290536 linear_solver.cc:2026] No solution exists. MPSolverInterface::result_status_ = MPSOLVER_INFEASIBLE
E0000 00:00:1785773682.147750  290536 linear_solver.cc:2026] No solution exists. MPSolverInterface::result_status_ = MPSOLVER_INFEASIBLE
E0000 00:00:1785773682.191740  290536 linear_solver.cc:2026] No solution exists. MPSolverInterface::result_status_ = MPSOLVER_INFEASIBLE
E0000 00:00:1785773682.236475  290536 linear_solver.cc:2026] No solution exists. MPSolverInterface::result_status_ = MPSOLVER_INFEASIBLE
E0000 00:00:1785773682.281736  290536 linear_solver.cc:2026] No solution exists. MPSolverInterface::result_status_ = MPSOLVER_INFEASIBLE
E0000 00:00:1785773682.326325  290536 linear_solver.cc:2026] No solution exists. MPSolverInterface::result_status_ = MPSOLVER_INFEASIBLE
E0000 00:00:1785773682.369971  290536 linear_solver.cc:2026] No solution exists. MPSolverInterface::result_status_ = MPSOLVER_INFEASIBLE
E0000 00:00:1785773682.414471  290536 linear_solver.cc:2026] No solution exists. MPSolverInterface::result_status_ = MPSOLVER_INFEASIBLE
E0000 00:00:1785773682.459267  290536 linear_solver.cc:2026] No solution exists. MPSolverInterface::result_status_ = MPSOLVER_INFEASIBLE
E0000 00:00:1785773682.996112  290536 linear_solver.cc:2026] No solution exists. MPSolverInterface::result_status_ = MPSOLVER_INFEASIBLE
E0000 00:00:1785773683.042568  290536 linear_solver.cc:2026] No solution exists. MPSolverInterface::result_status_ = MPSOLVER_INFEASIBLE
E0000 00:00:1785773683.086704  290536 linear_solver.cc:2026] No solution exists. MPSolverInterface::result_status_ = MPSOLVER_INFEASIBLE
E0000 00:00:1785773683.130285  290536 linear_solver.cc:2026] No solution exists. MPSolverInterface::result_status_ = MPSOLVER_INFEASIBLE
E0000 00:00:1785773683.173808  290536 linear_solver.cc:2026] No solution exists. MPSolverInterface::result_status_ = MPSOLVER_INFEASIBLE
E0000 00:00:1785773683.217574  290536 linear_solver.cc:2026] No solution exists. MPSolverInterface::result_status_ = MPSOLVER_INFEASIBLE
E0000 00:00:1785773683.261072  290536 linear_solver.cc:2026] No solution exists. MPSolverInterface::result_status_ = MPSOLVER_INFEASIBLE
E0000 00:00:1785773683.304545  290536 linear_solver.cc:2026] No solution exists. MPSolverInterface::result_status_ = MPSOLVER_INFEASIBLE
E0000 00:00:1785773684.188451  290536 linear_solver.cc:2026] No solution exists. MPSolverInterface::result_status_ = MPSOLVER_INFEASIBLE
E0000 00:00:1785773684.233820  290536 linear_solver.cc:2026] No solution exists. MPSolverInterface::result_status_ = MPSOLVER_INFEASIBLE
E0000 00:00:1785773684.278961  290536 linear_solver.cc:2026] No solution exists. MPSolverInterface::result_status_ = MPSOLVER_INFEASIBLE
E0000 00:00:1785773684.324263  290536 linear_solver.cc:2026] No solution exists. MPSolverInterface::result_status_ = MPSOLVER_INFEASIBLE
E0000 00:00:1785773684.370675  290536 linear_solver.cc:2026] No solution exists. MPSolverInterface::result_status_ = MPSOLVER_INFEASIBLE
E0000 00:00:1785773688.386873  290536 linear_solver.cc:2026] No solution exists. MPSolverInterface::result_status_ = MPSOLVER_INFEASIBLE
E0000 00:00:1785773688.431955  290536 linear_solver.cc:2026] No solution exists. MPSolverInterface::result_status_ = MPSOLVER_INFEASIBLE
E0000 00:00:1785773690.930234  290536 linear_solver.cc:2026] No solution exists. MPSolverInterface::result_status_ = MPSOLVER_INFEASIBLE
E0000 00:00:1785773690.960622  290536 linear_solver.cc:2026] No solution exists. MPSolverInterface::result_status_ = MPSOLVER_INFEASIBLE
E0000 00:00:1785773694.087857  290536 linear_solver.cc:2026] No solution exists. MPSolverInterface::result_status_ = MPSOLVER_INFEASIBLE
E0000 00:00:1785773694.136877  290536 linear_solver.cc:2026] No solution exists. MPSolverInterface::result_status_ = MPSOLVER_INFEASIBLE
E0000 00:00:1785773701.860551  290536 linear_solver.cc:2026] No solution exists. MPSolverInterface::result_status_ = MPSOLVER_INFEASIBLE
E0000 00:00:1785773701.925901  290536 linear_solver.cc:2026] No solution exists. MPSolverInterface::result_status_ = MPSOLVER_INFEASIBLE
E0000 00:00:1785773711.796292  290536 linear_solver.cc:2026] No solution exists. MPSolverInterface::result_status_ = MPSOLVER_INFEASIBLE
E0000 00:00:1785773711.855128  290536 linear_solver.cc:2026] No solution exists. MPSolverInterface::result_status_ = MPSOLVER_INFEASIBLE
E0000 00:00:1785773717.784407  290536 linear_solver.cc:2026] No solution exists. MPSolverInterface::result_status_ = MPSOLVER_INFEASIBLE
E0000 00:00:1785773717.838013  290536 linear_solver.cc:2026] No solution exists. MPSolverInterface::result_status_ = MPSOLVER_INFEASIBLE
E0000 00:00:1785773721.226480  290536 linear_solver.cc:2026] No solution exists. MPSolverInterface::result_status_ = MPSOLVER_INFEASIBLE
E0000 00:00:1785773721.237333  290536 linear_solver.cc:2026] No solution exists. MPSolverInterface::result_status_ = MPSOLVER_INFEASIBLE
E0000 00:00:1785773724.476820  290536 linear_solver.cc:2026] No solution exists. MPSolverInterface::result_status_ = MPSOLVER_INFEASIBLE
E0000 00:00:1785773724.533017  290536 linear_solver.cc:2026] No solution exists. MPSolverInterface::result_status_ = MPSOLVER_INFEASIBLE
E0000 00:00:1785773728.117501  290536 linear_solver.cc:2026] No solution exists. MPSolverInterface::result_status_ = MPSOLVER_INFEASIBLE
E0000 00:00:1785773728.173073  290536 linear_solver.cc:2026] No solution exists. MPSolverInterface::result_status_ = MPSOLVER_INFEASIBLE
E0000 00:00:1785773730.780938  290536 linear_solver.cc:2026] No solution exists. MPSolverInterface::result_status_ = MPSOLVER_INFEASIBLE
E0000 00:00:1785773730.824300  290536 linear_solver.cc:2026] No solution exists. MPSolverInterface::result_status_ = MPSOLVER_INFEASIBLE
E0000 00:00:1785773730.868174  290536 linear_solver.cc:2026] No solution exists. MPSolverInterface::result_status_ = MPSOLVER_INFEASIBLE
E0000 00:00:1785773730.911765  290536 linear_solver.cc:2026] No solution exists. MPSolverInterface::result_status_ = MPSOLVER_INFEASIBLE
E0000 00:00:1785773730.954689  290536 linear_solver.cc:2026] No solution exists. MPSolverInterface::result_status_ = MPSOLVER_INFEASIBLE
E0000 00:00:1785773730.997382  290536 linear_solver.cc:2026] No solution exists. MPSolverInterface::result_status_ = MPSOLVER_INFEASIBLE
E0000 00:00:1785773731.040233  290536 linear_solver.cc:2026] No solution exists. MPSolverInterface::result_status_ = MPSOLVER_INFEASIBLE
E0000 00:00:1785773731.083501  290536 linear_solver.cc:2026] No solution exists. MPSolverInterface::result_status_ = MPSOLVER_INFEASIBLE
E0000 00:00:1785773731.622451  290536 linear_solver.cc:2026] No solution exists. MPSolverInterface::result_status_ = MPSOLVER_INFEASIBLE
E0000 00:00:1785773731.672132  290536 linear_solver.cc:2026] No solution exists. MPSolverInterface::result_status_ = MPSOLVER_INFEASIBLE
E0000 00:00:1785773731.721870  290536 linear_solver.cc:2026] No solution exists. MPSolverInterface::result_status_ = MPSOLVER_INFEASIBLE
E0000 00:00:1785773731.772210  290536 linear_solver.cc:2026] No solution exists. MPSolverInterface::result_status_ = MPSOLVER_INFEASIBLE
E0000 00:00:1785773731.822024  290536 linear_solver.cc:2026] No solution exists. MPSolverInterface::result_status_ = MPSOLVER_INFEASIBLE
E0000 00:00:1785773731.872485  290536 linear_solver.cc:2026] No solution exists. MPSolverInterface::result_status_ = MPSOLVER_INFEASIBLE
E0000 00:00:1785773731.921878  290536 linear_solver.cc:2026] No solution exists. MPSolverInterface::result_status_ = MPSOLVER_INFEASIBLE
E0000 00:00:1785773731.971411  290536 linear_solver.cc:2026] No solution exists. MPSolverInterface::result_status_ = MPSOLVER_INFEASIBLE
E0000 00:00:1785773738.244444  290536 linear_solver.cc:2026] No solution exists. MPSolverInterface::result_status_ = MPSOLVER_INFEASIBLE
E0000 00:00:1785773738.307911  290536 linear_solver.cc:2026] No solution exists. MPSolverInterface::result_status_ = MPSOLVER_INFEASIBLE
E0000 00:00:1785773740.266604  290536 linear_solver.cc:2026] No solution exists. MPSolverInterface::result_status_ = MPSOLVER_INFEASIBLE
E0000 00:00:1785773740.303213  290536 linear_solver.cc:2026] No solution exists. MPSolverInterface::result_status_ = MPSOLVER_INFEASIBLE
E0000 00:00:1785773740.339801  290536 linear_solver.cc:2026] No solution exists. MPSolverInterface::result_status_ = MPSOLVER_INFEASIBLE
E0000 00:00:1785773740.377063  290536 linear_solver.cc:2026] No solution exists. MPSolverInterface::result_status_ = MPSOLVER_INFEASIBLE
E0000 00:00:1785773740.413790  290536 linear_solver.cc:2026] No solution exists. MPSolverInterface::result_status_ = MPSOLVER_INFEASIBLE
E0000 00:00:1785773740.450357  290536 linear_solver.cc:2026] No solution exists. MPSolverInterface::result_status_ = MPSOLVER_INFEASIBLE
E0000 00:00:1785773740.486377  290536 linear_solver.cc:2026] No solution exists. MPSolverInterface::result_status_ = MPSOLVER_INFEASIBLE
E0000 00:00:1785773740.522664  290536 linear_solver.cc:2026] No solution exists. MPSolverInterface::result_status_ = MPSOLVER_INFEASIBLE
E0000 00:00:1785773743.264200  290536 linear_solver.cc:2026] No solution exists. MPSolverInterface::result_status_ = MPSOLVER_INFEASIBLE
E0000 00:00:1785773743.317010  290536 linear_solver.cc:2026] No solution exists. MPSolverInterface::result_status_ = MPSOLVER_INFEASIBLE
E0000 00:00:1785773744.878414  290536 linear_solver.cc:2026] No solution exists. MPSolverInterface::result_status_ = MPSOLVER_INFEASIBLE
E0000 00:00:1785773744.920443  290536 linear_solver.cc:2026] No solution exists. MPSolverInterface::result_status_ = MPSOLVER_INFEASIBLE
E0000 00:00:1785773746.615186  290536 linear_solver.cc:2026] No solution exists. MPSolverInterface::result_status_ = MPSOLVER_INFEASIBLE
E0000 00:00:1785773746.673121  290536 linear_solver.cc:2026] No solution exists. MPSolverInterface::result_status_ = MPSOLVER_INFEASIBLE
E0000 00:00:1785773746.730627  290536 linear_solver.cc:2026] No solution exists. MPSolverInterface::result_status_ = MPSOLVER_INFEASIBLE
E0000 00:00:1785773747.777090  290536 linear_solver.cc:2026] No solution exists. MPSolverInterface::result_status_ = MPSOLVER_INFEASIBLE
E0000 00:00:1785773747.821474  290536 linear_solver.cc:2026] No solution exists. MPSolverInterface::result_status_ = MPSOLVER_INFEASIBLE
E0000 00:00:1785773747.865507  290536 linear_solver.cc:2026] No solution exists. MPSolverInterface::result_status_ = MPSOLVER_INFEASIBLE
E0000 00:00:1785773747.909356  290536 linear_solver.cc:2026] No solution exists. MPSolverInterface::result_status_ = MPSOLVER_INFEASIBLE
E0000 00:00:1785773747.953212  290536 linear_solver.cc:2026] No solution exists. MPSolverInterface::result_status_ = MPSOLVER_INFEASIBLE
E0000 00:00:1785773747.997703  290536 linear_solver.cc:2026] No solution exists. MPSolverInterface::result_status_ = MPSOLVER_INFEASIBLE
E0000 00:00:1785773748.042523  290536 linear_solver.cc:2026] No solution exists. MPSolverInterface::result_status_ = MPSOLVER_INFEASIBLE
E0000 00:00:1785773748.086286  290536 linear_solver.cc:2026] No solution exists. MPSolverInterface::result_status_ = MPSOLVER_INFEASIBLE
E0000 00:00:1785773751.142057  290536 linear_solver.cc:2026] No solution exists. MPSolverInterface::result_status_ = MPSOLVER_INFEASIBLE
E0000 00:00:1785773751.188273  290536 linear_solver.cc:2026] No solution exists. MPSolverInterface::result_status_ = MPSOLVER_INFEASIBLE
E0000 00:00:1785773754.775250  290536 linear_solver.cc:2026] No solution exists. MPSolverInterface::result_status_ = MPSOLVER_INFEASIBLE
E0000 00:00:1785773754.825150  290536 linear_solver.cc:2026] No solution exists. MPSolverInterface::result_status_ = MPSOLVER_INFEASIBLE
E0000 00:00:1785773758.151384  290536 linear_solver.cc:2026] No solution exists. MPSolverInterface::result_status_ = MPSOLVER_INFEASIBLE
E0000 00:00:1785773758.185385  290536 linear_solver.cc:2026] No solution exists. MPSolverInterface::result_status_ = MPSOLVER_INFEASIBLE
E0000 00:00:1785773760.396649  290536 linear_solver.cc:2026] No solution exists. MPSolverInterface::result_status_ = MPSOLVER_INFEASIBLE
E0000 00:00:1785773760.429356  290536 linear_solver.cc:2026] No solution exists. MPSolverInterface::result_status_ = MPSOLVER_INFEASIBLE
E0000 00:00:1785773762.551784  290536 linear_solver.cc:2026] No solution exists. MPSolverInterface::result_status_ = MPSOLVER_INFEASIBLE
E0000 00:00:1785773762.584151  290536 linear_solver.cc:2026] No solution exists. MPSolverInterface::result_status_ = MPSOLVER_INFEASIBLE
E0000 00:00:1785773764.067086  290536 linear_solver.cc:2026] No solution exists. MPSolverInterface::result_status_ = MPSOLVER_INFEASIBLE
E0000 00:00:1785773764.088615  290536 linear_solver.cc:2026] No solution exists. MPSolverInterface::result_status_ = MPSOLVER_INFEASIBLE
E0000 00:00:1785773765.196228  290536 linear_solver.cc:2026] No solution exists. MPSolverInterface::result_status_ = MPSOLVER_INFEASIBLE
E0000 00:00:1785773765.219904  290536 linear_solver.cc:2026] No solution exists. MPSolverInterface::result_status_ = MPSOLVER_INFEASIBLE
E0000 00:00:1785773767.345618  290536 linear_solver.cc:2026] No solution exists. MPSolverInterface::result_status_ = MPSOLVER_INFEASIBLE
E0000 00:00:1785773767.383635  290536 linear_solver.cc:2026] No solution exists. MPSolverInterface::result_status_ = MPSOLVER_INFEASIBLE
E0000 00:00:1785773767.421937  290536 linear_solver.cc:2026] No solution exists. MPSolverInterface::result_status_ = MPSOLVER_INFEASIBLE
E0000 00:00:1785773767.461051  290536 linear_solver.cc:2026] No solution exists. MPSolverInterface::result_status_ = MPSOLVER_INFEASIBLE
E0000 00:00:1785773767.500195  290536 linear_solver.cc:2026] No solution exists. MPSolverInterface::result_status_ = MPSOLVER_INFEASIBLE
E0000 00:00:1785773767.538970  290536 linear_solver.cc:2026] No solution exists. MPSolverInterface::result_status_ = MPSOLVER_INFEASIBLE
E0000 00:00:1785773767.580730  290536 linear_solver.cc:2026] No solution exists. MPSolverInterface::result_status_ = MPSOLVER_INFEASIBLE
E0000 00:00:1785773767.619290  290536 linear_solver.cc:2026] No solution exists. MPSolverInterface::result_status_ = MPSOLVER_INFEASIBLE
E0000 00:00:1785773768.128712  290536 linear_solver.cc:2026] No solution exists. MPSolverInterface::result_status_ = MPSOLVER_INFEASIBLE
E0000 00:00:1785773768.175716  290536 linear_solver.cc:2026] No solution exists. MPSolverInterface::result_status_ = MPSOLVER_INFEASIBLE
E0000 00:00:1785773768.222421  290536 linear_solver.cc:2026] No solution exists. MPSolverInterface::result_status_ = MPSOLVER_INFEASIBLE
E0000 00:00:1785773768.268814  290536 linear_solver.cc:2026] No solution exists. MPSolverInterface::result_status_ = MPSOLVER_INFEASIBLE
E0000 00:00:1785773768.313900  290536 linear_solver.cc:2026] No solution exists. MPSolverInterface::result_status_ = MPSOLVER_INFEASIBLE
E0000 00:00:1785773768.359001  290536 linear_solver.cc:2026] No solution exists. MPSolverInterface::result_status_ = MPSOLVER_INFEASIBLE
E0000 00:00:1785773768.404687  290536 linear_solver.cc:2026] No solution exists. MPSolverInterface::result_status_ = MPSOLVER_INFEASIBLE
E0000 00:00:1785773768.450893  290536 linear_solver.cc:2026] No solution exists. MPSolverInterface::result_status_ = MPSOLVER_INFEASIBLE
E0000 00:00:1785773768.998075  290536 linear_solver.cc:2026] No solution exists. MPSolverInterface::result_status_ = MPSOLVER_INFEASIBLE
E0000 00:00:1785773769.043792  290536 linear_solver.cc:2026] No solution exists. MPSolverInterface::result_status_ = MPSOLVER_INFEASIBLE
E0000 00:00:1785773769.089480  290536 linear_solver.cc:2026] No solution exists. MPSolverInterface::result_status_ = MPSOLVER_INFEASIBLE
E0000 00:00:1785773769.134501  290536 linear_solver.cc:2026] No solution exists. MPSolverInterface::result_status_ = MPSOLVER_INFEASIBLE
E0000 00:00:1785773769.179626  290536 linear_solver.cc:2026] No solution exists. MPSolverInterface::result_status_ = MPSOLVER_INFEASIBLE
E0000 00:00:1785773769.225536  290536 linear_solver.cc:2026] No solution exists. MPSolverInterface::result_status_ = MPSOLVER_INFEASIBLE
E0000 00:00:1785773769.271647  290536 linear_solver.cc:2026] No solution exists. MPSolverInterface::result_status_ = MPSOLVER_INFEASIBLE
E0000 00:00:1785773769.317327  290536 linear_solver.cc:2026] No solution exists. MPSolverInterface::result_status_ = MPSOLVER_INFEASIBLE
E0000 00:00:1785773778.325489  290536 linear_solver.cc:2026] No solution exists. MPSolverInterface::result_status_ = MPSOLVER_INFEASIBLE
E0000 00:00:1785773778.407895  290536 linear_solver.cc:2026] No solution exists. MPSolverInterface::result_status_ = MPSOLVER_INFEASIBLE
E0000 00:00:1785773792.276572  290536 linear_solver.cc:2026] No solution exists. MPSolverInterface::result_status_ = MPSOLVER_INFEASIBLE
E0000 00:00:1785773792.308110  290536 linear_solver.cc:2026] No solution exists. MPSolverInterface::result_status_ = MPSOLVER_INFEASIBLE
E0000 00:00:1785773792.755057  290536 linear_solver.cc:2026] No solution exists. MPSolverInterface::result_status_ = MPSOLVER_INFEASIBLE
E0000 00:00:1785773792.764409  290536 linear_solver.cc:2026] No solution exists. MPSolverInterface::result_status_ = MPSOLVER_INFEASIBLE
E0000 00:00:1785773796.851279  290536 linear_solver.cc:2026] No solution exists. MPSolverInterface::result_status_ = MPSOLVER_INFEASIBLE
E0000 00:00:1785773796.904440  290536 linear_solver.cc:2026] No solution exists. MPSolverInterface::result_status_ = MPSOLVER_INFEASIBLE
E0000 00:00:1785773804.697750  290536 linear_solver.cc:2026] No solution exists. MPSolverInterface::result_status_ = MPSOLVER_INFEASIBLE
E0000 00:00:1785773804.736981  290536 linear_solver.cc:2026] No solution exists. MPSolverInterface::result_status_ = MPSOLVER_INFEASIBLE
E0000 00:00:1785773804.776220  290536 linear_solver.cc:2026] No solution exists. MPSolverInterface::result_status_ = MPSOLVER_INFEASIBLE
E0000 00:00:1785773804.815542  290536 linear_solver.cc:2026] No solution exists. MPSolverInterface::result_status_ = MPSOLVER_INFEASIBLE
E0000 00:00:1785773804.854559  290536 linear_solver.cc:2026] No solution exists. MPSolverInterface::result_status_ = MPSOLVER_INFEASIBLE
E0000 00:00:1785773804.894467  290536 linear_solver.cc:2026] No solution exists. MPSolverInterface::result_status_ = MPSOLVER_INFEASIBLE
E0000 00:00:1785773804.936146  290536 linear_solver.cc:2026] No solution exists. MPSolverInterface::result_status_ = MPSOLVER_INFEASIBLE
E0000 00:00:1785773804.976475  290536 linear_solver.cc:2026] No solution exists. MPSolverInterface::result_status_ = MPSOLVER_INFEASIBLE
E0000 00:00:1785773805.387236  290536 linear_solver.cc:2026] No solution exists. MPSolverInterface::result_status_ = MPSOLVER_INFEASIBLE
E0000 00:00:1785773805.398530  290536 linear_solver.cc:2026] No solution exists. MPSolverInterface::result_status_ = MPSOLVER_INFEASIBLE
E0000 00:00:1785773805.701562  290536 linear_solver.cc:2026] No solution exists. MPSolverInterface::result_status_ = MPSOLVER_INFEASIBLE
E0000 00:00:1785773805.741562  290536 linear_solver.cc:2026] No solution exists. MPSolverInterface::result_status_ = MPSOLVER_INFEASIBLE
E0000 00:00:1785773805.781029  290536 linear_solver.cc:2026] No solution exists. MPSolverInterface::result_status_ = MPSOLVER_INFEASIBLE
E0000 00:00:1785773805.820734  290536 linear_solver.cc:2026] No solution exists. MPSolverInterface::result_status_ = MPSOLVER_INFEASIBLE
E0000 00:00:1785773805.861074  290536 linear_solver.cc:2026] No solution exists. MPSolverInterface::result_status_ = MPSOLVER_INFEASIBLE
E0000 00:00:1785773805.901625  290536 linear_solver.cc:2026] No solution exists. MPSolverInterface::result_status_ = MPSOLVER_INFEASIBLE
E0000 00:00:1785773805.942602  290536 linear_solver.cc:2026] No solution exists. MPSolverInterface::result_status_ = MPSOLVER_INFEASIBLE
E0000 00:00:1785773805.983137  290536 linear_solver.cc:2026] No solution exists. MPSolverInterface::result_status_ = MPSOLVER_INFEASIBLE
E0000 00:00:1785773806.845726  290536 linear_solver.cc:2026] No solution exists. MPSolverInterface::result_status_ = MPSOLVER_INFEASIBLE
E0000 00:00:1785773806.865669  290536 linear_solver.cc:2026] No solution exists. MPSolverInterface::result_status_ = MPSOLVER_INFEASIBLE
E0000 00:00:1785773816.730546  290536 linear_solver.cc:2026] No solution exists. MPSolverInterface::result_status_ = MPSOLVER_INFEASIBLE
E0000 00:00:1785773816.766602  290536 linear_solver.cc:2026] No solution exists. MPSolverInterface::result_status_ = MPSOLVER_INFEASIBLE
E0000 00:00:1785773817.822268  290536 linear_solver.cc:2026] No solution exists. MPSolverInterface::result_status_ = MPSOLVER_INFEASIBLE
E0000 00:00:1785773817.867731  290536 linear_solver.cc:2026] No solution exists. MPSolverInterface::result_status_ = MPSOLVER_INFEASIBLE
E0000 00:00:1785773817.913755  290536 linear_solver.cc:2026] No solution exists. MPSolverInterface::result_status_ = MPSOLVER_INFEASIBLE
E0000 00:00:1785773817.961990  290536 linear_solver.cc:2026] No solution exists. MPSolverInterface::result_status_ = MPSOLVER_INFEASIBLE
E0000 00:00:1785773818.013031  290536 linear_solver.cc:2026] No solution exists. MPSolverInterface::result_status_ = MPSOLVER_INFEASIBLE
E0000 00:00:1785773818.061793  290536 linear_solver.cc:2026] No solution exists. MPSolverInterface::result_status_ = MPSOLVER_INFEASIBLE
E0000 00:00:1785773818.107287  290536 linear_solver.cc:2026] No solution exists. MPSolverInterface::result_status_ = MPSOLVER_INFEASIBLE
E0000 00:00:1785773818.153587  290536 linear_solver.cc:2026] No solution exists. MPSolverInterface::result_status_ = MPSOLVER_INFEASIBLE
E0000 00:00:1785773822.434639  290536 linear_solver.cc:2026] No solution exists. MPSolverInterface::result_status_ = MPSOLVER_INFEASIBLE
E0000 00:00:1785773822.480514  290536 linear_solver.cc:2026] No solution exists. MPSolverInterface::result_status_ = MPSOLVER_INFEASIBLE
E0000 00:00:1785773822.526379  290536 linear_solver.cc:2026] No solution exists. MPSolverInterface::result_status_ = MPSOLVER_INFEASIBLE
E0000 00:00:1785773822.573157  290536 linear_solver.cc:2026] No solution exists. MPSolverInterface::result_status_ = MPSOLVER_INFEASIBLE
E0000 00:00:1785773822.619386  290536 linear_solver.cc:2026] No solution exists. MPSolverInterface::result_status_ = MPSOLVER_INFEASIBLE
E0000 00:00:1785773822.665025  290536 linear_solver.cc:2026] No solution exists. MPSolverInterface::result_status_ = MPSOLVER_INFEASIBLE
E0000 00:00:1785773822.711217  290536 linear_solver.cc:2026] No solution exists. MPSolverInterface::result_status_ = MPSOLVER_INFEASIBLE
E0000 00:00:1785773822.756502  290536 linear_solver.cc:2026] No solution exists. MPSolverInterface::result_status_ = MPSOLVER_INFEASIBLE
E0000 00:00:1785773834.319388  290536 linear_solver.cc:2026] No solution exists. MPSolverInterface::result_status_ = MPSOLVER_INFEASIBLE
E0000 00:00:1785773834.401374  290536 linear_solver.cc:2026] No solution exists. MPSolverInterface::result_status_ = MPSOLVER_INFEASIBLE
E0000 00:00:1785773848.027776  290536 linear_solver.cc:2026] No solution exists. MPSolverInterface::result_status_ = MPSOLVER_INFEASIBLE
E0000 00:00:1785773848.101587  290536 linear_solver.cc:2026] No solution exists. MPSolverInterface::result_status_ = MPSOLVER_INFEASIBLE
E0000 00:00:1785773852.873957  290536 linear_solver.cc:2026] No solution exists. MPSolverInterface::result_status_ = MPSOLVER_INFEASIBLE
E0000 00:00:1785773852.918186  290536 linear_solver.cc:2026] No solution exists. MPSolverInterface::result_status_ = MPSOLVER_INFEASIBLE
E0000 00:00:1785773856.411948  290536 linear_solver.cc:2026] No solution exists. MPSolverInterface::result_status_ = MPSOLVER_INFEASIBLE
E0000 00:00:1785773856.448975  290536 linear_solver.cc:2026] No solution exists. MPSolverInterface::result_status_ = MPSOLVER_INFEASIBLE
E0000 00:00:1785773856.486437  290536 linear_solver.cc:2026] No solution exists. MPSolverInterface::result_status_ = MPSOLVER_INFEASIBLE
E0000 00:00:1785773856.524540  290536 linear_solver.cc:2026] No solution exists. MPSolverInterface::result_status_ = MPSOLVER_INFEASIBLE
E0000 00:00:1785773856.562117  290536 linear_solver.cc:2026] No solution exists. MPSolverInterface::result_status_ = MPSOLVER_INFEASIBLE
E0000 00:00:1785773856.599560  290536 linear_solver.cc:2026] No solution exists. MPSolverInterface::result_status_ = MPSOLVER_INFEASIBLE
E0000 00:00:1785773856.636526  290536 linear_solver.cc:2026] No solution exists. MPSolverInterface::result_status_ = MPSOLVER_INFEASIBLE
E0000 00:00:1785773856.673892  290536 linear_solver.cc:2026] No solution exists. MPSolverInterface::result_status_ = MPSOLVER_INFEASIBLE
E0000 00:00:1785773857.125420  290536 linear_solver.cc:2026] No solution exists. MPSolverInterface::result_status_ = MPSOLVER_INFEASIBLE
E0000 00:00:1785773857.161434  290536 linear_solver.cc:2026] No solution exists. MPSolverInterface::result_status_ = MPSOLVER_INFEASIBLE
E0000 00:00:1785773857.197547  290536 linear_solver.cc:2026] No solution exists. MPSolverInterface::result_status_ = MPSOLVER_INFEASIBLE
E0000 00:00:1785773857.234160  290536 linear_solver.cc:2026] No solution exists. MPSolverInterface::result_status_ = MPSOLVER_INFEASIBLE
E0000 00:00:1785773857.271400  290536 linear_solver.cc:2026] No solution exists. MPSolverInterface::result_status_ = MPSOLVER_INFEASIBLE
E0000 00:00:1785773857.308154  290536 linear_solver.cc:2026] No solution exists. MPSolverInterface::result_status_ = MPSOLVER_INFEASIBLE
E0000 00:00:1785773857.344975  290536 linear_solver.cc:2026] No solution exists. MPSolverInterface::result_status_ = MPSOLVER_INFEASIBLE
E0000 00:00:1785773857.380814  290536 linear_solver.cc:2026] No solution exists. MPSolverInterface::result_status_ = MPSOLVER_INFEASIBLE
E0000 00:00:1785773858.713910  290536 linear_solver.cc:2026] No solution exists. MPSolverInterface::result_status_ = MPSOLVER_INFEASIBLE
E0000 00:00:1785773858.726544  290536 linear_solver.cc:2026] No solution exists. MPSolverInterface::result_status_ = MPSOLVER_INFEASIBLE
E0000 00:00:1785773859.040908  290536 linear_solver.cc:2026] No solution exists. MPSolverInterface::result_status_ = MPSOLVER_INFEASIBLE
E0000 00:00:1785773859.078656  290536 linear_solver.cc:2026] No solution exists. MPSolverInterface::result_status_ = MPSOLVER_INFEASIBLE
E0000 00:00:1785773859.115707  290536 linear_solver.cc:2026] No solution exists. MPSolverInterface::result_status_ = MPSOLVER_INFEASIBLE
E0000 00:00:1785773859.152595  290536 linear_solver.cc:2026] No solution exists. MPSolverInterface::result_status_ = MPSOLVER_INFEASIBLE
E0000 00:00:1785773859.189693  290536 linear_solver.cc:2026] No solution exists. MPSolverInterface::result_status_ = MPSOLVER_INFEASIBLE
E0000 00:00:1785773859.226758  290536 linear_solver.cc:2026] No solution exists. MPSolverInterface::result_status_ = MPSOLVER_INFEASIBLE
E0000 00:00:1785773859.263978  290536 linear_solver.cc:2026] No solution exists. MPSolverInterface::result_status_ = MPSOLVER_INFEASIBLE
E0000 00:00:1785773859.300548  290536 linear_solver.cc:2026] No solution exists. MPSolverInterface::result_status_ = MPSOLVER_INFEASIBLE
E0000 00:00:1785773859.761225  290536 linear_solver.cc:2026] No solution exists. MPSolverInterface::result_status_ = MPSOLVER_INFEASIBLE
E0000 00:00:1785773859.801653  290536 linear_solver.cc:2026] No solution exists. MPSolverInterface::result_status_ = MPSOLVER_INFEASIBLE
E0000 00:00:1785773859.842277  290536 linear_solver.cc:2026] No solution exists. MPSolverInterface::result_status_ = MPSOLVER_INFEASIBLE
E0000 00:00:1785773859.878836  290536 linear_solver.cc:2026] No solution exists. MPSolverInterface::result_status_ = MPSOLVER_INFEASIBLE
E0000 00:00:1785773859.914859  290536 linear_solver.cc:2026] No solution exists. MPSolverInterface::result_status_ = MPSOLVER_INFEASIBLE
E0000 00:00:1785773859.951222  290536 linear_solver.cc:2026] No solution exists. MPSolverInterface::result_status_ = MPSOLVER_INFEASIBLE
E0000 00:00:1785773859.987412  290536 linear_solver.cc:2026] No solution exists. MPSolverInterface::result_status_ = MPSOLVER_INFEASIBLE
E0000 00:00:1785773860.022994  290536 linear_solver.cc:2026] No solution exists. MPSolverInterface::result_status_ = MPSOLVER_INFEASIBLE
E0000 00:00:1785773861.493660  290536 linear_solver.cc:2026] No solution exists. MPSolverInterface::result_status_ = MPSOLVER_INFEASIBLE
E0000 00:00:1785773861.504555  290536 linear_solver.cc:2026] No solution exists. MPSolverInterface::result_status_ = MPSOLVER_INFEASIBLE
E0000 00:00:1785773862.102802  290536 linear_solver.cc:2026] No solution exists. MPSolverInterface::result_status_ = MPSOLVER_INFEASIBLE
E0000 00:00:1785773862.141553  290536 linear_solver.cc:2026] No solution exists. MPSolverInterface::result_status_ = MPSOLVER_INFEASIBLE
E0000 00:00:1785773862.180104  290536 linear_solver.cc:2026] No solution exists. MPSolverInterface::result_status_ = MPSOLVER_INFEASIBLE
E0000 00:00:1785773862.218615  290536 linear_solver.cc:2026] No solution exists. MPSolverInterface::result_status_ = MPSOLVER_INFEASIBLE
E0000 00:00:1785773862.257145  290536 linear_solver.cc:2026] No solution exists. MPSolverInterface::result_status_ = MPSOLVER_INFEASIBLE
E0000 00:00:1785773862.296064  290536 linear_solver.cc:2026] No solution exists. MPSolverInterface::result_status_ = MPSOLVER_INFEASIBLE
E0000 00:00:1785773862.334720  290536 linear_solver.cc:2026] No solution exists. MPSolverInterface::result_status_ = MPSOLVER_INFEASIBLE
E0000 00:00:1785773862.373772  290536 linear_solver.cc:2026] No solution exists. MPSolverInterface::result_status_ = MPSOLVER_INFEASIBLE
E0000 00:00:1785773864.349568  290536 linear_solver.cc:2026] No solution exists. MPSolverInterface::result_status_ = MPSOLVER_INFEASIBLE
E0000 00:00:1785773864.360608  290536 linear_solver.cc:2026] No solution exists. MPSolverInterface::result_status_ = MPSOLVER_INFEASIBLE
E0000 00:00:1785773864.371629  290536 linear_solver.cc:2026] No solution exists. MPSolverInterface::result_status_ = MPSOLVER_INFEASIBLE
E0000 00:00:1785773864.382397  290536 linear_solver.cc:2026] No solution exists. MPSolverInterface::result_status_ = MPSOLVER_INFEASIBLE
E0000 00:00:1785773864.393076  290536 linear_solver.cc:2026] No solution exists. MPSolverInterface::result_status_ = MPSOLVER_INFEASIBLE
E0000 00:00:1785773864.403779  290536 linear_solver.cc:2026] No solution exists. MPSolverInterface::result_status_ = MPSOLVER_INFEASIBLE
E0000 00:00:1785773864.414497  290536 linear_solver.cc:2026] No solution exists. MPSolverInterface::result_status_ = MPSOLVER_INFEASIBLE
E0000 00:00:1785773864.425013  290536 linear_solver.cc:2026] No solution exists. MPSolverInterface::result_status_ = MPSOLVER_INFEASIBLE
E0000 00:00:1785773864.547394  290536 linear_solver.cc:2026] No solution exists. MPSolverInterface::result_status_ = MPSOLVER_INFEASIBLE
E0000 00:00:1785773864.558012  290536 linear_solver.cc:2026] No solution exists. MPSolverInterface::result_status_ = MPSOLVER_INFEASIBLE
E0000 00:00:1785773864.568509  290536 linear_solver.cc:2026] No solution exists. MPSolverInterface::result_status_ = MPSOLVER_INFEASIBLE
E0000 00:00:1785773864.579057  290536 linear_solver.cc:2026] No solution exists. MPSolverInterface::result_status_ = MPSOLVER_INFEASIBLE
E0000 00:00:1785773864.589748  290536 linear_solver.cc:2026] No solution exists. MPSolverInterface::result_status_ = MPSOLVER_INFEASIBLE
E0000 00:00:1785773864.600229  290536 linear_solver.cc:2026] No solution exists. MPSolverInterface::result_status_ = MPSOLVER_INFEASIBLE
E0000 00:00:1785773864.610727  290536 linear_solver.cc:2026] No solution exists. MPSolverInterface::result_status_ = MPSOLVER_INFEASIBLE
E0000 00:00:1785773864.621290  290536 linear_solver.cc:2026] No solution exists. MPSolverInterface::result_status_ = MPSOLVER_INFEASIBLE
E0000 00:00:1785773864.886351  290536 linear_solver.cc:2026] No solution exists. MPSolverInterface::result_status_ = MPSOLVER_INFEASIBLE
E0000 00:00:1785773864.929259  290536 linear_solver.cc:2026] No solution exists. MPSolverInterface::result_status_ = MPSOLVER_INFEASIBLE
E0000 00:00:1785773864.969484  290536 linear_solver.cc:2026] No solution exists. MPSolverInterface::result_status_ = MPSOLVER_INFEASIBLE
E0000 00:00:1785773865.008183  290536 linear_solver.cc:2026] No solution exists. MPSolverInterface::result_status_ = MPSOLVER_INFEASIBLE
E0000 00:00:1785773865.046144  290536 linear_solver.cc:2026] No solution exists. MPSolverInterface::result_status_ = MPSOLVER_INFEASIBLE
E0000 00:00:1785773865.084077  290536 linear_solver.cc:2026] No solution exists. MPSolverInterface::result_status_ = MPSOLVER_INFEASIBLE
E0000 00:00:1785773865.121796  290536 linear_solver.cc:2026] No solution exists. MPSolverInterface::result_status_ = MPSOLVER_INFEASIBLE
E0000 00:00:1785773865.160612  290536 linear_solver.cc:2026] No solution exists. MPSolverInterface::result_status_ = MPSOLVER_INFEASIBLE
E0000 00:00:1785773868.623756  290536 linear_solver.cc:2026] No solution exists. MPSolverInterface::result_status_ = MPSOLVER_INFEASIBLE
E0000 00:00:1785773868.639925  290536 linear_solver.cc:2026] No solution exists. MPSolverInterface::result_status_ = MPSOLVER_INFEASIBLE
E0000 00:00:1785773868.986109  290536 linear_solver.cc:2026] No solution exists. MPSolverInterface::result_status_ = MPSOLVER_INFEASIBLE
E0000 00:00:1785773869.000982  290536 linear_solver.cc:2026] No solution exists. MPSolverInterface::result_status_ = MPSOLVER_INFEASIBLE
E0000 00:00:1785773869.414906  290536 linear_solver.cc:2026] No solution exists. MPSolverInterface::result_status_ = MPSOLVER_INFEASIBLE
E0000 00:00:1785773869.439672  290536 linear_solver.cc:2026] No solution exists. MPSolverInterface::result_status_ = MPSOLVER_INFEASIBLE
E0000 00:00:1785773869.464248  290536 linear_solver.cc:2026] No solution exists. MPSolverInterface::result_status_ = MPSOLVER_INFEASIBLE
E0000 00:00:1785773869.488875  290536 linear_solver.cc:2026] No solution exists. MPSolverInterface::result_status_ = MPSOLVER_INFEASIBLE
E0000 00:00:1785773869.514363  290536 linear_solver.cc:2026] No solution exists. MPSolverInterface::result_status_ = MPSOLVER_INFEASIBLE
E0000 00:00:1785773869.539493  290536 linear_solver.cc:2026] No solution exists. MPSolverInterface::result_status_ = MPSOLVER_INFEASIBLE
E0000 00:00:1785773869.564279  290536 linear_solver.cc:2026] No solution exists. MPSolverInterface::result_status_ = MPSOLVER_INFEASIBLE
E0000 00:00:1785773869.588847  290536 linear_solver.cc:2026] No solution exists. MPSolverInterface::result_status_ = MPSOLVER_INFEASIBLE
E0000 00:00:1785773876.662744  290536 linear_solver.cc:2026] No solution exists. MPSolverInterface::result_status_ = MPSOLVER_INFEASIBLE
E0000 00:00:1785773894.338475  290536 linear_solver.cc:2026] No solution exists. MPSolverInterface::result_status_ = MPSOLVER_INFEASIBLE
E0000 00:00:1785773894.411616  290536 linear_solver.cc:2026] No solution exists. MPSolverInterface::result_status_ = MPSOLVER_INFEASIBLE
E0000 00:00:1785773907.977125  290536 linear_solver.cc:2026] No solution exists. MPSolverInterface::result_status_ = MPSOLVER_INFEASIBLE
E0000 00:00:1785773908.004621  290536 linear_solver.cc:2026] No solution exists. MPSolverInterface::result_status_ = MPSOLVER_INFEASIBLE
E0000 00:00:1785773910.846931  290536 linear_solver.cc:2026] No solution exists. MPSolverInterface::result_status_ = MPSOLVER_INFEASIBLE
E0000 00:00:1785773910.888637  290536 linear_solver.cc:2026] No solution exists. MPSolverInterface::result_status_ = MPSOLVER_INFEASIBLE
E0000 00:00:1785773910.930524  290536 linear_solver.cc:2026] No solution exists. MPSolverInterface::result_status_ = MPSOLVER_INFEASIBLE
E0000 00:00:1785773910.972273  290536 linear_solver.cc:2026] No solution exists. MPSolverInterface::result_status_ = MPSOLVER_INFEASIBLE
E0000 00:00:1785773911.013760  290536 linear_solver.cc:2026] No solution exists. MPSolverInterface::result_status_ = MPSOLVER_INFEASIBLE
E0000 00:00:1785773911.055711  290536 linear_solver.cc:2026] No solution exists. MPSolverInterface::result_status_ = MPSOLVER_INFEASIBLE
E0000 00:00:1785773911.097806  290536 linear_solver.cc:2026] No solution exists. MPSolverInterface::result_status_ = MPSOLVER_INFEASIBLE
E0000 00:00:1785773918.132979  290536 linear_solver.cc:2026] No solution exists. MPSolverInterface::result_status_ = MPSOLVER_INFEASIBLE
E0000 00:00:1785773918.187387  290536 linear_solver.cc:2026] No solution exists. MPSolverInterface::result_status_ = MPSOLVER_INFEASIBLE
E0000 00:00:1785773930.795254  290536 linear_solver.cc:2026] No solution exists. MPSolverInterface::result_status_ = MPSOLVER_INFEASIBLE
E0000 00:00:1785773930.856702  290536 linear_solver.cc:2026] No solution exists. MPSolverInterface::result_status_ = MPSOLVER_INFEASIBLE
E0000 00:00:1785773938.604452  290536 linear_solver.cc:2026] No solution exists. MPSolverInterface::result_status_ = MPSOLVER_INFEASIBLE
E0000 00:00:1785773938.651970  290536 linear_solver.cc:2026] No solution exists. MPSolverInterface::result_status_ = MPSOLVER_INFEASIBLE
E0000 00:00:1785773938.699523  290536 linear_solver.cc:2026] No solution exists. MPSolverInterface::result_status_ = MPSOLVER_INFEASIBLE
E0000 00:00:1785773938.746005  290536 linear_solver.cc:2026] No solution exists. MPSolverInterface::result_status_ = MPSOLVER_INFEASIBLE
E0000 00:00:1785773938.791969  290536 linear_solver.cc:2026] No solution exists. MPSolverInterface::result_status_ = MPSOLVER_INFEASIBLE
E0000 00:00:1785773938.837966  290536 linear_solver.cc:2026] No solution exists. MPSolverInterface::result_status_ = MPSOLVER_INFEASIBLE
E0000 00:00:1785773938.884870  290536 linear_solver.cc:2026] No solution exists. MPSolverInterface::result_status_ = MPSOLVER_INFEASIBLE
E0000 00:00:1785773938.930969  290536 linear_solver.cc:2026] No solution exists. MPSolverInterface::result_status_ = MPSOLVER_INFEASIBLE
E0000 00:00:1785773944.886588  290536 linear_solver.cc:2026] No solution exists. MPSolverInterface::result_status_ = MPSOLVER_INFEASIBLE
E0000 00:00:1785773944.942561  290536 linear_solver.cc:2026] No solution exists. MPSolverInterface::result_status_ = MPSOLVER_INFEASIBLE
E0000 00:00:1785773944.999500  290536 linear_solver.cc:2026] No solution exists. MPSolverInterface::result_status_ = MPSOLVER_INFEASIBLE
E0000 00:00:1785773948.607894  290536 linear_solver.cc:2026] No solution exists. MPSolverInterface::result_status_ = MPSOLVER_INFEASIBLE
E0000 00:00:1785773948.659484  290536 linear_solver.cc:2026] No solution exists. MPSolverInterface::result_status_ = MPSOLVER_INFEASIBLE
E0000 00:00:1785773948.710630  290536 linear_solver.cc:2026] No solution exists. MPSolverInterface::result_status_ = MPSOLVER_INFEASIBLE
E0000 00:00:1785773948.761609  290536 linear_solver.cc:2026] No solution exists. MPSolverInterface::result_status_ = MPSOLVER_INFEASIBLE
E0000 00:00:1785773951.115398  290536 linear_solver.cc:2026] No solution exists. MPSolverInterface::result_status_ = MPSOLVER_INFEASIBLE
E0000 00:00:1785773951.172159  290536 linear_solver.cc:2026] No solution exists. MPSolverInterface::result_status_ = MPSOLVER_INFEASIBLE
E0000 00:00:1785773954.712819  290536 linear_solver.cc:2026] No solution exists. MPSolverInterface::result_status_ = MPSOLVER_INFEASIBLE
E0000 00:00:1785773954.772780  290536 linear_solver.cc:2026] No solution exists. MPSolverInterface::result_status_ = MPSOLVER_INFEASIBLE
E0000 00:00:1785773959.741668  290536 linear_solver.cc:2026] No solution exists. MPSolverInterface::result_status_ = MPSOLVER_INFEASIBLE
E0000 00:00:1785773959.804855  290536 linear_solver.cc:2026] No solution exists. MPSolverInterface::result_status_ = MPSOLVER_INFEASIBLE
E0000 00:00:1785773966.776014  290536 linear_solver.cc:2026] No solution exists. MPSolverInterface::result_status_ = MPSOLVER_INFEASIBLE
E0000 00:00:1785773966.834682  290536 linear_solver.cc:2026] No solution exists. MPSolverInterface::result_status_ = MPSOLVER_INFEASIBLE
E0000 00:00:1785773972.992253  290536 linear_solver.cc:2026] No solution exists. MPSolverInterface::result_status_ = MPSOLVER_INFEASIBLE
E0000 00:00:1785773973.022161  290536 linear_solver.cc:2026] No solution exists. MPSolverInterface::result_status_ = MPSOLVER_INFEASIBLE
E0000 00:00:1785773976.376980  290536 linear_solver.cc:2026] No solution exists. MPSolverInterface::result_status_ = MPSOLVER_INFEASIBLE
E0000 00:00:1785773976.431847  290536 linear_solver.cc:2026] No solution exists. MPSolverInterface::result_status_ = MPSOLVER_INFEASIBLE
E0000 00:00:1785773985.840911  290536 linear_solver.cc:2026] No solution exists. MPSolverInterface::result_status_ = MPSOLVER_INFEASIBLE
E0000 00:00:1785773985.905249  290536 linear_solver.cc:2026] No solution exists. MPSolverInterface::result_status_ = MPSOLVER_INFEASIBLE
E0000 00:00:1785773985.969976  290536 linear_solver.cc:2026] No solution exists. MPSolverInterface::result_status_ = MPSOLVER_INFEASIBLE
E0000 00:00:1785773986.034422  290536 linear_solver.cc:2026] No solution exists. MPSolverInterface::result_status_ = MPSOLVER_INFEASIBLE
E0000 00:00:1785773992.070777  290536 linear_solver.cc:2026] No solution exists. MPSolverInterface::result_status_ = MPSOLVER_INFEASIBLE
E0000 00:00:1785773992.139345  290536 linear_solver.cc:2026] No solution exists. MPSolverInterface::result_status_ = MPSOLVER_INFEASIBLE
E0000 00:00:1785774000.958048  290536 linear_solver.cc:2026] No solution exists. MPSolverInterface::result_status_ = MPSOLVER_INFEASIBLE
E0000 00:00:1785774001.026529  290536 linear_solver.cc:2026] No solution exists. MPSolverInterface::result_status_ = MPSOLVER_INFEASIBLE
E0000 00:00:1785774011.047814  290536 linear_solver.cc:2026] No solution exists. MPSolverInterface::result_status_ = MPSOLVER_INFEASIBLE
E0000 00:00:1785774011.121651  290536 linear_solver.cc:2026] No solution exists. MPSolverInterface::result_status_ = MPSOLVER_INFEASIBLE
E0000 00:00:1785774011.195955  290536 linear_solver.cc:2026] No solution exists. MPSolverInterface::result_status_ = MPSOLVER_INFEASIBLE
E0000 00:00:1785774017.950939  290536 linear_solver.cc:2026] No solution exists. MPSolverInterface::result_status_ = MPSOLVER_INFEASIBLE
E0000 00:00:1785774018.013052  290536 linear_solver.cc:2026] No solution exists. MPSolverInterface::result_status_ = MPSOLVER_INFEASIBLE
E0000 00:00:1785774022.506273  290536 linear_solver.cc:2026] No solution exists. MPSolverInterface::result_status_ = MPSOLVER_INFEASIBLE
E0000 00:00:1785774022.518336  290536 linear_solver.cc:2026] No solution exists. MPSolverInterface::result_status_ = MPSOLVER_INFEASIBLE
E0000 00:00:1785774027.231021  290536 linear_solver.cc:2026] No solution exists. MPSolverInterface::result_status_ = MPSOLVER_INFEASIBLE
E0000 00:00:1785774027.288180  290536 linear_solver.cc:2026] No solution exists. MPSolverInterface::result_status_ = MPSOLVER_INFEASIBLE
E0000 00:00:1785774028.990548  290536 linear_solver.cc:2026] No solution exists. MPSolverInterface::result_status_ = MPSOLVER_INFEASIBLE
E0000 00:00:1785774029.040399  290536 linear_solver.cc:2026] No solution exists. MPSolverInterface::result_status_ = MPSOLVER_INFEASIBLE
E0000 00:00:1785774029.091197  290536 linear_solver.cc:2026] No solution exists. MPSolverInterface::result_status_ = MPSOLVER_INFEASIBLE
E0000 00:00:1785774029.144172  290536 linear_solver.cc:2026] No solution exists. MPSolverInterface::result_status_ = MPSOLVER_INFEASIBLE
E0000 00:00:1785774029.196177  290536 linear_solver.cc:2026] No solution exists. MPSolverInterface::result_status_ = MPSOLVER_INFEASIBLE
E0000 00:00:1785774029.246587  290536 linear_solver.cc:2026] No solution exists. MPSolverInterface::result_status_ = MPSOLVER_INFEASIBLE
E0000 00:00:1785774029.296584  290536 linear_solver.cc:2026] No solution exists. MPSolverInterface::result_status_ = MPSOLVER_INFEASIBLE
E0000 00:00:1785774029.345345  290536 linear_solver.cc:2026] No solution exists. MPSolverInterface::result_status_ = MPSOLVER_INFEASIBLE
E0000 00:00:1785774029.989024  290536 linear_solver.cc:2026] No solution exists. MPSolverInterface::result_status_ = MPSOLVER_INFEASIBLE
E0000 00:00:1785774030.044305  290536 linear_solver.cc:2026] No solution exists. MPSolverInterface::result_status_ = MPSOLVER_INFEASIBLE
E0000 00:00:1785774030.099526  290536 linear_solver.cc:2026] No solution exists. MPSolverInterface::result_status_ = MPSOLVER_INFEASIBLE
E0000 00:00:1785774030.155576  290536 linear_solver.cc:2026] No solution exists. MPSolverInterface::result_status_ = MPSOLVER_INFEASIBLE
E0000 00:00:1785774030.212719  290536 linear_solver.cc:2026] No solution exists. MPSolverInterface::result_status_ = MPSOLVER_INFEASIBLE
E0000 00:00:1785774030.269368  290536 linear_solver.cc:2026] No solution exists. MPSolverInterface::result_status_ = MPSOLVER_INFEASIBLE
E0000 00:00:1785774030.326491  290536 linear_solver.cc:2026] No solution exists. MPSolverInterface::result_status_ = MPSOLVER_INFEASIBLE
E0000 00:00:1785774030.383688  290536 linear_solver.cc:2026] No solution exists. MPSolverInterface::result_status_ = MPSOLVER_INFEASIBLE
E0000 00:00:1785774035.214314  290536 linear_solver.cc:2026] No solution exists. MPSolverInterface::result_status_ = MPSOLVER_INFEASIBLE
E0000 00:00:1785774035.250900  290536 linear_solver.cc:2026] No solution exists. MPSolverInterface::result_status_ = MPSOLVER_INFEASIBLE
E0000 00:00:1785774037.348065  290536 linear_solver.cc:2026] No solution exists. MPSolverInterface::result_status_ = MPSOLVER_INFEASIBLE
E0000 00:00:1785774037.398853  290536 linear_solver.cc:2026] No solution exists. MPSolverInterface::result_status_ = MPSOLVER_INFEASIBLE
E0000 00:00:1785774037.450319  290536 linear_solver.cc:2026] No solution exists. MPSolverInterface::result_status_ = MPSOLVER_INFEASIBLE
E0000 00:00:1785774037.501200  290536 linear_solver.cc:2026] No solution exists. MPSolverInterface::result_status_ = MPSOLVER_INFEASIBLE
E0000 00:00:1785774037.553144  290536 linear_solver.cc:2026] No solution exists. MPSolverInterface::result_status_ = MPSOLVER_INFEASIBLE
E0000 00:00:1785774041.587283  290536 linear_solver.cc:2026] No solution exists. MPSolverInterface::result_status_ = MPSOLVER_INFEASIBLE
E0000 00:00:1785774041.611033  290536 linear_solver.cc:2026] No solution exists. MPSolverInterface::result_status_ = MPSOLVER_INFEASIBLE
E0000 00:00:1785774044.236208  290536 linear_solver.cc:2026] No solution exists. MPSolverInterface::result_status_ = MPSOLVER_INFEASIBLE
E0000 00:00:1785774044.299590  290536 linear_solver.cc:2026] No solution exists. MPSolverInterface::result_status_ = MPSOLVER_INFEASIBLE
E0000 00:00:1785774047.457365  290536 linear_solver.cc:2026] No solution exists. MPSolverInterface::result_status_ = MPSOLVER_INFEASIBLE
E0000 00:00:1785774047.510698  290536 linear_solver.cc:2026] No solution exists. MPSolverInterface::result_status_ = MPSOLVER_INFEASIBLE
E0000 00:00:1785774047.565027  290536 linear_solver.cc:2026] No solution exists. MPSolverInterface::result_status_ = MPSOLVER_INFEASIBLE
E0000 00:00:1785774047.619303  290536 linear_solver.cc:2026] No solution exists. MPSolverInterface::result_status_ = MPSOLVER_INFEASIBLE
E0000 00:00:1785774051.277991  290536 linear_solver.cc:2026] No solution exists. MPSolverInterface::result_status_ = MPSOLVER_INFEASIBLE
E0000 00:00:1785774051.335098  290536 linear_solver.cc:2026] No solution exists. MPSolverInterface::result_status_ = MPSOLVER_INFEASIBLE
E0000 00:00:1785774051.393270  290536 linear_solver.cc:2026] No solution exists. MPSolverInterface::result_status_ = MPSOLVER_INFEASIBLE
E0000 00:00:1785774056.664876  290536 linear_solver.cc:2026] No solution exists. MPSolverInterface::result_status_ = MPSOLVER_INFEASIBLE
E0000 00:00:1785774056.726188  290536 linear_solver.cc:2026] No solution exists. MPSolverInterface::result_status_ = MPSOLVER_INFEASIBLE
E0000 00:00:1785774067.660686  290536 linear_solver.cc:2026] No solution exists. MPSolverInterface::result_status_ = MPSOLVER_INFEASIBLE
E0000 00:00:1785774067.720907  290536 linear_solver.cc:2026] No solution exists. MPSolverInterface::result_status_ = MPSOLVER_INFEASIBLE
E0000 00:00:1785774071.768890  290536 linear_solver.cc:2026] No solution exists. MPSolverInterface::result_status_ = MPSOLVER_INFEASIBLE
E0000 00:00:1785774071.810225  290536 linear_solver.cc:2026] No solution exists. MPSolverInterface::result_status_ = MPSOLVER_INFEASIBLE
E0000 00:00:1785774074.321966  290536 linear_solver.cc:2026] No solution exists. MPSolverInterface::result_status_ = MPSOLVER_INFEASIBLE
E0000 00:00:1785774074.355261  290536 linear_solver.cc:2026] No solution exists. MPSolverInterface::result_status_ = MPSOLVER_INFEASIBLE
E0000 00:00:1785774075.760200  290536 linear_solver.cc:2026] No solution exists. MPSolverInterface::result_status_ = MPSOLVER_INFEASIBLE
E0000 00:00:1785774075.782841  290536 linear_solver.cc:2026] No solution exists. MPSolverInterface::result_status_ = MPSOLVER_INFEASIBLE
E0000 00:00:1785774077.162215  290536 linear_solver.cc:2026] No solution exists. MPSolverInterface::result_status_ = MPSOLVER_INFEASIBLE
E0000 00:00:1785774077.189085  290536 linear_solver.cc:2026] No solution exists. MPSolverInterface::result_status_ = MPSOLVER_INFEASIBLE
E0000 00:00:1785774078.563719  290536 linear_solver.cc:2026] No solution exists. MPSolverInterface::result_status_ = MPSOLVER_INFEASIBLE
E0000 00:00:1785774078.585938  290536 linear_solver.cc:2026] No solution exists. MPSolverInterface::result_status_ = MPSOLVER_INFEASIBLE
E0000 00:00:1785774079.466419  290536 linear_solver.cc:2026] No solution exists. MPSolverInterface::result_status_ = MPSOLVER_INFEASIBLE
E0000 00:00:1785774079.484595  290536 linear_solver.cc:2026] No solution exists. MPSolverInterface::result_status_ = MPSOLVER_INFEASIBLE
E0000 00:00:1785774082.127922  290536 linear_solver.cc:2026] No solution exists. MPSolverInterface::result_status_ = MPSOLVER_INFEASIBLE
E0000 00:00:1785774082.175217  290536 linear_solver.cc:2026] No solution exists. MPSolverInterface::result_status_ = MPSOLVER_INFEASIBLE
E0000 00:00:1785774082.222296  290536 linear_solver.cc:2026] No solution exists. MPSolverInterface::result_status_ = MPSOLVER_INFEASIBLE
E0000 00:00:1785774082.269847  290536 linear_solver.cc:2026] No solution exists. MPSolverInterface::result_status_ = MPSOLVER_INFEASIBLE
E0000 00:00:1785774083.428291  290536 linear_solver.cc:2026] No solution exists. MPSolverInterface::result_status_ = MPSOLVER_INFEASIBLE
E0000 00:00:1785774083.473515  290536 linear_solver.cc:2026] No solution exists. MPSolverInterface::result_status_ = MPSOLVER_INFEASIBLE
E0000 00:00:1785774083.518672  290536 linear_solver.cc:2026] No solution exists. MPSolverInterface::result_status_ = MPSOLVER_INFEASIBLE
E0000 00:00:1785774083.563312  290536 linear_solver.cc:2026] No solution exists. MPSolverInterface::result_status_ = MPSOLVER_INFEASIBLE
E0000 00:00:1785774083.607756  290536 linear_solver.cc:2026] No solution exists. MPSolverInterface::result_status_ = MPSOLVER_INFEASIBLE
E0000 00:00:1785774084.830655  290536 linear_solver.cc:2026] No solution exists. MPSolverInterface::result_status_ = MPSOLVER_INFEASIBLE
E0000 00:00:1785774084.874981  290536 linear_solver.cc:2026] No solution exists. MPSolverInterface::result_status_ = MPSOLVER_INFEASIBLE
E0000 00:00:1785774084.919475  290536 linear_solver.cc:2026] No solution exists. MPSolverInterface::result_status_ = MPSOLVER_INFEASIBLE
E0000 00:00:1785774084.964114  290536 linear_solver.cc:2026] No solution exists. MPSolverInterface::result_status_ = MPSOLVER_INFEASIBLE
E0000 00:00:1785774085.008031  290536 linear_solver.cc:2026] No solution exists. MPSolverInterface::result_status_ = MPSOLVER_INFEASIBLE
E0000 00:00:1785774096.397722  290536 linear_solver.cc:2026] No solution exists. MPSolverInterface::result_status_ = MPSOLVER_INFEASIBLE
E0000 00:00:1785774096.488265  290536 linear_solver.cc:2026] No solution exists. MPSolverInterface::result_status_ = MPSOLVER_INFEASIBLE
E0000 00:00:1785774113.852075  290536 linear_solver.cc:2026] No solution exists. MPSolverInterface::result_status_ = MPSOLVER_INFEASIBLE
E0000 00:00:1785774113.890901  290536 linear_solver.cc:2026] No solution exists. MPSolverInterface::result_status_ = MPSOLVER_INFEASIBLE
E0000 00:00:1785774114.533531  290536 linear_solver.cc:2026] No solution exists. MPSolverInterface::result_status_ = MPSOLVER_INFEASIBLE
E0000 00:00:1785774114.542866  290536 linear_solver.cc:2026] No solution exists. MPSolverInterface::result_status_ = MPSOLVER_INFEASIBLE
E0000 00:00:1785774115.873341  290536 linear_solver.cc:2026] No solution exists. MPSolverInterface::result_status_ = MPSOLVER_INFEASIBLE
E0000 00:00:1785774115.916571  290536 linear_solver.cc:2026] No solution exists. MPSolverInterface::result_status_ = MPSOLVER_INFEASIBLE
E0000 00:00:1785774115.960468  290536 linear_solver.cc:2026] No solution exists. MPSolverInterface::result_status_ = MPSOLVER_INFEASIBLE
E0000 00:00:1785774116.003704  290536 linear_solver.cc:2026] No solution exists. MPSolverInterface::result_status_ = MPSOLVER_INFEASIBLE
E0000 00:00:1785774116.045935  290536 linear_solver.cc:2026] No solution exists. MPSolverInterface::result_status_ = MPSOLVER_INFEASIBLE
E0000 00:00:1785774116.088513  290536 linear_solver.cc:2026] No solution exists. MPSolverInterface::result_status_ = MPSOLVER_INFEASIBLE
E0000 00:00:1785774116.131177  290536 linear_solver.cc:2026] No solution exists. MPSolverInterface::result_status_ = MPSOLVER_INFEASIBLE
E0000 00:00:1785774116.174332  290536 linear_solver.cc:2026] No solution exists. MPSolverInterface::result_status_ = MPSOLVER_INFEASIBLE
E0000 00:00:1785774116.647252  290536 linear_solver.cc:2026] No solution exists. MPSolverInterface::result_status_ = MPSOLVER_INFEASIBLE
E0000 00:00:1785774116.660382  290536 linear_solver.cc:2026] No solution exists. MPSolverInterface::result_status_ = MPSOLVER_INFEASIBLE
E0000 00:00:1785774117.070783  290536 linear_solver.cc:2026] No solution exists. MPSolverInterface::result_status_ = MPSOLVER_INFEASIBLE
E0000 00:00:1785774117.117684  290536 linear_solver.cc:2026] No solution exists. MPSolverInterface::result_status_ = MPSOLVER_INFEASIBLE
E0000 00:00:1785774117.164930  290536 linear_solver.cc:2026] No solution exists. MPSolverInterface::result_status_ = MPSOLVER_INFEASIBLE
E0000 00:00:1785774117.212471  290536 linear_solver.cc:2026] No solution exists. MPSolverInterface::result_status_ = MPSOLVER_INFEASIBLE
E0000 00:00:1785774117.260172  290536 linear_solver.cc:2026] No solution exists. MPSolverInterface::result_status_ = MPSOLVER_INFEASIBLE
E0000 00:00:1785774117.308259  290536 linear_solver.cc:2026] No solution exists. MPSolverInterface::result_status_ = MPSOLVER_INFEASIBLE
E0000 00:00:1785774117.356669  290536 linear_solver.cc:2026] No solution exists. MPSolverInterface::result_status_ = MPSOLVER_INFEASIBLE
E0000 00:00:1785774117.404772  290536 linear_solver.cc:2026] No solution exists. MPSolverInterface::result_status_ = MPSOLVER_INFEASIBLE
E0000 00:00:1785774118.488604  290536 linear_solver.cc:2026] No solution exists. MPSolverInterface::result_status_ = MPSOLVER_INFEASIBLE
E0000 00:00:1785774118.511498  290536 linear_solver.cc:2026] No solution exists. MPSolverInterface::result_status_ = MPSOLVER_INFEASIBLE
E0000 00:00:1785774121.874755  290536 linear_solver.cc:2026] No solution exists. MPSolverInterface::result_status_ = MPSOLVER_INFEASIBLE
E0000 00:00:1785774121.941368  290536 linear_solver.cc:2026] No solution exists. MPSolverInterface::result_status_ = MPSOLVER_INFEASIBLE
E0000 00:00:1785774127.393927  290536 linear_solver.cc:2026] No solution exists. MPSolverInterface::result_status_ = MPSOLVER_INFEASIBLE
E0000 00:00:1785774127.461521  290536 linear_solver.cc:2026] No solution exists. MPSolverInterface::result_status_ = MPSOLVER_INFEASIBLE
E0000 00:00:1785774135.834012  290536 linear_solver.cc:2026] No solution exists. MPSolverInterface::result_status_ = MPSOLVER_INFEASIBLE
E0000 00:00:1785774135.871153  290536 linear_solver.cc:2026] No solution exists. MPSolverInterface::result_status_ = MPSOLVER_INFEASIBLE
E0000 00:00:1785774135.908177  290536 linear_solver.cc:2026] No solution exists. MPSolverInterface::result_status_ = MPSOLVER_INFEASIBLE
E0000 00:00:1785774135.945266  290536 linear_solver.cc:2026] No solution exists. MPSolverInterface::result_status_ = MPSOLVER_INFEASIBLE
E0000 00:00:1785774135.983248  290536 linear_solver.cc:2026] No solution exists. MPSolverInterface::result_status_ = MPSOLVER_INFEASIBLE
E0000 00:00:1785774136.021099  290536 linear_solver.cc:2026] No solution exists. MPSolverInterface::result_status_ = MPSOLVER_INFEASIBLE
E0000 00:00:1785774136.058720  290536 linear_solver.cc:2026] No solution exists. MPSolverInterface::result_status_ = MPSOLVER_INFEASIBLE
E0000 00:00:1785774136.095527  290536 linear_solver.cc:2026] No solution exists. MPSolverInterface::result_status_ = MPSOLVER_INFEASIBLE
E0000 00:00:1785774142.496794  290536 linear_solver.cc:2026] No solution exists. MPSolverInterface::result_status_ = MPSOLVER_INFEASIBLE
E0000 00:00:1785774142.543083  290536 linear_solver.cc:2026] No solution exists. MPSolverInterface::result_status_ = MPSOLVER_INFEASIBLE
E0000 00:00:1785774144.497734  290536 linear_solver.cc:2026] No solution exists. MPSolverInterface::result_status_ = MPSOLVER_INFEASIBLE
E0000 00:00:1785774144.543977  290536 linear_solver.cc:2026] No solution exists. MPSolverInterface::result_status_ = MPSOLVER_INFEASIBLE
E0000 00:00:1785774144.589721  290536 linear_solver.cc:2026] No solution exists. MPSolverInterface::result_status_ = MPSOLVER_INFEASIBLE
E0000 00:00:1785774144.634559  290536 linear_solver.cc:2026] No solution exists. MPSolverInterface::result_status_ = MPSOLVER_INFEASIBLE
E0000 00:00:1785774144.679064  290536 linear_solver.cc:2026] No solution exists. MPSolverInterface::result_status_ = MPSOLVER_INFEASIBLE
E0000 00:00:1785774149.589988  290536 linear_solver.cc:2026] No solution exists. MPSolverInterface::result_status_ = MPSOLVER_INFEASIBLE
E0000 00:00:1785774149.638336  290536 linear_solver.cc:2026] No solution exists. MPSolverInterface::result_status_ = MPSOLVER_INFEASIBLE
E0000 00:00:1785774149.686371  290536 linear_solver.cc:2026] No solution exists. MPSolverInterface::result_status_ = MPSOLVER_INFEASIBLE
E0000 00:00:1785774149.735119  290536 linear_solver.cc:2026] No solution exists. MPSolverInterface::result_status_ = MPSOLVER_INFEASIBLE
E0000 00:00:1785774149.786680  290536 linear_solver.cc:2026] No solution exists. MPSolverInterface::result_status_ = MPSOLVER_INFEASIBLE
E0000 00:00:1785774149.837168  290536 linear_solver.cc:2026] No solution exists. MPSolverInterface::result_status_ = MPSOLVER_INFEASIBLE
E0000 00:00:1785774149.886306  290536 linear_solver.cc:2026] No solution exists. MPSolverInterface::result_status_ = MPSOLVER_INFEASIBLE
E0000 00:00:1785774149.934681  290536 linear_solver.cc:2026] No solution exists. MPSolverInterface::result_status_ = MPSOLVER_INFEASIBLE
E0000 00:00:1785774167.436848  290536 linear_solver.cc:2026] No solution exists. MPSolverInterface::result_status_ = MPSOLVER_INFEASIBLE
E0000 00:00:1785774167.523064  290536 linear_solver.cc:2026] No solution exists. MPSolverInterface::result_status_ = MPSOLVER_INFEASIBLE
E0000 00:00:1785774187.074662  290536 linear_solver.cc:2026] No solution exists. MPSolverInterface::result_status_ = MPSOLVER_INFEASIBLE
E0000 00:00:1785774187.140202  290536 linear_solver.cc:2026] No solution exists. MPSolverInterface::result_status_ = MPSOLVER_INFEASIBLE
E0000 00:00:1785774191.644533  290536 linear_solver.cc:2026] No solution exists. MPSolverInterface::result_status_ = MPSOLVER_INFEASIBLE
E0000 00:00:1785774191.680371  290536 linear_solver.cc:2026] No solution exists. MPSolverInterface::result_status_ = MPSOLVER_INFEASIBLE
E0000 00:00:1785774196.588441  290536 linear_solver.cc:2026] No solution exists. MPSolverInterface::result_status_ = MPSOLVER_INFEASIBLE
E0000 00:00:1785774196.642665  290536 linear_solver.cc:2026] No solution exists. MPSolverInterface::result_status_ = MPSOLVER_INFEASIBLE
E0000 00:00:1785774207.238199  290536 linear_solver.cc:2026] No solution exists. MPSolverInterface::result_status_ = MPSOLVER_INFEASIBLE
E0000 00:00:1785774207.303008  290536 linear_solver.cc:2026] No solution exists. MPSolverInterface::result_status_ = MPSOLVER_INFEASIBLE
E0000 00:00:1785774215.797952  290536 linear_solver.cc:2026] No solution exists. MPSolverInterface::result_status_ = MPSOLVER_INFEASIBLE
E0000 00:00:1785774215.839979  290536 linear_solver.cc:2026] No solution exists. MPSolverInterface::result_status_ = MPSOLVER_INFEASIBLE
E0000 00:00:1785774215.881162  290536 linear_solver.cc:2026] No solution exists. MPSolverInterface::result_status_ = MPSOLVER_INFEASIBLE
E0000 00:00:1785774215.923103  290536 linear_solver.cc:2026] No solution exists. MPSolverInterface::result_status_ = MPSOLVER_INFEASIBLE
E0000 00:00:1785774215.964918  290536 linear_solver.cc:2026] No solution exists. MPSolverInterface::result_status_ = MPSOLVER_INFEASIBLE
E0000 00:00:1785774216.006340  290536 linear_solver.cc:2026] No solution exists. MPSolverInterface::result_status_ = MPSOLVER_INFEASIBLE
E0000 00:00:1785774216.048504  290536 linear_solver.cc:2026] No solution exists. MPSolverInterface::result_status_ = MPSOLVER_INFEASIBLE
E0000 00:00:1785774216.090489  290536 linear_solver.cc:2026] No solution exists. MPSolverInterface::result_status_ = MPSOLVER_INFEASIBLE
E0000 00:00:1785774219.767940  290536 linear_solver.cc:2026] No solution exists. MPSolverInterface::result_status_ = MPSOLVER_INFEASIBLE
E0000 00:00:1785774219.827497  290536 linear_solver.cc:2026] No solution exists. MPSolverInterface::result_status_ = MPSOLVER_INFEASIBLE
E0000 00:00:1785774225.983709  290536 linear_solver.cc:2026] No solution exists. MPSolverInterface::result_status_ = MPSOLVER_INFEASIBLE
E0000 00:00:1785774226.022987  290536 linear_solver.cc:2026] No solution exists. MPSolverInterface::result_status_ = MPSOLVER_INFEASIBLE
E0000 00:00:1785774226.061674  290536 linear_solver.cc:2026] No solution exists. MPSolverInterface::result_status_ = MPSOLVER_INFEASIBLE
E0000 00:00:1785774226.100345  290536 linear_solver.cc:2026] No solution exists. MPSolverInterface::result_status_ = MPSOLVER_INFEASIBLE
E0000 00:00:1785774226.138405  290536 linear_solver.cc:2026] No solution exists. MPSolverInterface::result_status_ = MPSOLVER_INFEASIBLE
E0000 00:00:1785774226.176511  290536 linear_solver.cc:2026] No solution exists. MPSolverInterface::result_status_ = MPSOLVER_INFEASIBLE
E0000 00:00:1785774226.214988  290536 linear_solver.cc:2026] No solution exists. MPSolverInterface::result_status_ = MPSOLVER_INFEASIBLE
E0000 00:00:1785774226.253513  290536 linear_solver.cc:2026] No solution exists. MPSolverInterface::result_status_ = MPSOLVER_INFEASIBLE
E0000 00:00:1785774226.793705  290536 linear_solver.cc:2026] No solution exists. MPSolverInterface::result_status_ = MPSOLVER_INFEASIBLE
E0000 00:00:1785774226.840518  290536 linear_solver.cc:2026] No solution exists. MPSolverInterface::result_status_ = MPSOLVER_INFEASIBLE
E0000 00:00:1785774226.890237  290536 linear_solver.cc:2026] No solution exists. MPSolverInterface::result_status_ = MPSOLVER_INFEASIBLE
E0000 00:00:1785774226.938668  290536 linear_solver.cc:2026] No solution exists. MPSolverInterface::result_status_ = MPSOLVER_INFEASIBLE
E0000 00:00:1785774226.986968  290536 linear_solver.cc:2026] No solution exists. MPSolverInterface::result_status_ = MPSOLVER_INFEASIBLE
E0000 00:00:1785774227.034518  290536 linear_solver.cc:2026] No solution exists. MPSolverInterface::result_status_ = MPSOLVER_INFEASIBLE
E0000 00:00:1785774227.082034  290536 linear_solver.cc:2026] No solution exists. MPSolverInterface::result_status_ = MPSOLVER_INFEASIBLE
E0000 00:00:1785774227.129739  290536 linear_solver.cc:2026] No solution exists. MPSolverInterface::result_status_ = MPSOLVER_INFEASIBLE
E0000 00:00:1785774227.667137  290536 linear_solver.cc:2026] No solution exists. MPSolverInterface::result_status_ = MPSOLVER_INFEASIBLE
E0000 00:00:1785774227.706087  290536 linear_solver.cc:2026] No solution exists. MPSolverInterface::result_status_ = MPSOLVER_INFEASIBLE
E0000 00:00:1785774227.745632  290536 linear_solver.cc:2026] No solution exists. MPSolverInterface::result_status_ = MPSOLVER_INFEASIBLE
E0000 00:00:1785774227.785274  290536 linear_solver.cc:2026] No solution exists. MPSolverInterface::result_status_ = MPSOLVER_INFEASIBLE
E0000 00:00:1785774227.823179  290536 linear_solver.cc:2026] No solution exists. MPSolverInterface::result_status_ = MPSOLVER_INFEASIBLE
E0000 00:00:1785774227.859459  290536 linear_solver.cc:2026] No solution exists. MPSolverInterface::result_status_ = MPSOLVER_INFEASIBLE
E0000 00:00:1785774227.896098  290536 linear_solver.cc:2026] No solution exists. MPSolverInterface::result_status_ = MPSOLVER_INFEASIBLE
E0000 00:00:1785774227.932396  290536 linear_solver.cc:2026] No solution exists. MPSolverInterface::result_status_ = MPSOLVER_INFEASIBLE
E0000 00:00:1785774228.565892  290536 linear_solver.cc:2026] No solution exists. MPSolverInterface::result_status_ = MPSOLVER_INFEASIBLE
E0000 00:00:1785774228.576213  290536 linear_solver.cc:2026] No solution exists. MPSolverInterface::result_status_ = MPSOLVER_INFEASIBLE
E0000 00:00:1785774228.586107  290536 linear_solver.cc:2026] No solution exists. MPSolverInterface::result_status_ = MPSOLVER_INFEASIBLE
E0000 00:00:1785774228.595868  290536 linear_solver.cc:2026] No solution exists. MPSolverInterface::result_status_ = MPSOLVER_INFEASIBLE
E0000 00:00:1785774228.605557  290536 linear_solver.cc:2026] No solution exists. MPSolverInterface::result_status_ = MPSOLVER_INFEASIBLE
E0000 00:00:1785774228.615278  290536 linear_solver.cc:2026] No solution exists. MPSolverInterface::result_status_ = MPSOLVER_INFEASIBLE
E0000 00:00:1785774228.624886  290536 linear_solver.cc:2026] No solution exists. MPSolverInterface::result_status_ = MPSOLVER_INFEASIBLE
E0000 00:00:1785774228.634451  290536 linear_solver.cc:2026] No solution exists. MPSolverInterface::result_status_ = MPSOLVER_INFEASIBLE
E0000 00:00:1785774232.425213  290536 linear_solver.cc:2026] No solution exists. MPSolverInterface::result_status_ = MPSOLVER_INFEASIBLE
E0000 00:00:1785774232.483054  290536 linear_solver.cc:2026] No solution exists. MPSolverInterface::result_status_ = MPSOLVER_INFEASIBLE
E0000 00:00:1785774235.406495  290536 linear_solver.cc:2026] No solution exists. MPSolverInterface::result_status_ = MPSOLVER_INFEASIBLE
E0000 00:00:1785774235.450739  290536 linear_solver.cc:2026] No solution exists. MPSolverInterface::result_status_ = MPSOLVER_INFEASIBLE
E0000 00:00:1785774235.494354  290536 linear_solver.cc:2026] No solution exists. MPSolverInterface::result_status_ = MPSOLVER_INFEASIBLE
E0000 00:00:1785774235.537867  290536 linear_solver.cc:2026] No solution exists. MPSolverInterface::result_status_ = MPSOLVER_INFEASIBLE
E0000 00:00:1785774235.581435  290536 linear_solver.cc:2026] No solution exists. MPSolverInterface::result_status_ = MPSOLVER_INFEASIBLE
E0000 00:00:1785774235.625046  290536 linear_solver.cc:2026] No solution exists. MPSolverInterface::result_status_ = MPSOLVER_INFEASIBLE
E0000 00:00:1785774235.669819  290536 linear_solver.cc:2026] No solution exists. MPSolverInterface::result_status_ = MPSOLVER_INFEASIBLE
E0000 00:00:1785774235.714161  290536 linear_solver.cc:2026] No solution exists. MPSolverInterface::result_status_ = MPSOLVER_INFEASIBLE
E0000 00:00:1785774237.327019  290536 linear_solver.cc:2026] No solution exists. MPSolverInterface::result_status_ = MPSOLVER_INFEASIBLE
E0000 00:00:1785774237.369343  290536 linear_solver.cc:2026] No solution exists. MPSolverInterface::result_status_ = MPSOLVER_INFEASIBLE
E0000 00:00:1785774237.411574  290536 linear_solver.cc:2026] No solution exists. MPSolverInterface::result_status_ = MPSOLVER_INFEASIBLE
E0000 00:00:1785774237.454566  290536 linear_solver.cc:2026] No solution exists. MPSolverInterface::result_status_ = MPSOLVER_INFEASIBLE
E0000 00:00:1785774237.497152  290536 linear_solver.cc:2026] No solution exists. MPSolverInterface::result_status_ = MPSOLVER_INFEASIBLE
E0000 00:00:1785774237.539884  290536 linear_solver.cc:2026] No solution exists. MPSolverInterface::result_status_ = MPSOLVER_INFEASIBLE
E0000 00:00:1785774240.691551  290536 linear_solver.cc:2026] No solution exists. MPSolverInterface::result_status_ = MPSOLVER_INFEASIBLE
E0000 00:00:1785774240.703085  290536 linear_solver.cc:2026] No solution exists. MPSolverInterface::result_status_ = MPSOLVER_INFEASIBLE
E0000 00:00:1785774240.714367  290536 linear_solver.cc:2026] No solution exists. MPSolverInterface::result_status_ = MPSOLVER_INFEASIBLE
E0000 00:00:1785774240.725693  290536 linear_solver.cc:2026] No solution exists. MPSolverInterface::result_status_ = MPSOLVER_INFEASIBLE
E0000 00:00:1785774240.736992  290536 linear_solver.cc:2026] No solution exists. MPSolverInterface::result_status_ = MPSOLVER_INFEASIBLE
E0000 00:00:1785774240.748364  290536 linear_solver.cc:2026] No solution exists. MPSolverInterface::result_status_ = MPSOLVER_INFEASIBLE
E0000 00:00:1785774240.759623  290536 linear_solver.cc:2026] No solution exists. MPSolverInterface::result_status_ = MPSOLVER_INFEASIBLE
E0000 00:00:1785774240.771518  290536 linear_solver.cc:2026] No solution exists. MPSolverInterface::result_status_ = MPSOLVER_INFEASIBLE
E0000 00:00:1785774240.898532  290536 linear_solver.cc:2026] No solution exists. MPSolverInterface::result_status_ = MPSOLVER_INFEASIBLE
E0000 00:00:1785774240.909963  290536 linear_solver.cc:2026] No solution exists. MPSolverInterface::result_status_ = MPSOLVER_INFEASIBLE
E0000 00:00:1785774240.920953  290536 linear_solver.cc:2026] No solution exists. MPSolverInterface::result_status_ = MPSOLVER_INFEASIBLE
E0000 00:00:1785774240.932331  290536 linear_solver.cc:2026] No solution exists. MPSolverInterface::result_status_ = MPSOLVER_INFEASIBLE
E0000 00:00:1785774240.943362  290536 linear_solver.cc:2026] No solution exists. MPSolverInterface::result_status_ = MPSOLVER_INFEASIBLE
E0000 00:00:1785774240.954538  290536 linear_solver.cc:2026] No solution exists. MPSolverInterface::result_status_ = MPSOLVER_INFEASIBLE
E0000 00:00:1785774240.965645  290536 linear_solver.cc:2026] No solution exists. MPSolverInterface::result_status_ = MPSOLVER_INFEASIBLE
E0000 00:00:1785774240.976464  290536 linear_solver.cc:2026] No solution exists. MPSolverInterface::result_status_ = MPSOLVER_INFEASIBLE
E0000 00:00:1785774244.180984  290536 linear_solver.cc:2026] No solution exists. MPSolverInterface::result_status_ = MPSOLVER_INFEASIBLE
E0000 00:00:1785774244.234394  290536 linear_solver.cc:2026] No solution exists. MPSolverInterface::result_status_ = MPSOLVER_INFEASIBLE
E0000 00:00:1785774244.289289  290536 linear_solver.cc:2026] No solution exists. MPSolverInterface::result_status_ = MPSOLVER_INFEASIBLE
E0000 00:00:1785774244.342641  290536 linear_solver.cc:2026] No solution exists. MPSolverInterface::result_status_ = MPSOLVER_INFEASIBLE
E0000 00:00:1785774244.396636  290536 linear_solver.cc:2026] No solution exists. MPSolverInterface::result_status_ = MPSOLVER_INFEASIBLE
E0000 00:00:1785774244.450852  290536 linear_solver.cc:2026] No solution exists. MPSolverInterface::result_status_ = MPSOLVER_INFEASIBLE
E0000 00:00:1785774244.505727  290536 linear_solver.cc:2026] No solution exists. MPSolverInterface::result_status_ = MPSOLVER_INFEASIBLE
E0000 00:00:1785774244.560461  290536 linear_solver.cc:2026] No solution exists. MPSolverInterface::result_status_ = MPSOLVER_INFEASIBLE
E0000 00:00:1785774245.170682  290536 linear_solver.cc:2026] No solution exists. MPSolverInterface::result_status_ = MPSOLVER_INFEASIBLE
E0000 00:00:1785774245.186962  290536 linear_solver.cc:2026] No solution exists. MPSolverInterface::result_status_ = MPSOLVER_INFEASIBLE
E0000 00:00:1785774245.529103  290536 linear_solver.cc:2026] No solution exists. MPSolverInterface::result_status_ = MPSOLVER_INFEASIBLE
E0000 00:00:1785774245.544576  290536 linear_solver.cc:2026] No solution exists. MPSolverInterface::result_status_ = MPSOLVER_INFEASIBLE
E0000 00:00:1785774246.074546  290536 linear_solver.cc:2026] No solution exists. MPSolverInterface::result_status_ = MPSOLVER_INFEASIBLE
E0000 00:00:1785774246.105705  290536 linear_solver.cc:2026] No solution exists. MPSolverInterface::result_status_ = MPSOLVER_INFEASIBLE
E0000 00:00:1785774246.136186  290536 linear_solver.cc:2026] No solution exists. MPSolverInterface::result_status_ = MPSOLVER_INFEASIBLE
E0000 00:00:1785774246.166484  290536 linear_solver.cc:2026] No solution exists. MPSolverInterface::result_status_ = MPSOLVER_INFEASIBLE
E0000 00:00:1785774246.197211  290536 linear_solver.cc:2026] No solution exists. MPSolverInterface::result_status_ = MPSOLVER_INFEASIBLE
E0000 00:00:1785774246.227256  290536 linear_solver.cc:2026] No solution exists. MPSolverInterface::result_status_ = MPSOLVER_INFEASIBLE
E0000 00:00:1785774246.257888  290536 linear_solver.cc:2026] No solution exists. MPSolverInterface::result_status_ = MPSOLVER_INFEASIBLE
E0000 00:00:1785774246.288267  290536 linear_solver.cc:2026] No solution exists. MPSolverInterface::result_status_ = MPSOLVER_INFEASIBLE
E0000 00:00:1785774259.506484  290536 linear_solver.cc:2026] No solution exists. MPSolverInterface::result_status_ = MPSOLVER_INFEASIBLE
E0000 00:00:1785774259.563043  290536 linear_solver.cc:2026] No solution exists. MPSolverInterface::result_status_ = MPSOLVER_INFEASIBLE
E0000 00:00:1785774259.620330  290536 linear_solver.cc:2026] No solution exists. MPSolverInterface::result_status_ = MPSOLVER_INFEASIBLE
E0000 00:00:1785774259.677024  290536 linear_solver.cc:2026] No solution exists. MPSolverInterface::result_status_ = MPSOLVER_INFEASIBLE
E0000 00:00:1785774259.733949  290536 linear_solver.cc:2026] No solution exists. MPSolverInterface::result_status_ = MPSOLVER_INFEASIBLE
E0000 00:00:1785774259.790697  290536 linear_solver.cc:2026] No solution exists. MPSolverInterface::result_status_ = MPSOLVER_INFEASIBLE
E0000 00:00:1785774259.847385  290536 linear_solver.cc:2026] No solution exists. MPSolverInterface::result_status_ = MPSOLVER_INFEASIBLE
E0000 00:00:1785774259.905804  290536 linear_solver.cc:2026] No solution exists. MPSolverInterface::result_status_ = MPSOLVER_INFEASIBLE
E0000 00:00:1785774260.663612  290536 linear_solver.cc:2026] No solution exists. MPSolverInterface::result_status_ = MPSOLVER_INFEASIBLE
E0000 00:00:1785774260.716075  290536 linear_solver.cc:2026] No solution exists. MPSolverInterface::result_status_ = MPSOLVER_INFEASIBLE
E0000 00:00:1785774260.769288  290536 linear_solver.cc:2026] No solution exists. MPSolverInterface::result_status_ = MPSOLVER_INFEASIBLE
E0000 00:00:1785774260.822097  290536 linear_solver.cc:2026] No solution exists. MPSolverInterface::result_status_ = MPSOLVER_INFEASIBLE
E0000 00:00:1785774260.875051  290536 linear_solver.cc:2026] No solution exists. MPSolverInterface::result_status_ = MPSOLVER_INFEASIBLE
E0000 00:00:1785774260.927818  290536 linear_solver.cc:2026] No solution exists. MPSolverInterface::result_status_ = MPSOLVER_INFEASIBLE
E0000 00:00:1785774260.980871  290536 linear_solver.cc:2026] No solution exists. MPSolverInterface::result_status_ = MPSOLVER_INFEASIBLE
E0000 00:00:1785774261.033410  290536 linear_solver.cc:2026] No solution exists. MPSolverInterface::result_status_ = MPSOLVER_INFEASIBLE
E0000 00:00:1785774267.244153  290536 linear_solver.cc:2026] No solution exists. MPSolverInterface::result_status_ = MPSOLVER_INFEASIBLE
E0000 00:00:1785774267.323085  290536 linear_solver.cc:2026] No solution exists. MPSolverInterface::result_status_ = MPSOLVER_INFEASIBLE
E0000 00:00:1785774280.390547  290536 linear_solver.cc:2026] No solution exists. MPSolverInterface::result_status_ = MPSOLVER_INFEASIBLE
E0000 00:00:1785774280.418441  290536 linear_solver.cc:2026] No solution exists. MPSolverInterface::result_status_ = MPSOLVER_INFEASIBLE
E0000 00:00:1785774282.167927  290536 linear_solver.cc:2026] No solution exists. MPSolverInterface::result_status_ = MPSOLVER_INFEASIBLE
E0000 00:00:1785774282.209682  290536 linear_solver.cc:2026] No solution exists. MPSolverInterface::result_status_ = MPSOLVER_INFEASIBLE
E0000 00:00:1785774282.251846  290536 linear_solver.cc:2026] No solution exists. MPSolverInterface::result_status_ = MPSOLVER_INFEASIBLE
E0000 00:00:1785774282.293074  290536 linear_solver.cc:2026] No solution exists. MPSolverInterface::result_status_ = MPSOLVER_INFEASIBLE
E0000 00:00:1785774282.333862  290536 linear_solver.cc:2026] No solution exists. MPSolverInterface::result_status_ = MPSOLVER_INFEASIBLE
E0000 00:00:1785774282.374960  290536 linear_solver.cc:2026] No solution exists. MPSolverInterface::result_status_ = MPSOLVER_INFEASIBLE
E0000 00:00:1785774282.415618  290536 linear_solver.cc:2026] No solution exists. MPSolverInterface::result_status_ = MPSOLVER_INFEASIBLE
E0000 00:00:1785774282.456674  290536 linear_solver.cc:2026] No solution exists. MPSolverInterface::result_status_ = MPSOLVER_INFEASIBLE
E0000 00:00:1785774287.383103  290536 linear_solver.cc:2026] No solution exists. MPSolverInterface::result_status_ = MPSOLVER_INFEASIBLE
E0000 00:00:1785774287.437788  290536 linear_solver.cc:2026] No solution exists. MPSolverInterface::result_status_ = MPSOLVER_INFEASIBLE
E0000 00:00:1785774294.148619  290536 linear_solver.cc:2026] No solution exists. MPSolverInterface::result_status_ = MPSOLVER_INFEASIBLE
E0000 00:00:1785774294.190577  290536 linear_solver.cc:2026] No solution exists. MPSolverInterface::result_status_ = MPSOLVER_INFEASIBLE
E0000 00:00:1785774294.232707  290536 linear_solver.cc:2026] No solution exists. MPSolverInterface::result_status_ = MPSOLVER_INFEASIBLE
E0000 00:00:1785774294.275666  290536 linear_solver.cc:2026] No solution exists. MPSolverInterface::result_status_ = MPSOLVER_INFEASIBLE
E0000 00:00:1785774294.317913  290536 linear_solver.cc:2026] No solution exists. MPSolverInterface::result_status_ = MPSOLVER_INFEASIBLE
E0000 00:00:1785774294.360033  290536 linear_solver.cc:2026] No solution exists. MPSolverInterface::result_status_ = MPSOLVER_INFEASIBLE
E0000 00:00:1785774294.402002  290536 linear_solver.cc:2026] No solution exists. MPSolverInterface::result_status_ = MPSOLVER_INFEASIBLE
E0000 00:00:1785774294.443766  290536 linear_solver.cc:2026] No solution exists. MPSolverInterface::result_status_ = MPSOLVER_INFEASIBLE
E0000 00:00:1785774300.648005  290536 linear_solver.cc:2026] No solution exists. MPSolverInterface::result_status_ = MPSOLVER_INFEASIBLE
E0000 00:00:1785774300.724589  290536 linear_solver.cc:2026] No solution exists. MPSolverInterface::result_status_ = MPSOLVER_INFEASIBLE
E0000 00:00:1785774312.249763  290536 linear_solver.cc:2026] No solution exists. MPSolverInterface::result_status_ = MPSOLVER_INFEASIBLE
E0000 00:00:1785774312.311328  290536 linear_solver.cc:2026] No solution exists. MPSolverInterface::result_status_ = MPSOLVER_INFEASIBLE
E0000 00:00:1785774317.390479  290536 linear_solver.cc:2026] No solution exists. MPSolverInterface::result_status_ = MPSOLVER_INFEASIBLE
E0000 00:00:1785774317.443622  290536 linear_solver.cc:2026] No solution exists. MPSolverInterface::result_status_ = MPSOLVER_INFEASIBLE
E0000 00:00:1785774317.496808  290536 linear_solver.cc:2026] No solution exists. MPSolverInterface::result_status_ = MPSOLVER_INFEASIBLE
E0000 00:00:1785774317.549655  290536 linear_solver.cc:2026] No solution exists. MPSolverInterface::result_status_ = MPSOLVER_INFEASIBLE
E0000 00:00:1785774320.382456  290536 linear_solver.cc:2026] No solution exists. MPSolverInterface::result_status_ = MPSOLVER_INFEASIBLE
E0000 00:00:1785774320.442367  290536 linear_solver.cc:2026] No solution exists. MPSolverInterface::result_status_ = MPSOLVER_INFEASIBLE
E0000 00:00:1785774320.503491  290536 linear_solver.cc:2026] No solution exists. MPSolverInterface::result_status_ = MPSOLVER_INFEASIBLE
E0000 00:00:1785774320.563379  290536 linear_solver.cc:2026] No solution exists. MPSolverInterface::result_status_ = MPSOLVER_INFEASIBLE
E0000 00:00:1785774320.623090  290536 linear_solver.cc:2026] No solution exists. MPSolverInterface::result_status_ = MPSOLVER_INFEASIBLE
E0000 00:00:1785774324.843294  290536 linear_solver.cc:2026] No solution exists. MPSolverInterface::result_status_ = MPSOLVER_INFEASIBLE
E0000 00:00:1785774324.893586  290536 linear_solver.cc:2026] No solution exists. MPSolverInterface::result_status_ = MPSOLVER_INFEASIBLE
E0000 00:00:1785774324.943147  290536 linear_solver.cc:2026] No solution exists. MPSolverInterface::result_status_ = MPSOLVER_INFEASIBLE
E0000 00:00:1785774324.993532  290536 linear_solver.cc:2026] No solution exists. MPSolverInterface::result_status_ = MPSOLVER_INFEASIBLE
E0000 00:00:1785774326.119115  290536 linear_solver.cc:2026] No solution exists. MPSolverInterface::result_status_ = MPSOLVER_INFEASIBLE
E0000 00:00:1785774326.169615  290536 linear_solver.cc:2026] No solution exists. MPSolverInterface::result_status_ = MPSOLVER_INFEASIBLE
E0000 00:00:1785774326.220839  290536 linear_solver.cc:2026] No solution exists. MPSolverInterface::result_status_ = MPSOLVER_INFEASIBLE
E0000 00:00:1785774326.272150  290536 linear_solver.cc:2026] No solution exists. MPSolverInterface::result_status_ = MPSOLVER_INFEASIBLE
E0000 00:00:1785774326.323205  290536 linear_solver.cc:2026] No solution exists. MPSolverInterface::result_status_ = MPSOLVER_INFEASIBLE
E0000 00:00:1785774326.373965  290536 linear_solver.cc:2026] No solution exists. MPSolverInterface::result_status_ = MPSOLVER_INFEASIBLE
E0000 00:00:1785774326.424061  290536 linear_solver.cc:2026] No solution exists. MPSolverInterface::result_status_ = MPSOLVER_INFEASIBLE
E0000 00:00:1785774326.474888  290536 linear_solver.cc:2026] No solution exists. MPSolverInterface::result_status_ = MPSOLVER_INFEASIBLE
E0000 00:00:1785774328.293353  290536 linear_solver.cc:2026] No solution exists. MPSolverInterface::result_status_ = MPSOLVER_INFEASIBLE
E0000 00:00:1785774328.331332  290536 linear_solver.cc:2026] No solution exists. MPSolverInterface::result_status_ = MPSOLVER_INFEASIBLE
E0000 00:00:1785774328.369269  290536 linear_solver.cc:2026] No solution exists. MPSolverInterface::result_status_ = MPSOLVER_INFEASIBLE
E0000 00:00:1785774328.407235  290536 linear_solver.cc:2026] No solution exists. MPSolverInterface::result_status_ = MPSOLVER_INFEASIBLE
E0000 00:00:1785774328.444693  290536 linear_solver.cc:2026] No solution exists. MPSolverInterface::result_status_ = MPSOLVER_INFEASIBLE
E0000 00:00:1785774328.482530  290536 linear_solver.cc:2026] No solution exists. MPSolverInterface::result_status_ = MPSOLVER_INFEASIBLE
E0000 00:00:1785774328.520087  290536 linear_solver.cc:2026] No solution exists. MPSolverInterface::result_status_ = MPSOLVER_INFEASIBLE
E0000 00:00:1785774328.558141  290536 linear_solver.cc:2026] No solution exists. MPSolverInterface::result_status_ = MPSOLVER_INFEASIBLE
E0000 00:00:1785774330.109437  290536 linear_solver.cc:2026] No solution exists. MPSolverInterface::result_status_ = MPSOLVER_INFEASIBLE
E0000 00:00:1785774330.140042  290536 linear_solver.cc:2026] No solution exists. MPSolverInterface::result_status_ = MPSOLVER_INFEASIBLE
E0000 00:00:1785774332.942683  290536 linear_solver.cc:2026] No solution exists. MPSolverInterface::result_status_ = MPSOLVER_INFEASIBLE
E0000 00:00:1785774332.992216  290536 linear_solver.cc:2026] No solution exists. MPSolverInterface::result_status_ = MPSOLVER_INFEASIBLE
E0000 00:00:1785774340.783768  290536 linear_solver.cc:2026] No solution exists. MPSolverInterface::result_status_ = MPSOLVER_INFEASIBLE
E0000 00:00:1785774340.852195  290536 linear_solver.cc:2026] No solution exists. MPSolverInterface::result_status_ = MPSOLVER_INFEASIBLE
E0000 00:00:1785774340.920902  290536 linear_solver.cc:2026] No solution exists. MPSolverInterface::result_status_ = MPSOLVER_INFEASIBLE
E0000 00:00:1785774340.987961  290536 linear_solver.cc:2026] No solution exists. MPSolverInterface::result_status_ = MPSOLVER_INFEASIBLE
E0000 00:00:1785774347.852419  290536 linear_solver.cc:2026] No solution exists. MPSolverInterface::result_status_ = MPSOLVER_INFEASIBLE
E0000 00:00:1785774347.905810  290536 linear_solver.cc:2026] No solution exists. MPSolverInterface::result_status_ = MPSOLVER_INFEASIBLE
E0000 00:00:1785774357.508878  290536 linear_solver.cc:2026] No solution exists. MPSolverInterface::result_status_ = MPSOLVER_INFEASIBLE
E0000 00:00:1785774357.569001  290536 linear_solver.cc:2026] No solution exists. MPSolverInterface::result_status_ = MPSOLVER_INFEASIBLE
E0000 00:00:1785774359.632548  290536 linear_solver.cc:2026] No solution exists. MPSolverInterface::result_status_ = MPSOLVER_INFEASIBLE
E0000 00:00:1785774359.645566  290536 linear_solver.cc:2026] No solution exists. MPSolverInterface::result_status_ = MPSOLVER_INFEASIBLE
E0000 00:00:1785774363.057513  290536 linear_solver.cc:2026] No solution exists. MPSolverInterface::result_status_ = MPSOLVER_INFEASIBLE
E0000 00:00:1785774363.113314  290536 linear_solver.cc:2026] No solution exists. MPSolverInterface::result_status_ = MPSOLVER_INFEASIBLE
E0000 00:00:1785774366.339725  290536 linear_solver.cc:2026] No solution exists. MPSolverInterface::result_status_ = MPSOLVER_INFEASIBLE
E0000 00:00:1785774366.395954  290536 linear_solver.cc:2026] No solution exists. MPSolverInterface::result_status_ = MPSOLVER_INFEASIBLE
E0000 00:00:1785774370.821235  290536 linear_solver.cc:2026] No solution exists. MPSolverInterface::result_status_ = MPSOLVER_INFEASIBLE
E0000 00:00:1785774370.868556  290536 linear_solver.cc:2026] No solution exists. MPSolverInterface::result_status_ = MPSOLVER_INFEASIBLE
E0000 00:00:1785774370.916213  290536 linear_solver.cc:2026] No solution exists. MPSolverInterface::result_status_ = MPSOLVER_INFEASIBLE
E0000 00:00:1785774370.963027  290536 linear_solver.cc:2026] No solution exists. MPSolverInterface::result_status_ = MPSOLVER_INFEASIBLE
E0000 00:00:1785774371.009676  290536 linear_solver.cc:2026] No solution exists. MPSolverInterface::result_status_ = MPSOLVER_INFEASIBLE
E0000 00:00:1785774371.055641  290536 linear_solver.cc:2026] No solution exists. MPSolverInterface::result_status_ = MPSOLVER_INFEASIBLE
E0000 00:00:1785774371.100679  290536 linear_solver.cc:2026] No solution exists. MPSolverInterface::result_status_ = MPSOLVER_INFEASIBLE
E0000 00:00:1785774371.145994  290536 linear_solver.cc:2026] No solution exists. MPSolverInterface::result_status_ = MPSOLVER_INFEASIBLE
E0000 00:00:1785774371.796852  290536 linear_solver.cc:2026] No solution exists. MPSolverInterface::result_status_ = MPSOLVER_INFEASIBLE
E0000 00:00:1785774371.846390  290536 linear_solver.cc:2026] No solution exists. MPSolverInterface::result_status_ = MPSOLVER_INFEASIBLE
E0000 00:00:1785774371.896310  290536 linear_solver.cc:2026] No solution exists. MPSolverInterface::result_status_ = MPSOLVER_INFEASIBLE
E0000 00:00:1785774371.946099  290536 linear_solver.cc:2026] No solution exists. MPSolverInterface::result_status_ = MPSOLVER_INFEASIBLE
E0000 00:00:1785774371.996010  290536 linear_solver.cc:2026] No solution exists. MPSolverInterface::result_status_ = MPSOLVER_INFEASIBLE
E0000 00:00:1785774372.045728  290536 linear_solver.cc:2026] No solution exists. MPSolverInterface::result_status_ = MPSOLVER_INFEASIBLE
E0000 00:00:1785774372.095474  290536 linear_solver.cc:2026] No solution exists. MPSolverInterface::result_status_ = MPSOLVER_INFEASIBLE
E0000 00:00:1785774372.145127  290536 linear_solver.cc:2026] No solution exists. MPSolverInterface::result_status_ = MPSOLVER_INFEASIBLE
E0000 00:00:1785774374.325042  290536 linear_solver.cc:2026] No solution exists. MPSolverInterface::result_status_ = MPSOLVER_INFEASIBLE
E0000 00:00:1785774374.358015  290536 linear_solver.cc:2026] No solution exists. MPSolverInterface::result_status_ = MPSOLVER_INFEASIBLE
E0000 00:00:1785774375.200149  290536 linear_solver.cc:2026] No solution exists. MPSolverInterface::result_status_ = MPSOLVER_INFEASIBLE
E0000 00:00:1785774375.217079  290536 linear_solver.cc:2026] No solution exists. MPSolverInterface::result_status_ = MPSOLVER_INFEASIBLE
E0000 00:00:1785774377.857888  290536 linear_solver.cc:2026] No solution exists. MPSolverInterface::result_status_ = MPSOLVER_INFEASIBLE
E0000 00:00:1785774377.920626  290536 linear_solver.cc:2026] No solution exists. MPSolverInterface::result_status_ = MPSOLVER_INFEASIBLE
E0000 00:00:1785774377.982573  290536 linear_solver.cc:2026] No solution exists. MPSolverInterface::result_status_ = MPSOLVER_INFEASIBLE
E0000 00:00:1785774380.772986  290536 linear_solver.cc:2026] No solution exists. MPSolverInterface::result_status_ = MPSOLVER_INFEASIBLE
E0000 00:00:1785774380.805717  290536 linear_solver.cc:2026] No solution exists. MPSolverInterface::result_status_ = MPSOLVER_INFEASIBLE
E0000 00:00:1785774380.838039  290536 linear_solver.cc:2026] No solution exists. MPSolverInterface::result_status_ = MPSOLVER_INFEASIBLE
E0000 00:00:1785774380.870613  290536 linear_solver.cc:2026] No solution exists. MPSolverInterface::result_status_ = MPSOLVER_INFEASIBLE
E0000 00:00:1785774380.903483  290536 linear_solver.cc:2026] No solution exists. MPSolverInterface::result_status_ = MPSOLVER_INFEASIBLE
E0000 00:00:1785774380.936238  290536 linear_solver.cc:2026] No solution exists. MPSolverInterface::result_status_ = MPSOLVER_INFEASIBLE
E0000 00:00:1785774380.968840  290536 linear_solver.cc:2026] No solution exists. MPSolverInterface::result_status_ = MPSOLVER_INFEASIBLE
E0000 00:00:1785774381.001665  290536 linear_solver.cc:2026] No solution exists. MPSolverInterface::result_status_ = MPSOLVER_INFEASIBLE
E0000 00:00:1785774382.973360  290536 linear_solver.cc:2026] No solution exists. MPSolverInterface::result_status_ = MPSOLVER_INFEASIBLE
E0000 00:00:1785774382.998010  290536 linear_solver.cc:2026] No solution exists. MPSolverInterface::result_status_ = MPSOLVER_INFEASIBLE
E0000 00:00:1785774386.676577  290536 linear_solver.cc:2026] No solution exists. MPSolverInterface::result_status_ = MPSOLVER_INFEASIBLE
E0000 00:00:1785774386.738662  290536 linear_solver.cc:2026] No solution exists. MPSolverInterface::result_status_ = MPSOLVER_INFEASIBLE
E0000 00:00:1785774386.801582  290536 linear_solver.cc:2026] No solution exists. MPSolverInterface::result_status_ = MPSOLVER_INFEASIBLE
E0000 00:00:1785774393.949846  290536 linear_solver.cc:2026] No solution exists. MPSolverInterface::result_status_ = MPSOLVER_INFEASIBLE
E0000 00:00:1785774394.006508  290536 linear_solver.cc:2026] No solution exists. MPSolverInterface::result_status_ = MPSOLVER_INFEASIBLE
E0000 00:00:1785774398.670284  290536 linear_solver.cc:2026] No solution exists. MPSolverInterface::result_status_ = MPSOLVER_INFEASIBLE
E0000 00:00:1785774398.721878  290536 linear_solver.cc:2026] No solution exists. MPSolverInterface::result_status_ = MPSOLVER_INFEASIBLE
E0000 00:00:1785774398.774072  290536 linear_solver.cc:2026] No solution exists. MPSolverInterface::result_status_ = MPSOLVER_INFEASIBLE
E0000 00:00:1785774398.826693  290536 linear_solver.cc:2026] No solution exists. MPSolverInterface::result_status_ = MPSOLVER_INFEASIBLE
E0000 00:00:1785774398.879373  290536 linear_solver.cc:2026] No solution exists. MPSolverInterface::result_status_ = MPSOLVER_INFEASIBLE
E0000 00:00:1785774398.931336  290536 linear_solver.cc:2026] No solution exists. MPSolverInterface::result_status_ = MPSOLVER_INFEASIBLE
E0000 00:00:1785774398.982689  290536 linear_solver.cc:2026] No solution exists. MPSolverInterface::result_status_ = MPSOLVER_INFEASIBLE
E0000 00:00:1785774399.033075  290536 linear_solver.cc:2026] No solution exists. MPSolverInterface::result_status_ = MPSOLVER_INFEASIBLE
E0000 00:00:1785774399.654583  290536 linear_solver.cc:2026] No solution exists. MPSolverInterface::result_status_ = MPSOLVER_INFEASIBLE
E0000 00:00:1785774399.696980  290536 linear_solver.cc:2026] No solution exists. MPSolverInterface::result_status_ = MPSOLVER_INFEASIBLE
E0000 00:00:1785774399.739284  290536 linear_solver.cc:2026] No solution exists. MPSolverInterface::result_status_ = MPSOLVER_INFEASIBLE
E0000 00:00:1785774399.782063  290536 linear_solver.cc:2026] No solution exists. MPSolverInterface::result_status_ = MPSOLVER_INFEASIBLE
E0000 00:00:1785774399.824336  290536 linear_solver.cc:2026] No solution exists. MPSolverInterface::result_status_ = MPSOLVER_INFEASIBLE
E0000 00:00:1785774399.866954  290536 linear_solver.cc:2026] No solution exists. MPSolverInterface::result_status_ = MPSOLVER_INFEASIBLE
E0000 00:00:1785774399.909201  290536 linear_solver.cc:2026] No solution exists. MPSolverInterface::result_status_ = MPSOLVER_INFEASIBLE
E0000 00:00:1785774399.951432  290536 linear_solver.cc:2026] No solution exists. MPSolverInterface::result_status_ = MPSOLVER_INFEASIBLE
E0000 00:00:1785774404.286153  290536 linear_solver.cc:2026] No solution exists. MPSolverInterface::result_status_ = MPSOLVER_INFEASIBLE
E0000 00:00:1785774404.357353  290536 linear_solver.cc:2026] No solution exists. MPSolverInterface::result_status_ = MPSOLVER_INFEASIBLE
E0000 00:00:1785774414.912664  290536 linear_solver.cc:2026] No solution exists. MPSolverInterface::result_status_ = MPSOLVER_INFEASIBLE
E0000 00:00:1785774414.972953  290536 linear_solver.cc:2026] No solution exists. MPSolverInterface::result_status_ = MPSOLVER_INFEASIBLE
E0000 00:00:1785774418.861559  290536 linear_solver.cc:2026] No solution exists. MPSolverInterface::result_status_ = MPSOLVER_INFEASIBLE
E0000 00:00:1785774418.903694  290536 linear_solver.cc:2026] No solution exists. MPSolverInterface::result_status_ = MPSOLVER_INFEASIBLE
E0000 00:00:1785774421.873204  290536 linear_solver.cc:2026] No solution exists. MPSolverInterface::result_status_ = MPSOLVER_INFEASIBLE
E0000 00:00:1785774421.906921  290536 linear_solver.cc:2026] No solution exists. MPSolverInterface::result_status_ = MPSOLVER_INFEASIBLE
E0000 00:00:1785774423.679327  290536 linear_solver.cc:2026] No solution exists. MPSolverInterface::result_status_ = MPSOLVER_INFEASIBLE
E0000 00:00:1785774423.702730  290536 linear_solver.cc:2026] No solution exists. MPSolverInterface::result_status_ = MPSOLVER_INFEASIBLE
E0000 00:00:1785774424.989810  290536 linear_solver.cc:2026] No solution exists. MPSolverInterface::result_status_ = MPSOLVER_INFEASIBLE
E0000 00:00:1785774425.013132  290536 linear_solver.cc:2026] No solution exists. MPSolverInterface::result_status_ = MPSOLVER_INFEASIBLE
E0000 00:00:1785774426.113229  290536 linear_solver.cc:2026] No solution exists. MPSolverInterface::result_status_ = MPSOLVER_INFEASIBLE
E0000 00:00:1785774426.134734  290536 linear_solver.cc:2026] No solution exists. MPSolverInterface::result_status_ = MPSOLVER_INFEASIBLE
E0000 00:00:1785774427.326650  290536 linear_solver.cc:2026] No solution exists. MPSolverInterface::result_status_ = MPSOLVER_INFEASIBLE
E0000 00:00:1785774427.348649  290536 linear_solver.cc:2026] No solution exists. MPSolverInterface::result_status_ = MPSOLVER_INFEASIBLE
E0000 00:00:1785774429.635271  290536 linear_solver.cc:2026] No solution exists. MPSolverInterface::result_status_ = MPSOLVER_INFEASIBLE
E0000 00:00:1785774429.672894  290536 linear_solver.cc:2026] No solution exists. MPSolverInterface::result_status_ = MPSOLVER_INFEASIBLE
E0000 00:00:1785774429.712804  290536 linear_solver.cc:2026] No solution exists. MPSolverInterface::result_status_ = MPSOLVER_INFEASIBLE
E0000 00:00:1785774429.753145  290536 linear_solver.cc:2026] No solution exists. MPSolverInterface::result_status_ = MPSOLVER_INFEASIBLE
E0000 00:00:1785774429.792709  290536 linear_solver.cc:2026] No solution exists. MPSolverInterface::result_status_ = MPSOLVER_INFEASIBLE
E0000 00:00:1785774429.830880  290536 linear_solver.cc:2026] No solution exists. MPSolverInterface::result_status_ = MPSOLVER_INFEASIBLE
E0000 00:00:1785774429.868285  290536 linear_solver.cc:2026] No solution exists. MPSolverInterface::result_status_ = MPSOLVER_INFEASIBLE
E0000 00:00:1785774429.905360  290536 linear_solver.cc:2026] No solution exists. MPSolverInterface::result_status_ = MPSOLVER_INFEASIBLE
E0000 00:00:1785774430.920683  290536 linear_solver.cc:2026] No solution exists. MPSolverInterface::result_status_ = MPSOLVER_INFEASIBLE
E0000 00:00:1785774430.972219  290536 linear_solver.cc:2026] No solution exists. MPSolverInterface::result_status_ = MPSOLVER_INFEASIBLE
E0000 00:00:1785774431.023567  290536 linear_solver.cc:2026] No solution exists. MPSolverInterface::result_status_ = MPSOLVER_INFEASIBLE
E0000 00:00:1785774431.074807  290536 linear_solver.cc:2026] No solution exists. MPSolverInterface::result_status_ = MPSOLVER_INFEASIBLE
E0000 00:00:1785774431.125146  290536 linear_solver.cc:2026] No solution exists. MPSolverInterface::result_status_ = MPSOLVER_INFEASIBLE
E0000 00:00:1785774432.553186  290536 linear_solver.cc:2026] No solution exists. MPSolverInterface::result_status_ = MPSOLVER_INFEASIBLE
E0000 00:00:1785774432.604434  290536 linear_solver.cc:2026] No solution exists. MPSolverInterface::result_status_ = MPSOLVER_INFEASIBLE
E0000 00:00:1785774432.655132  290536 linear_solver.cc:2026] No solution exists. MPSolverInterface::result_status_ = MPSOLVER_INFEASIBLE
E0000 00:00:1785774432.706220  290536 linear_solver.cc:2026] No solution exists. MPSolverInterface::result_status_ = MPSOLVER_INFEASIBLE
E0000 00:00:1785774432.757477  290536 linear_solver.cc:2026] No solution exists. MPSolverInterface::result_status_ = MPSOLVER_INFEASIBLE
E0000 00:00:1785774441.799958  290536 linear_solver.cc:2026] No solution exists. MPSolverInterface::result_status_ = MPSOLVER_INFEASIBLE
E0000 00:00:1785774441.809429  290536 linear_solver.cc:2026] No solution exists. MPSolverInterface::result_status_ = MPSOLVER_INFEASIBLE
E0000 00:00:1785774443.087182  290536 linear_solver.cc:2026] No solution exists. MPSolverInterface::result_status_ = MPSOLVER_INFEASIBLE
E0000 00:00:1785774443.134348  290536 linear_solver.cc:2026] No solution exists. MPSolverInterface::result_status_ = MPSOLVER_INFEASIBLE
E0000 00:00:1785774443.181515  290536 linear_solver.cc:2026] No solution exists. MPSolverInterface::result_status_ = MPSOLVER_INFEASIBLE
E0000 00:00:1785774443.230565  290536 linear_solver.cc:2026] No solution exists. MPSolverInterface::result_status_ = MPSOLVER_INFEASIBLE
E0000 00:00:1785774443.279305  290536 linear_solver.cc:2026] No solution exists. MPSolverInterface::result_status_ = MPSOLVER_INFEASIBLE
E0000 00:00:1785774443.328448  290536 linear_solver.cc:2026] No solution exists. MPSolverInterface::result_status_ = MPSOLVER_INFEASIBLE
E0000 00:00:1785774443.375526  290536 linear_solver.cc:2026] No solution exists. MPSolverInterface::result_status_ = MPSOLVER_INFEASIBLE
E0000 00:00:1785774443.422620  290536 linear_solver.cc:2026] No solution exists. MPSolverInterface::result_status_ = MPSOLVER_INFEASIBLE
E0000 00:00:1785774443.921113  290536 linear_solver.cc:2026] No solution exists. MPSolverInterface::result_status_ = MPSOLVER_INFEASIBLE
E0000 00:00:1785774443.934438  290536 linear_solver.cc:2026] No solution exists. MPSolverInterface::result_status_ = MPSOLVER_INFEASIBLE
E0000 00:00:1785774444.327790  290536 linear_solver.cc:2026] No solution exists. MPSolverInterface::result_status_ = MPSOLVER_INFEASIBLE
E0000 00:00:1785774444.371973  290536 linear_solver.cc:2026] No solution exists. MPSolverInterface::result_status_ = MPSOLVER_INFEASIBLE
E0000 00:00:1785774444.416992  290536 linear_solver.cc:2026] No solution exists. MPSolverInterface::result_status_ = MPSOLVER_INFEASIBLE
E0000 00:00:1785774444.462275  290536 linear_solver.cc:2026] No solution exists. MPSolverInterface::result_status_ = MPSOLVER_INFEASIBLE
E0000 00:00:1785774444.506675  290536 linear_solver.cc:2026] No solution exists. MPSolverInterface::result_status_ = MPSOLVER_INFEASIBLE
E0000 00:00:1785774444.550884  290536 linear_solver.cc:2026] No solution exists. MPSolverInterface::result_status_ = MPSOLVER_INFEASIBLE
E0000 00:00:1785774444.596017  290536 linear_solver.cc:2026] No solution exists. MPSolverInterface::result_status_ = MPSOLVER_INFEASIBLE
E0000 00:00:1785774444.641926  290536 linear_solver.cc:2026] No solution exists. MPSolverInterface::result_status_ = MPSOLVER_INFEASIBLE
E0000 00:00:1785774445.871851  290536 linear_solver.cc:2026] No solution exists. MPSolverInterface::result_status_ = MPSOLVER_INFEASIBLE
E0000 00:00:1785774445.892723  290536 linear_solver.cc:2026] No solution exists. MPSolverInterface::result_status_ = MPSOLVER_INFEASIBLE
E0000 00:00:1785774452.172545  290536 linear_solver.cc:2026] No solution exists. MPSolverInterface::result_status_ = MPSOLVER_INFEASIBLE
E0000 00:00:1785774452.210187  290536 linear_solver.cc:2026] No solution exists. MPSolverInterface::result_status_ = MPSOLVER_INFEASIBLE
E0000 00:00:1785774452.248771  290536 linear_solver.cc:2026] No solution exists. MPSolverInterface::result_status_ = MPSOLVER_INFEASIBLE
E0000 00:00:1785774452.287449  290536 linear_solver.cc:2026] No solution exists. MPSolverInterface::result_status_ = MPSOLVER_INFEASIBLE
E0000 00:00:1785774452.325537  290536 linear_solver.cc:2026] No solution exists. MPSolverInterface::result_status_ = MPSOLVER_INFEASIBLE
E0000 00:00:1785774452.362936  290536 linear_solver.cc:2026] No solution exists. MPSolverInterface::result_status_ = MPSOLVER_INFEASIBLE
E0000 00:00:1785774452.400793  290536 linear_solver.cc:2026] No solution exists. MPSolverInterface::result_status_ = MPSOLVER_INFEASIBLE
E0000 00:00:1785774452.439048  290536 linear_solver.cc:2026] No solution exists. MPSolverInterface::result_status_ = MPSOLVER_INFEASIBLE
E0000 00:00:1785774453.470668  290536 linear_solver.cc:2026] No solution exists. MPSolverInterface::result_status_ = MPSOLVER_INFEASIBLE
E0000 00:00:1785774453.494670  290536 linear_solver.cc:2026] No solution exists. MPSolverInterface::result_status_ = MPSOLVER_INFEASIBLE
E0000 00:00:1785774453.518475  290536 linear_solver.cc:2026] No solution exists. MPSolverInterface::result_status_ = MPSOLVER_INFEASIBLE
E0000 00:00:1785774453.541959  290536 linear_solver.cc:2026] No solution exists. MPSolverInterface::result_status_ = MPSOLVER_INFEASIBLE
E0000 00:00:1785774453.566249  290536 linear_solver.cc:2026] No solution exists. MPSolverInterface::result_status_ = MPSOLVER_INFEASIBLE
E0000 00:00:1785774453.590794  290536 linear_solver.cc:2026] No solution exists. MPSolverInterface::result_status_ = MPSOLVER_INFEASIBLE
E0000 00:00:1785774453.614316  290536 linear_solver.cc:2026] No solution exists. MPSolverInterface::result_status_ = MPSOLVER_INFEASIBLE
E0000 00:00:1785774453.638031  290536 linear_solver.cc:2026] No solution exists. MPSolverInterface::result_status_ = MPSOLVER_INFEASIBLE
E0000 00:00:1785774455.178900  290536 linear_solver.cc:2026] No solution exists. MPSolverInterface::result_status_ = MPSOLVER_INFEASIBLE
E0000 00:00:1785774455.214038  290536 linear_solver.cc:2026] No solution exists. MPSolverInterface::result_status_ = MPSOLVER_INFEASIBLE
E0000 00:00:1785774456.784398  290536 linear_solver.cc:2026] No solution exists. MPSolverInterface::result_status_ = MPSOLVER_INFEASIBLE
E0000 00:00:1785774456.838441  290536 linear_solver.cc:2026] No solution exists. MPSolverInterface::result_status_ = MPSOLVER_INFEASIBLE
E0000 00:00:1785774456.892728  290536 linear_solver.cc:2026] No solution exists. MPSolverInterface::result_status_ = MPSOLVER_INFEASIBLE
E0000 00:00:1785774456.943732  290536 linear_solver.cc:2026] No solution exists. MPSolverInterface::result_status_ = MPSOLVER_INFEASIBLE
E0000 00:00:1785774456.995908  290536 linear_solver.cc:2026] No solution exists. MPSolverInterface::result_status_ = MPSOLVER_INFEASIBLE
E0000 00:00:1785774460.142728  290536 linear_solver.cc:2026] No solution exists. MPSolverInterface::result_status_ = MPSOLVER_INFEASIBLE
E0000 00:00:1785774460.184557  290536 linear_solver.cc:2026] No solution exists. MPSolverInterface::result_status_ = MPSOLVER_INFEASIBLE
E0000 00:00:1785774460.226677  290536 linear_solver.cc:2026] No solution exists. MPSolverInterface::result_status_ = MPSOLVER_INFEASIBLE
E0000 00:00:1785774460.269041  290536 linear_solver.cc:2026] No solution exists. MPSolverInterface::result_status_ = MPSOLVER_INFEASIBLE
E0000 00:00:1785774460.311288  290536 linear_solver.cc:2026] No solution exists. MPSolverInterface::result_status_ = MPSOLVER_INFEASIBLE
E0000 00:00:1785774460.353171  290536 linear_solver.cc:2026] No solution exists. MPSolverInterface::result_status_ = MPSOLVER_INFEASIBLE
E0000 00:00:1785774460.395776  290536 linear_solver.cc:2026] No solution exists. MPSolverInterface::result_status_ = MPSOLVER_INFEASIBLE
E0000 00:00:1785774460.438270  290536 linear_solver.cc:2026] No solution exists. MPSolverInterface::result_status_ = MPSOLVER_INFEASIBLE
E0000 00:00:1785774464.797061  290536 linear_solver.cc:2026] No solution exists. MPSolverInterface::result_status_ = MPSOLVER_INFEASIBLE
E0000 00:00:1785774464.867048  290536 linear_solver.cc:2026] No solution exists. MPSolverInterface::result_status_ = MPSOLVER_INFEASIBLE
E0000 00:00:1785774464.939655  290536 linear_solver.cc:2026] No solution exists. MPSolverInterface::result_status_ = MPSOLVER_INFEASIBLE
E0000 00:00:1785774475.987156  290536 linear_solver.cc:2026] No solution exists. MPSolverInterface::result_status_ = MPSOLVER_INFEASIBLE
E0000 00:00:1785774476.067457  290536 linear_solver.cc:2026] No solution exists. MPSolverInterface::result_status_ = MPSOLVER_INFEASIBLE
E0000 00:00:1785774493.027342  290536 linear_solver.cc:2026] No solution exists. MPSolverInterface::result_status_ = MPSOLVER_INFEASIBLE
E0000 00:00:1785774493.114731  290536 linear_solver.cc:2026] No solution exists. MPSolverInterface::result_status_ = MPSOLVER_INFEASIBLE
E0000 00:00:1785774504.271543  290536 linear_solver.cc:2026] No solution exists. MPSolverInterface::result_status_ = MPSOLVER_INFEASIBLE
E0000 00:00:1785774504.319585  290536 linear_solver.cc:2026] No solution exists. MPSolverInterface::result_status_ = MPSOLVER_INFEASIBLE
E0000 00:00:1785774512.967096  290536 linear_solver.cc:2026] No solution exists. MPSolverInterface::result_status_ = MPSOLVER_INFEASIBLE
E0000 00:00:1785774513.032567  290536 linear_solver.cc:2026] No solution exists. MPSolverInterface::result_status_ = MPSOLVER_INFEASIBLE
E0000 00:00:1785774522.586288  290536 linear_solver.cc:2026] No solution exists. MPSolverInterface::result_status_ = MPSOLVER_INFEASIBLE
E0000 00:00:1785774522.624369  290536 linear_solver.cc:2026] No solution exists. MPSolverInterface::result_status_ = MPSOLVER_INFEASIBLE
E0000 00:00:1785774522.662127  290536 linear_solver.cc:2026] No solution exists. MPSolverInterface::result_status_ = MPSOLVER_INFEASIBLE
E0000 00:00:1785774522.700740  290536 linear_solver.cc:2026] No solution exists. MPSolverInterface::result_status_ = MPSOLVER_INFEASIBLE
E0000 00:00:1785774522.738073  290536 linear_solver.cc:2026] No solution exists. MPSolverInterface::result_status_ = MPSOLVER_INFEASIBLE
E0000 00:00:1785774522.775061  290536 linear_solver.cc:2026] No solution exists. MPSolverInterface::result_status_ = MPSOLVER_INFEASIBLE
E0000 00:00:1785774522.812009  290536 linear_solver.cc:2026] No solution exists. MPSolverInterface::result_status_ = MPSOLVER_INFEASIBLE
E0000 00:00:1785774522.848820  290536 linear_solver.cc:2026] No solution exists. MPSolverInterface::result_status_ = MPSOLVER_INFEASIBLE
E0000 00:00:1785774524.313676  290536 linear_solver.cc:2026] No solution exists. MPSolverInterface::result_status_ = MPSOLVER_INFEASIBLE
E0000 00:00:1785774524.363767  290536 linear_solver.cc:2026] No solution exists. MPSolverInterface::result_status_ = MPSOLVER_INFEASIBLE
E0000 00:00:1785774528.585263  290536 linear_solver.cc:2026] No solution exists. MPSolverInterface::result_status_ = MPSOLVER_INFEASIBLE
E0000 00:00:1785774528.631775  290536 linear_solver.cc:2026] No solution exists. MPSolverInterface::result_status_ = MPSOLVER_INFEASIBLE
E0000 00:00:1785774534.450949  290536 linear_solver.cc:2026] No solution exists. MPSolverInterface::result_status_ = MPSOLVER_INFEASIBLE
E0000 00:00:1785774534.463229  290536 linear_solver.cc:2026] No solution exists. MPSolverInterface::result_status_ = MPSOLVER_INFEASIBLE
E0000 00:00:1785774534.770141  290536 linear_solver.cc:2026] No solution exists. MPSolverInterface::result_status_ = MPSOLVER_INFEASIBLE
E0000 00:00:1785774534.803277  290536 linear_solver.cc:2026] No solution exists. MPSolverInterface::result_status_ = MPSOLVER_INFEASIBLE
E0000 00:00:1785774534.836511  290536 linear_solver.cc:2026] No solution exists. MPSolverInterface::result_status_ = MPSOLVER_INFEASIBLE
E0000 00:00:1785774534.870188  290536 linear_solver.cc:2026] No solution exists. MPSolverInterface::result_status_ = MPSOLVER_INFEASIBLE
E0000 00:00:1785774534.903451  290536 linear_solver.cc:2026] No solution exists. MPSolverInterface::result_status_ = MPSOLVER_INFEASIBLE
E0000 00:00:1785774534.936919  290536 linear_solver.cc:2026] No solution exists. MPSolverInterface::result_status_ = MPSOLVER_INFEASIBLE
E0000 00:00:1785774534.970537  290536 linear_solver.cc:2026] No solution exists. MPSolverInterface::result_status_ = MPSOLVER_INFEASIBLE
E0000 00:00:1785774535.004156  290536 linear_solver.cc:2026] No solution exists. MPSolverInterface::result_status_ = MPSOLVER_INFEASIBLE
E0000 00:00:1785774537.031482  290536 linear_solver.cc:2026] No solution exists. MPSolverInterface::result_status_ = MPSOLVER_INFEASIBLE
E0000 00:00:1785774537.079437  290536 linear_solver.cc:2026] No solution exists. MPSolverInterface::result_status_ = MPSOLVER_INFEASIBLE
E0000 00:00:1785774538.564110  290536 linear_solver.cc:2026] No solution exists. MPSolverInterface::result_status_ = MPSOLVER_INFEASIBLE
E0000 00:00:1785774538.600864  290536 linear_solver.cc:2026] No solution exists. MPSolverInterface::result_status_ = MPSOLVER_INFEASIBLE
E0000 00:00:1785774538.636629  290536 linear_solver.cc:2026] No solution exists. MPSolverInterface::result_status_ = MPSOLVER_INFEASIBLE
E0000 00:00:1785774538.673263  290536 linear_solver.cc:2026] No solution exists. MPSolverInterface::result_status_ = MPSOLVER_INFEASIBLE
E0000 00:00:1785774538.709574  290536 linear_solver.cc:2026] No solution exists. MPSolverInterface::result_status_ = MPSOLVER_INFEASIBLE
E0000 00:00:1785774538.746028  290536 linear_solver.cc:2026] No solution exists. MPSolverInterface::result_status_ = MPSOLVER_INFEASIBLE
E0000 00:00:1785774538.781492  290536 linear_solver.cc:2026] No solution exists. MPSolverInterface::result_status_ = MPSOLVER_INFEASIBLE
E0000 00:00:1785774538.816324  290536 linear_solver.cc:2026] No solution exists. MPSolverInterface::result_status_ = MPSOLVER_INFEASIBLE
E0000 00:00:1785774539.562186  290536 linear_solver.cc:2026] No solution exists. MPSolverInterface::result_status_ = MPSOLVER_INFEASIBLE
E0000 00:00:1785774539.573289  290536 linear_solver.cc:2026] No solution exists. MPSolverInterface::result_status_ = MPSOLVER_INFEASIBLE
E0000 00:00:1785774542.796734  290536 linear_solver.cc:2026] No solution exists. MPSolverInterface::result_status_ = MPSOLVER_INFEASIBLE
E0000 00:00:1785774542.853101  290536 linear_solver.cc:2026] No solution exists. MPSolverInterface::result_status_ = MPSOLVER_INFEASIBLE
E0000 00:00:1785774542.909554  290536 linear_solver.cc:2026] No solution exists. MPSolverInterface::result_status_ = MPSOLVER_INFEASIBLE
E0000 00:00:1785774546.377599  290536 linear_solver.cc:2026] No solution exists. MPSolverInterface::result_status_ = MPSOLVER_INFEASIBLE
E0000 00:00:1785774546.414331  290536 linear_solver.cc:2026] No solution exists. MPSolverInterface::result_status_ = MPSOLVER_INFEASIBLE
E0000 00:00:1785774546.450808  290536 linear_solver.cc:2026] No solution exists. MPSolverInterface::result_status_ = MPSOLVER_INFEASIBLE
E0000 00:00:1785774546.488353  290536 linear_solver.cc:2026] No solution exists. MPSolverInterface::result_status_ = MPSOLVER_INFEASIBLE
E0000 00:00:1785774546.525094  290536 linear_solver.cc:2026] No solution exists. MPSolverInterface::result_status_ = MPSOLVER_INFEASIBLE
E0000 00:00:1785774546.561577  290536 linear_solver.cc:2026] No solution exists. MPSolverInterface::result_status_ = MPSOLVER_INFEASIBLE
E0000 00:00:1785774546.597689  290536 linear_solver.cc:2026] No solution exists. MPSolverInterface::result_status_ = MPSOLVER_INFEASIBLE
E0000 00:00:1785774546.634185  290536 linear_solver.cc:2026] No solution exists. MPSolverInterface::result_status_ = MPSOLVER_INFEASIBLE
E0000 00:00:1785774547.969617  290536 linear_solver.cc:2026] No solution exists. MPSolverInterface::result_status_ = MPSOLVER_INFEASIBLE
E0000 00:00:1785774548.011888  290536 linear_solver.cc:2026] No solution exists. MPSolverInterface::result_status_ = MPSOLVER_INFEASIBLE
E0000 00:00:1785774548.054391  290536 linear_solver.cc:2026] No solution exists. MPSolverInterface::result_status_ = MPSOLVER_INFEASIBLE
E0000 00:00:1785774548.097127  290536 linear_solver.cc:2026] No solution exists. MPSolverInterface::result_status_ = MPSOLVER_INFEASIBLE
E0000 00:00:1785774548.137990  290536 linear_solver.cc:2026] No solution exists. MPSolverInterface::result_status_ = MPSOLVER_INFEASIBLE
E0000 00:00:1785774548.178725  290536 linear_solver.cc:2026] No solution exists. MPSolverInterface::result_status_ = MPSOLVER_INFEASIBLE
E0000 00:00:1785774548.219818  290536 linear_solver.cc:2026] No solution exists. MPSolverInterface::result_status_ = MPSOLVER_INFEASIBLE
E0000 00:00:1785774551.077074  290536 linear_solver.cc:2026] No solution exists. MPSolverInterface::result_status_ = MPSOLVER_INFEASIBLE
E0000 00:00:1785774551.088971  290536 linear_solver.cc:2026] No solution exists. MPSolverInterface::result_status_ = MPSOLVER_INFEASIBLE
E0000 00:00:1785774551.100949  290536 linear_solver.cc:2026] No solution exists. MPSolverInterface::result_status_ = MPSOLVER_INFEASIBLE
E0000 00:00:1785774551.112566  290536 linear_solver.cc:2026] No solution exists. MPSolverInterface::result_status_ = MPSOLVER_INFEASIBLE
E0000 00:00:1785774551.124127  290536 linear_solver.cc:2026] No solution exists. MPSolverInterface::result_status_ = MPSOLVER_INFEASIBLE
E0000 00:00:1785774551.135637  290536 linear_solver.cc:2026] No solution exists. MPSolverInterface::result_status_ = MPSOLVER_INFEASIBLE
E0000 00:00:1785774551.146912  290536 linear_solver.cc:2026] No solution exists. MPSolverInterface::result_status_ = MPSOLVER_INFEASIBLE
E0000 00:00:1785774551.158537  290536 linear_solver.cc:2026] No solution exists. MPSolverInterface::result_status_ = MPSOLVER_INFEASIBLE
E0000 00:00:1785774551.291667  290536 linear_solver.cc:2026] No solution exists. MPSolverInterface::result_status_ = MPSOLVER_INFEASIBLE
E0000 00:00:1785774551.304527  290536 linear_solver.cc:2026] No solution exists. MPSolverInterface::result_status_ = MPSOLVER_INFEASIBLE
E0000 00:00:1785774551.317457  290536 linear_solver.cc:2026] No solution exists. MPSolverInterface::result_status_ = MPSOLVER_INFEASIBLE
E0000 00:00:1785774551.330502  290536 linear_solver.cc:2026] No solution exists. MPSolverInterface::result_status_ = MPSOLVER_INFEASIBLE
E0000 00:00:1785774551.342481  290536 linear_solver.cc:2026] No solution exists. MPSolverInterface::result_status_ = MPSOLVER_INFEASIBLE
E0000 00:00:1785774551.354519  290536 linear_solver.cc:2026] No solution exists. MPSolverInterface::result_status_ = MPSOLVER_INFEASIBLE
E0000 00:00:1785774551.366596  290536 linear_solver.cc:2026] No solution exists. MPSolverInterface::result_status_ = MPSOLVER_INFEASIBLE
E0000 00:00:1785774551.379166  290536 linear_solver.cc:2026] No solution exists. MPSolverInterface::result_status_ = MPSOLVER_INFEASIBLE
E0000 00:00:1785774552.008444  290536 linear_solver.cc:2026] No solution exists. MPSolverInterface::result_status_ = MPSOLVER_INFEASIBLE
E0000 00:00:1785774552.052628  290536 linear_solver.cc:2026] No solution exists. MPSolverInterface::result_status_ = MPSOLVER_INFEASIBLE
E0000 00:00:1785774552.678700  290536 linear_solver.cc:2026] No solution exists. MPSolverInterface::result_status_ = MPSOLVER_INFEASIBLE
E0000 00:00:1785774552.720668  290536 linear_solver.cc:2026] No solution exists. MPSolverInterface::result_status_ = MPSOLVER_INFEASIBLE
E0000 00:00:1785774552.762612  290536 linear_solver.cc:2026] No solution exists. MPSolverInterface::result_status_ = MPSOLVER_INFEASIBLE
E0000 00:00:1785774552.805065  290536 linear_solver.cc:2026] No solution exists. MPSolverInterface::result_status_ = MPSOLVER_INFEASIBLE
E0000 00:00:1785774552.847514  290536 linear_solver.cc:2026] No solution exists. MPSolverInterface::result_status_ = MPSOLVER_INFEASIBLE
E0000 00:00:1785774552.889998  290536 linear_solver.cc:2026] No solution exists. MPSolverInterface::result_status_ = MPSOLVER_INFEASIBLE
E0000 00:00:1785774552.932755  290536 linear_solver.cc:2026] No solution exists. MPSolverInterface::result_status_ = MPSOLVER_INFEASIBLE
E0000 00:00:1785774552.976034  290536 linear_solver.cc:2026] No solution exists. MPSolverInterface::result_status_ = MPSOLVER_INFEASIBLE
E0000 00:00:1785774555.896143  290536 linear_solver.cc:2026] No solution exists. MPSolverInterface::result_status_ = MPSOLVER_INFEASIBLE
E0000 00:00:1785774555.912457  290536 linear_solver.cc:2026] No solution exists. MPSolverInterface::result_status_ = MPSOLVER_INFEASIBLE
E0000 00:00:1785774556.686788  290536 linear_solver.cc:2026] No solution exists. MPSolverInterface::result_status_ = MPSOLVER_INFEASIBLE
E0000 00:00:1785774556.715192  290536 linear_solver.cc:2026] No solution exists. MPSolverInterface::result_status_ = MPSOLVER_INFEASIBLE
E0000 00:00:1785774556.742701  290536 linear_solver.cc:2026] No solution exists. MPSolverInterface::result_status_ = MPSOLVER_INFEASIBLE
E0000 00:00:1785774556.770036  290536 linear_solver.cc:2026] No solution exists. MPSolverInterface::result_status_ = MPSOLVER_INFEASIBLE
E0000 00:00:1785774556.798357  290536 linear_solver.cc:2026] No solution exists. MPSolverInterface::result_status_ = MPSOLVER_INFEASIBLE
E0000 00:00:1785774556.825428  290536 linear_solver.cc:2026] No solution exists. MPSolverInterface::result_status_ = MPSOLVER_INFEASIBLE
E0000 00:00:1785774556.852174  290536 linear_solver.cc:2026] No solution exists. MPSolverInterface::result_status_ = MPSOLVER_INFEASIBLE
E0000 00:00:1785774556.878776  290536 linear_solver.cc:2026] No solution exists. MPSolverInterface::result_status_ = MPSOLVER_INFEASIBLE
E0000 00:00:1785774574.793046  290536 linear_solver.cc:2026] No solution exists. MPSolverInterface::result_status_ = MPSOLVER_INFEASIBLE
E0000 00:00:1785774574.851214  290536 linear_solver.cc:2026] No solution exists. MPSolverInterface::result_status_ = MPSOLVER_INFEASIBLE
E0000 00:00:1785774585.437888  290536 linear_solver.cc:2026] No solution exists. MPSolverInterface::result_status_ = MPSOLVER_INFEASIBLE
E0000 00:00:1785774585.461669  290536 linear_solver.cc:2026] No solution exists. MPSolverInterface::result_status_ = MPSOLVER_INFEASIBLE
E0000 00:00:1785774586.266212  290536 linear_solver.cc:2026] No solution exists. MPSolverInterface::result_status_ = MPSOLVER_INFEASIBLE
E0000 00:00:1785774586.306557  290536 linear_solver.cc:2026] No solution exists. MPSolverInterface::result_status_ = MPSOLVER_INFEASIBLE
E0000 00:00:1785774586.345804  290536 linear_solver.cc:2026] No solution exists. MPSolverInterface::result_status_ = MPSOLVER_INFEASIBLE
E0000 00:00:1785774586.384593  290536 linear_solver.cc:2026] No solution exists. MPSolverInterface::result_status_ = MPSOLVER_INFEASIBLE
E0000 00:00:1785774586.423626  290536 linear_solver.cc:2026] No solution exists. MPSolverInterface::result_status_ = MPSOLVER_INFEASIBLE
E0000 00:00:1785774586.463503  290536 linear_solver.cc:2026] No solution exists. MPSolverInterface::result_status_ = MPSOLVER_INFEASIBLE
E0000 00:00:1785774586.505714  290536 linear_solver.cc:2026] No solution exists. MPSolverInterface::result_status_ = MPSOLVER_INFEASIBLE
E0000 00:00:1785774586.546786  290536 linear_solver.cc:2026] No solution exists. MPSolverInterface::result_status_ = MPSOLVER_INFEASIBLE
E0000 00:00:1785774589.645836  290536 linear_solver.cc:2026] No solution exists. MPSolverInterface::result_status_ = MPSOLVER_INFEASIBLE
E0000 00:00:1785774589.683992  290536 linear_solver.cc:2026] No solution exists. MPSolverInterface::result_status_ = MPSOLVER_INFEASIBLE
E0000 00:00:1785774597.305909  290536 linear_solver.cc:2026] No solution exists. MPSolverInterface::result_status_ = MPSOLVER_INFEASIBLE
E0000 00:00:1785774597.370784  290536 linear_solver.cc:2026] No solution exists. MPSolverInterface::result_status_ = MPSOLVER_INFEASIBLE
E0000 00:00:1785774607.049504  290536 linear_solver.cc:2026] No solution exists. MPSolverInterface::result_status_ = MPSOLVER_INFEASIBLE
E0000 00:00:1785774607.097451  290536 linear_solver.cc:2026] No solution exists. MPSolverInterface::result_status_ = MPSOLVER_INFEASIBLE
E0000 00:00:1785774607.145559  290536 linear_solver.cc:2026] No solution exists. MPSolverInterface::result_status_ = MPSOLVER_INFEASIBLE
E0000 00:00:1785774607.193714  290536 linear_solver.cc:2026] No solution exists. MPSolverInterface::result_status_ = MPSOLVER_INFEASIBLE
E0000 00:00:1785774607.240944  290536 linear_solver.cc:2026] No solution exists. MPSolverInterface::result_status_ = MPSOLVER_INFEASIBLE
E0000 00:00:1785774607.287769  290536 linear_solver.cc:2026] No solution exists. MPSolverInterface::result_status_ = MPSOLVER_INFEASIBLE
E0000 00:00:1785774607.334661  290536 linear_solver.cc:2026] No solution exists. MPSolverInterface::result_status_ = MPSOLVER_INFEASIBLE
E0000 00:00:1785774607.381604  290536 linear_solver.cc:2026] No solution exists. MPSolverInterface::result_status_ = MPSOLVER_INFEASIBLE
E0000 00:00:1785774610.601429  290536 linear_solver.cc:2026] No solution exists. MPSolverInterface::result_status_ = MPSOLVER_INFEASIBLE
E0000 00:00:1785774610.663250  290536 linear_solver.cc:2026] No solution exists. MPSolverInterface::result_status_ = MPSOLVER_INFEASIBLE
E0000 00:00:1785774610.725269  290536 linear_solver.cc:2026] No solution exists. MPSolverInterface::result_status_ = MPSOLVER_INFEASIBLE
E0000 00:00:1785774610.788105  290536 linear_solver.cc:2026] No solution exists. MPSolverInterface::result_status_ = MPSOLVER_INFEASIBLE
E0000 00:00:1785774612.444612  290536 linear_solver.cc:2026] No solution exists. MPSolverInterface::result_status_ = MPSOLVER_INFEASIBLE
E0000 00:00:1785774612.493142  290536 linear_solver.cc:2026] No solution exists. MPSolverInterface::result_status_ = MPSOLVER_INFEASIBLE
E0000 00:00:1785774612.541621  290536 linear_solver.cc:2026] No solution exists. MPSolverInterface::result_status_ = MPSOLVER_INFEASIBLE
E0000 00:00:1785774612.590227  290536 linear_solver.cc:2026] No solution exists. MPSolverInterface::result_status_ = MPSOLVER_INFEASIBLE
E0000 00:00:1785774612.638553  290536 linear_solver.cc:2026] No solution exists. MPSolverInterface::result_status_ = MPSOLVER_INFEASIBLE
E0000 00:00:1785774612.685904  290536 linear_solver.cc:2026] No solution exists. MPSolverInterface::result_status_ = MPSOLVER_INFEASIBLE
E0000 00:00:1785774612.733192  290536 linear_solver.cc:2026] No solution exists. MPSolverInterface::result_status_ = MPSOLVER_INFEASIBLE
E0000 00:00:1785774612.780866  290536 linear_solver.cc:2026] No solution exists. MPSolverInterface::result_status_ = MPSOLVER_INFEASIBLE
E0000 00:00:1785774615.063335  290536 linear_solver.cc:2026] No solution exists. MPSolverInterface::result_status_ = MPSOLVER_INFEASIBLE
E0000 00:00:1785774615.127894  290536 linear_solver.cc:2026] No solution exists. MPSolverInterface::result_status_ = MPSOLVER_INFEASIBLE
E0000 00:00:1785774615.192779  290536 linear_solver.cc:2026] No solution exists. MPSolverInterface::result_status_ = MPSOLVER_INFEASIBLE
E0000 00:00:1785774615.257489  290536 linear_solver.cc:2026] No solution exists. MPSolverInterface::result_status_ = MPSOLVER_INFEASIBLE
E0000 00:00:1785774615.322444  290536 linear_solver.cc:2026] No solution exists. MPSolverInterface::result_status_ = MPSOLVER_INFEASIBLE
E0000 00:00:1785774618.032532  290536 linear_solver.cc:2026] No solution exists. MPSolverInterface::result_status_ = MPSOLVER_INFEASIBLE
E0000 00:00:1785774618.081557  290536 linear_solver.cc:2026] No solution exists. MPSolverInterface::result_status_ = MPSOLVER_INFEASIBLE
E0000 00:00:1785774618.131676  290536 linear_solver.cc:2026] No solution exists. MPSolverInterface::result_status_ = MPSOLVER_INFEASIBLE
E0000 00:00:1785774618.180908  290536 linear_solver.cc:2026] No solution exists. MPSolverInterface::result_status_ = MPSOLVER_INFEASIBLE
E0000 00:00:1785774618.230551  290536 linear_solver.cc:2026] No solution exists. MPSolverInterface::result_status_ = MPSOLVER_INFEASIBLE
E0000 00:00:1785774618.280821  290536 linear_solver.cc:2026] No solution exists. MPSolverInterface::result_status_ = MPSOLVER_INFEASIBLE
E0000 00:00:1785774618.330541  290536 linear_solver.cc:2026] No solution exists. MPSolverInterface::result_status_ = MPSOLVER_INFEASIBLE
E0000 00:00:1785774618.380210  290536 linear_solver.cc:2026] No solution exists. MPSolverInterface::result_status_ = MPSOLVER_INFEASIBLE
E0000 00:00:1785774626.833237  290536 linear_solver.cc:2026] No solution exists. MPSolverInterface::result_status_ = MPSOLVER_INFEASIBLE
E0000 00:00:1785774626.886873  290536 linear_solver.cc:2026] No solution exists. MPSolverInterface::result_status_ = MPSOLVER_INFEASIBLE
E0000 00:00:1785774629.381479  290536 linear_solver.cc:2026] No solution exists. MPSolverInterface::result_status_ = MPSOLVER_INFEASIBLE
E0000 00:00:1785774629.409664  290536 linear_solver.cc:2026] No solution exists. MPSolverInterface::result_status_ = MPSOLVER_INFEASIBLE
E0000 00:00:1785774632.040320  290536 linear_solver.cc:2026] No solution exists. MPSolverInterface::result_status_ = MPSOLVER_INFEASIBLE
E0000 00:00:1785774632.088469  290536 linear_solver.cc:2026] No solution exists. MPSolverInterface::result_status_ = MPSOLVER_INFEASIBLE
E0000 00:00:1785774636.479617  290536 linear_solver.cc:2026] No solution exists. MPSolverInterface::result_status_ = MPSOLVER_INFEASIBLE
E0000 00:00:1785774636.532108  290536 linear_solver.cc:2026] No solution exists. MPSolverInterface::result_status_ = MPSOLVER_INFEASIBLE
E0000 00:00:1785774636.584764  290536 linear_solver.cc:2026] No solution exists. MPSolverInterface::result_status_ = MPSOLVER_INFEASIBLE
E0000 00:00:1785774636.638273  290536 linear_solver.cc:2026] No solution exists. MPSolverInterface::result_status_ = MPSOLVER_INFEASIBLE
E0000 00:00:1785774636.691292  290536 linear_solver.cc:2026] No solution exists. MPSolverInterface::result_status_ = MPSOLVER_INFEASIBLE
E0000 00:00:1785774636.744457  290536 linear_solver.cc:2026] No solution exists. MPSolverInterface::result_status_ = MPSOLVER_INFEASIBLE
E0000 00:00:1785774636.798054  290536 linear_solver.cc:2026] No solution exists. MPSolverInterface::result_status_ = MPSOLVER_INFEASIBLE
E0000 00:00:1785774636.851667  290536 linear_solver.cc:2026] No solution exists. MPSolverInterface::result_status_ = MPSOLVER_INFEASIBLE
E0000 00:00:1785774646.485757  290536 linear_solver.cc:2026] No solution exists. MPSolverInterface::result_status_ = MPSOLVER_INFEASIBLE
E0000 00:00:1785774646.546422  290536 linear_solver.cc:2026] No solution exists. MPSolverInterface::result_status_ = MPSOLVER_INFEASIBLE
E0000 00:00:1785774648.887974  290536 linear_solver.cc:2026] No solution exists. MPSolverInterface::result_status_ = MPSOLVER_INFEASIBLE
E0000 00:00:1785774648.899316  290536 linear_solver.cc:2026] No solution exists. MPSolverInterface::result_status_ = MPSOLVER_INFEASIBLE
E0000 00:00:1785774649.528779  290536 linear_solver.cc:2026] No solution exists. MPSolverInterface::result_status_ = MPSOLVER_INFEASIBLE
E0000 00:00:1785774649.585986  290536 linear_solver.cc:2026] No solution exists. MPSolverInterface::result_status_ = MPSOLVER_INFEASIBLE
E0000 00:00:1785774649.643670  290536 linear_solver.cc:2026] No solution exists. MPSolverInterface::result_status_ = MPSOLVER_INFEASIBLE
E0000 00:00:1785774649.700865  290536 linear_solver.cc:2026] No solution exists. MPSolverInterface::result_status_ = MPSOLVER_INFEASIBLE
E0000 00:00:1785774649.758603  290536 linear_solver.cc:2026] No solution exists. MPSolverInterface::result_status_ = MPSOLVER_INFEASIBLE
E0000 00:00:1785774649.815876  290536 linear_solver.cc:2026] No solution exists. MPSolverInterface::result_status_ = MPSOLVER_INFEASIBLE
E0000 00:00:1785774649.873213  290536 linear_solver.cc:2026] No solution exists. MPSolverInterface::result_status_ = MPSOLVER_INFEASIBLE
E0000 00:00:1785774649.930311  290536 linear_solver.cc:2026] No solution exists. MPSolverInterface::result_status_ = MPSOLVER_INFEASIBLE
E0000 00:00:1785774652.692623  290536 linear_solver.cc:2026] No solution exists. MPSolverInterface::result_status_ = MPSOLVER_INFEASIBLE
E0000 00:00:1785774652.745978  290536 linear_solver.cc:2026] No solution exists. MPSolverInterface::result_status_ = MPSOLVER_INFEASIBLE
E0000 00:00:1785774652.799589  290536 linear_solver.cc:2026] No solution exists. MPSolverInterface::result_status_ = MPSOLVER_INFEASIBLE
E0000 00:00:1785774652.852917  290536 linear_solver.cc:2026] No solution exists. MPSolverInterface::result_status_ = MPSOLVER_INFEASIBLE
E0000 00:00:1785774652.906903  290536 linear_solver.cc:2026] No solution exists. MPSolverInterface::result_status_ = MPSOLVER_INFEASIBLE
E0000 00:00:1785774652.960061  290536 linear_solver.cc:2026] No solution exists. MPSolverInterface::result_status_ = MPSOLVER_INFEASIBLE
E0000 00:00:1785774653.014136  290536 linear_solver.cc:2026] No solution exists. MPSolverInterface::result_status_ = MPSOLVER_INFEASIBLE
E0000 00:00:1785774653.067578  290536 linear_solver.cc:2026] No solution exists. MPSolverInterface::result_status_ = MPSOLVER_INFEASIBLE
E0000 00:00:1785774659.790091  290536 linear_solver.cc:2026] No solution exists. MPSolverInterface::result_status_ = MPSOLVER_INFEASIBLE
E0000 00:00:1785774659.847162  290536 linear_solver.cc:2026] No solution exists. MPSolverInterface::result_status_ = MPSOLVER_INFEASIBLE
E0000 00:00:1785774659.905370  290536 linear_solver.cc:2026] No solution exists. MPSolverInterface::result_status_ = MPSOLVER_INFEASIBLE
E0000 00:00:1785774664.130944  290536 linear_solver.cc:2026] No solution exists. MPSolverInterface::result_status_ = MPSOLVER_INFEASIBLE
E0000 00:00:1785774664.155216  290536 linear_solver.cc:2026] No solution exists. MPSolverInterface::result_status_ = MPSOLVER_INFEASIBLE
E0000 00:00:1785774665.146810  290536 linear_solver.cc:2026] No solution exists. MPSolverInterface::result_status_ = MPSOLVER_INFEASIBLE
E0000 00:00:1785774665.195121  290536 linear_solver.cc:2026] No solution exists. MPSolverInterface::result_status_ = MPSOLVER_INFEASIBLE
E0000 00:00:1785774665.242066  290536 linear_solver.cc:2026] No solution exists. MPSolverInterface::result_status_ = MPSOLVER_INFEASIBLE
E0000 00:00:1785774665.288942  290536 linear_solver.cc:2026] No solution exists. MPSolverInterface::result_status_ = MPSOLVER_INFEASIBLE
E0000 00:00:1785774665.335745  290536 linear_solver.cc:2026] No solution exists. MPSolverInterface::result_status_ = MPSOLVER_INFEASIBLE
E0000 00:00:1785774665.382403  290536 linear_solver.cc:2026] No solution exists. MPSolverInterface::result_status_ = MPSOLVER_INFEASIBLE
E0000 00:00:1785774665.429691  290536 linear_solver.cc:2026] No solution exists. MPSolverInterface::result_status_ = MPSOLVER_INFEASIBLE
E0000 00:00:1785774665.476729  290536 linear_solver.cc:2026] No solution exists. MPSolverInterface::result_status_ = MPSOLVER_INFEASIBLE
E0000 00:00:1785774666.005485  290536 linear_solver.cc:2026] No solution exists. MPSolverInterface::result_status_ = MPSOLVER_INFEASIBLE
E0000 00:00:1785774666.040742  290536 linear_solver.cc:2026] No solution exists. MPSolverInterface::result_status_ = MPSOLVER_INFEASIBLE
E0000 00:00:1785774666.075737  290536 linear_solver.cc:2026] No solution exists. MPSolverInterface::result_status_ = MPSOLVER_INFEASIBLE
E0000 00:00:1785774666.111066  290536 linear_solver.cc:2026] No solution exists. MPSolverInterface::result_status_ = MPSOLVER_INFEASIBLE
E0000 00:00:1785774666.146771  290536 linear_solver.cc:2026] No solution exists. MPSolverInterface::result_status_ = MPSOLVER_INFEASIBLE
E0000 00:00:1785774666.181732  290536 linear_solver.cc:2026] No solution exists. MPSolverInterface::result_status_ = MPSOLVER_INFEASIBLE
E0000 00:00:1785774666.216783  290536 linear_solver.cc:2026] No solution exists. MPSolverInterface::result_status_ = MPSOLVER_INFEASIBLE
E0000 00:00:1785774666.252007  290536 linear_solver.cc:2026] No solution exists. MPSolverInterface::result_status_ = MPSOLVER_INFEASIBLE
E0000 00:00:1785774666.728419  290536 linear_solver.cc:2026] No solution exists. MPSolverInterface::result_status_ = MPSOLVER_INFEASIBLE
E0000 00:00:1785774666.773230  290536 linear_solver.cc:2026] No solution exists. MPSolverInterface::result_status_ = MPSOLVER_INFEASIBLE
E0000 00:00:1785774666.819178  290536 linear_solver.cc:2026] No solution exists. MPSolverInterface::result_status_ = MPSOLVER_INFEASIBLE
E0000 00:00:1785774666.915469  290536 linear_solver.cc:2026] No solution exists. MPSolverInterface::result_status_ = MPSOLVER_INFEASIBLE
E0000 00:00:1785774666.960657  290536 linear_solver.cc:2026] No solution exists. MPSolverInterface::result_status_ = MPSOLVER_INFEASIBLE
E0000 00:00:1785774667.005347  290536 linear_solver.cc:2026] No solution exists. MPSolverInterface::result_status_ = MPSOLVER_INFEASIBLE
E0000 00:00:1785774667.049530  290536 linear_solver.cc:2026] No solution exists. MPSolverInterface::result_status_ = MPSOLVER_INFEASIBLE
E0000 00:00:1785774667.093595  290536 linear_solver.cc:2026] No solution exists. MPSolverInterface::result_status_ = MPSOLVER_INFEASIBLE
E0000 00:00:1785774668.198067  290536 linear_solver.cc:2026] No solution exists. MPSolverInterface::result_status_ = MPSOLVER_INFEASIBLE
E0000 00:00:1785774668.251463  290536 linear_solver.cc:2026] No solution exists. MPSolverInterface::result_status_ = MPSOLVER_INFEASIBLE
E0000 00:00:1785774668.304182  290536 linear_solver.cc:2026] No solution exists. MPSolverInterface::result_status_ = MPSOLVER_INFEASIBLE
E0000 00:00:1785774668.356815  290536 linear_solver.cc:2026] No solution exists. MPSolverInterface::result_status_ = MPSOLVER_INFEASIBLE
E0000 00:00:1785774668.409459  290536 linear_solver.cc:2026] No solution exists. MPSolverInterface::result_status_ = MPSOLVER_INFEASIBLE
E0000 00:00:1785774674.003112  290536 linear_solver.cc:2026] No solution exists. MPSolverInterface::result_status_ = MPSOLVER_INFEASIBLE
E0000 00:00:1785774674.074714  290536 linear_solver.cc:2026] No solution exists. MPSolverInterface::result_status_ = MPSOLVER_INFEASIBLE
E0000 00:00:1785774679.519425  290536 linear_solver.cc:2026] No solution exists. MPSolverInterface::result_status_ = MPSOLVER_INFEASIBLE
E0000 00:00:1785774679.572308  290536 linear_solver.cc:2026] No solution exists. MPSolverInterface::result_status_ = MPSOLVER_INFEASIBLE
E0000 00:00:1785774684.211837  290536 linear_solver.cc:2026] No solution exists. MPSolverInterface::result_status_ = MPSOLVER_INFEASIBLE
E0000 00:00:1785774684.261304  290536 linear_solver.cc:2026] No solution exists. MPSolverInterface::result_status_ = MPSOLVER_INFEASIBLE
E0000 00:00:1785774687.117674  290536 linear_solver.cc:2026] No solution exists. MPSolverInterface::result_status_ = MPSOLVER_INFEASIBLE
E0000 00:00:1785774687.142090  290536 linear_solver.cc:2026] No solution exists. MPSolverInterface::result_status_ = MPSOLVER_INFEASIBLE
E0000 00:00:1785774688.619407  290536 linear_solver.cc:2026] No solution exists. MPSolverInterface::result_status_ = MPSOLVER_INFEASIBLE
E0000 00:00:1785774688.646949  290536 linear_solver.cc:2026] No solution exists. MPSolverInterface::result_status_ = MPSOLVER_INFEASIBLE
E0000 00:00:1785774690.354465  290536 linear_solver.cc:2026] No solution exists. MPSolverInterface::result_status_ = MPSOLVER_INFEASIBLE
E0000 00:00:1785774690.381239  290536 linear_solver.cc:2026] No solution exists. MPSolverInterface::result_status_ = MPSOLVER_INFEASIBLE
E0000 00:00:1785774691.742576  290536 linear_solver.cc:2026] No solution exists. MPSolverInterface::result_status_ = MPSOLVER_INFEASIBLE
E0000 00:00:1785774691.764787  290536 linear_solver.cc:2026] No solution exists. MPSolverInterface::result_status_ = MPSOLVER_INFEASIBLE
E0000 00:00:1785774692.654812  290536 linear_solver.cc:2026] No solution exists. MPSolverInterface::result_status_ = MPSOLVER_INFEASIBLE
E0000 00:00:1785774692.672758  290536 linear_solver.cc:2026] No solution exists. MPSolverInterface::result_status_ = MPSOLVER_INFEASIBLE
E0000 00:00:1785774694.811208  290536 linear_solver.cc:2026] No solution exists. MPSolverInterface::result_status_ = MPSOLVER_INFEASIBLE
E0000 00:00:1785774694.854514  290536 linear_solver.cc:2026] No solution exists. MPSolverInterface::result_status_ = MPSOLVER_INFEASIBLE
E0000 00:00:1785774694.896561  290536 linear_solver.cc:2026] No solution exists. MPSolverInterface::result_status_ = MPSOLVER_INFEASIBLE
E0000 00:00:1785774694.937442  290536 linear_solver.cc:2026] No solution exists. MPSolverInterface::result_status_ = MPSOLVER_INFEASIBLE
E0000 00:00:1785774694.978443  290536 linear_solver.cc:2026] No solution exists. MPSolverInterface::result_status_ = MPSOLVER_INFEASIBLE
E0000 00:00:1785774695.232816  290536 linear_solver.cc:2026] No solution exists. MPSolverInterface::result_status_ = MPSOLVER_INFEASIBLE
E0000 00:00:1785774695.274070  290536 linear_solver.cc:2026] No solution exists. MPSolverInterface::result_status_ = MPSOLVER_INFEASIBLE
E0000 00:00:1785774695.313938  290536 linear_solver.cc:2026] No solution exists. MPSolverInterface::result_status_ = MPSOLVER_INFEASIBLE
E0000 00:00:1785774698.250444  290536 linear_solver.cc:2026] No solution exists. MPSolverInterface::result_status_ = MPSOLVER_INFEASIBLE
E0000 00:00:1785774698.308195  290536 linear_solver.cc:2026] No solution exists. MPSolverInterface::result_status_ = MPSOLVER_INFEASIBLE
E0000 00:00:1785774698.365980  290536 linear_solver.cc:2026] No solution exists. MPSolverInterface::result_status_ = MPSOLVER_INFEASIBLE
E0000 00:00:1785774702.887122  290536 linear_solver.cc:2026] No solution exists. MPSolverInterface::result_status_ = MPSOLVER_INFEASIBLE
E0000 00:00:1785774702.947305  290536 linear_solver.cc:2026] No solution exists. MPSolverInterface::result_status_ = MPSOLVER_INFEASIBLE
E0000 00:00:1785774703.008632  290536 linear_solver.cc:2026] No solution exists. MPSolverInterface::result_status_ = MPSOLVER_INFEASIBLE
E0000 00:00:1785774705.404248  290536 linear_solver.cc:2026] No solution exists. MPSolverInterface::result_status_ = MPSOLVER_INFEASIBLE
E0000 00:00:1785774705.446453  290536 linear_solver.cc:2026] No solution exists. MPSolverInterface::result_status_ = MPSOLVER_INFEASIBLE
E0000 00:00:1785774705.489188  290536 linear_solver.cc:2026] No solution exists. MPSolverInterface::result_status_ = MPSOLVER_INFEASIBLE
E0000 00:00:1785774705.531563  290536 linear_solver.cc:2026] No solution exists. MPSolverInterface::result_status_ = MPSOLVER_INFEASIBLE
E0000 00:00:1785774705.574366  290536 linear_solver.cc:2026] No solution exists. MPSolverInterface::result_status_ = MPSOLVER_INFEASIBLE
E0000 00:00:1785774705.618149  290536 linear_solver.cc:2026] No solution exists. MPSolverInterface::result_status_ = MPSOLVER_INFEASIBLE
E0000 00:00:1785774705.662732  290536 linear_solver.cc:2026] No solution exists. MPSolverInterface::result_status_ = MPSOLVER_INFEASIBLE
E0000 00:00:1785774705.706181  290536 linear_solver.cc:2026] No solution exists. MPSolverInterface::result_status_ = MPSOLVER_INFEASIBLE
E0000 00:00:1785774714.848595  290536 linear_solver.cc:2026] No solution exists. MPSolverInterface::result_status_ = MPSOLVER_INFEASIBLE
E0000 00:00:1785774714.858462  290536 linear_solver.cc:2026] No solution exists. MPSolverInterface::result_status_ = MPSOLVER_INFEASIBLE
E0000 00:00:1785774716.190362  290536 linear_solver.cc:2026] No solution exists. MPSolverInterface::result_status_ = MPSOLVER_INFEASIBLE
E0000 00:00:1785774716.235583  290536 linear_solver.cc:2026] No solution exists. MPSolverInterface::result_status_ = MPSOLVER_INFEASIBLE
E0000 00:00:1785774716.280819  290536 linear_solver.cc:2026] No solution exists. MPSolverInterface::result_status_ = MPSOLVER_INFEASIBLE
E0000 00:00:1785774716.326303  290536 linear_solver.cc:2026] No solution exists. MPSolverInterface::result_status_ = MPSOLVER_INFEASIBLE
E0000 00:00:1785774716.371405  290536 linear_solver.cc:2026] No solution exists. MPSolverInterface::result_status_ = MPSOLVER_INFEASIBLE
E0000 00:00:1785774716.418052  290536 linear_solver.cc:2026] No solution exists. MPSolverInterface::result_status_ = MPSOLVER_INFEASIBLE
E0000 00:00:1785774716.465318  290536 linear_solver.cc:2026] No solution exists. MPSolverInterface::result_status_ = MPSOLVER_INFEASIBLE
E0000 00:00:1785774716.512448  290536 linear_solver.cc:2026] No solution exists. MPSolverInterface::result_status_ = MPSOLVER_INFEASIBLE
E0000 00:00:1785774716.993675  290536 linear_solver.cc:2026] No solution exists. MPSolverInterface::result_status_ = MPSOLVER_INFEASIBLE
E0000 00:00:1785774717.006034  290536 linear_solver.cc:2026] No solution exists. MPSolverInterface::result_status_ = MPSOLVER_INFEASIBLE
E0000 00:00:1785774717.627858  290536 linear_solver.cc:2026] No solution exists. MPSolverInterface::result_status_ = MPSOLVER_INFEASIBLE
E0000 00:00:1785774717.671906  290536 linear_solver.cc:2026] No solution exists. MPSolverInterface::result_status_ = MPSOLVER_INFEASIBLE
E0000 00:00:1785774717.715970  290536 linear_solver.cc:2026] No solution exists. MPSolverInterface::result_status_ = MPSOLVER_INFEASIBLE
E0000 00:00:1785774717.760234  290536 linear_solver.cc:2026] No solution exists. MPSolverInterface::result_status_ = MPSOLVER_INFEASIBLE
E0000 00:00:1785774717.804371  290536 linear_solver.cc:2026] No solution exists. MPSolverInterface::result_status_ = MPSOLVER_INFEASIBLE
E0000 00:00:1785774721.142774  290536 linear_solver.cc:2026] No solution exists. MPSolverInterface::result_status_ = MPSOLVER_INFEASIBLE
E0000 00:00:1785774721.198237  290536 linear_solver.cc:2026] No solution exists. MPSolverInterface::result_status_ = MPSOLVER_INFEASIBLE
E0000 00:00:1785774721.253728  290536 linear_solver.cc:2026] No solution exists. MPSolverInterface::result_status_ = MPSOLVER_INFEASIBLE
E0000 00:00:1785774721.307886  290536 linear_solver.cc:2026] No solution exists. MPSolverInterface::result_status_ = MPSOLVER_INFEASIBLE
E0000 00:00:1785774721.362990  290536 linear_solver.cc:2026] No solution exists. MPSolverInterface::result_status_ = MPSOLVER_INFEASIBLE
E0000 00:00:1785774721.418394  290536 linear_solver.cc:2026] No solution exists. MPSolverInterface::result_status_ = MPSOLVER_INFEASIBLE
E0000 00:00:1785774721.474182  290536 linear_solver.cc:2026] No solution exists. MPSolverInterface::result_status_ = MPSOLVER_INFEASIBLE
E0000 00:00:1785774721.529928  290536 linear_solver.cc:2026] No solution exists. MPSolverInterface::result_status_ = MPSOLVER_INFEASIBLE
E0000 00:00:1785774722.216742  290536 linear_solver.cc:2026] No solution exists. MPSolverInterface::result_status_ = MPSOLVER_INFEASIBLE
E0000 00:00:1785774722.269906  290536 linear_solver.cc:2026] No solution exists. MPSolverInterface::result_status_ = MPSOLVER_INFEASIBLE
E0000 00:00:1785774722.323111  290536 linear_solver.cc:2026] No solution exists. MPSolverInterface::result_status_ = MPSOLVER_INFEASIBLE
E0000 00:00:1785774722.374376  290536 linear_solver.cc:2026] No solution exists. MPSolverInterface::result_status_ = MPSOLVER_INFEASIBLE
E0000 00:00:1785774722.426133  290536 linear_solver.cc:2026] No solution exists. MPSolverInterface::result_status_ = MPSOLVER_INFEASIBLE
E0000 00:00:1785774722.478296  290536 linear_solver.cc:2026] No solution exists. MPSolverInterface::result_status_ = MPSOLVER_INFEASIBLE
E0000 00:00:1785774722.530775  290536 linear_solver.cc:2026] No solution exists. MPSolverInterface::result_status_ = MPSOLVER_INFEASIBLE
E0000 00:00:1785774722.583001  290536 linear_solver.cc:2026] No solution exists. MPSolverInterface::result_status_ = MPSOLVER_INFEASIBLE
E0000 00:00:1785774725.484335  290536 linear_solver.cc:2026] No solution exists. MPSolverInterface::result_status_ = MPSOLVER_INFEASIBLE
E0000 00:00:1785774725.521724  290536 linear_solver.cc:2026] No solution exists. MPSolverInterface::result_status_ = MPSOLVER_INFEASIBLE
E0000 00:00:1785774725.558596  290536 linear_solver.cc:2026] No solution exists. MPSolverInterface::result_status_ = MPSOLVER_INFEASIBLE
E0000 00:00:1785774725.596353  290536 linear_solver.cc:2026] No solution exists. MPSolverInterface::result_status_ = MPSOLVER_INFEASIBLE
E0000 00:00:1785774725.633986  290536 linear_solver.cc:2026] No solution exists. MPSolverInterface::result_status_ = MPSOLVER_INFEASIBLE
E0000 00:00:1785774725.671719  290536 linear_solver.cc:2026] No solution exists. MPSolverInterface::result_status_ = MPSOLVER_INFEASIBLE
E0000 00:00:1785774725.709532  290536 linear_solver.cc:2026] No solution exists. MPSolverInterface::result_status_ = MPSOLVER_INFEASIBLE
E0000 00:00:1785774725.747578  290536 linear_solver.cc:2026] No solution exists. MPSolverInterface::result_status_ = MPSOLVER_INFEASIBLE
E0000 00:00:1785774730.990517  290536 linear_solver.cc:2026] No solution exists. MPSolverInterface::result_status_ = MPSOLVER_INFEASIBLE
E0000 00:00:1785774731.031080  290536 linear_solver.cc:2026] No solution exists. MPSolverInterface::result_status_ = MPSOLVER_INFEASIBLE
E0000 00:00:1785774734.535768  290536 linear_solver.cc:2026] No solution exists. MPSolverInterface::result_status_ = MPSOLVER_INFEASIBLE
E0000 00:00:1785774734.592081  290536 linear_solver.cc:2026] No solution exists. MPSolverInterface::result_status_ = MPSOLVER_INFEASIBLE
E0000 00:00:1785774734.649149  290536 linear_solver.cc:2026] No solution exists. MPSolverInterface::result_status_ = MPSOLVER_INFEASIBLE
E0000 00:00:1785774741.385801  290536 linear_solver.cc:2026] No solution exists. MPSolverInterface::result_status_ = MPSOLVER_INFEASIBLE
E0000 00:00:1785774741.437476  290536 linear_solver.cc:2026] No solution exists. MPSolverInterface::result_status_ = MPSOLVER_INFEASIBLE
E0000 00:00:1785774741.488995  290536 linear_solver.cc:2026] No solution exists. MPSolverInterface::result_status_ = MPSOLVER_INFEASIBLE
E0000 00:00:1785774741.540207  290536 linear_solver.cc:2026] No solution exists. MPSolverInterface::result_status_ = MPSOLVER_INFEASIBLE
E0000 00:00:1785774741.591723  290536 linear_solver.cc:2026] No solution exists. MPSolverInterface::result_status_ = MPSOLVER_INFEASIBLE
E0000 00:00:1785774741.643278  290536 linear_solver.cc:2026] No solution exists. MPSolverInterface::result_status_ = MPSOLVER_INFEASIBLE
E0000 00:00:1785774741.695406  290536 linear_solver.cc:2026] No solution exists. MPSolverInterface::result_status_ = MPSOLVER_INFEASIBLE
E0000 00:00:1785774741.747280  290536 linear_solver.cc:2026] No solution exists. MPSolverInterface::result_status_ = MPSOLVER_INFEASIBLE
E0000 00:00:1785774743.584313  290536 linear_solver.cc:2026] No solution exists. MPSolverInterface::result_status_ = MPSOLVER_INFEASIBLE
E0000 00:00:1785774743.649479  290536 linear_solver.cc:2026] No solution exists. MPSolverInterface::result_status_ = MPSOLVER_INFEASIBLE
E0000 00:00:1785774743.713602  290536 linear_solver.cc:2026] No solution exists. MPSolverInterface::result_status_ = MPSOLVER_INFEASIBLE
E0000 00:00:1785774743.774399  290536 linear_solver.cc:2026] No solution exists. MPSolverInterface::result_status_ = MPSOLVER_INFEASIBLE
E0000 00:00:1785774743.835745  290536 linear_solver.cc:2026] No solution exists. MPSolverInterface::result_status_ = MPSOLVER_INFEASIBLE
E0000 00:00:1785774755.744170  290536 linear_solver.cc:2026] No solution exists. MPSolverInterface::result_status_ = MPSOLVER_INFEASIBLE
E0000 00:00:1785774755.830972  290536 linear_solver.cc:2026] No solution exists. MPSolverInterface::result_status_ = MPSOLVER_INFEASIBLE
E0000 00:00:1785774771.718254  290536 linear_solver.cc:2026] No solution exists. MPSolverInterface::result_status_ = MPSOLVER_INFEASIBLE
E0000 00:00:1785774771.801745  290536 linear_solver.cc:2026] No solution exists. MPSolverInterface::result_status_ = MPSOLVER_INFEASIBLE
E0000 00:00:1785774778.618035  290536 linear_solver.cc:2026] No solution exists. MPSolverInterface::result_status_ = MPSOLVER_INFEASIBLE
E0000 00:00:1785774778.668683  290536 linear_solver.cc:2026] No solution exists. MPSolverInterface::result_status_ = MPSOLVER_INFEASIBLE
E0000 00:00:1785774784.196067  290536 linear_solver.cc:2026] No solution exists. MPSolverInterface::result_status_ = MPSOLVER_INFEASIBLE
E0000 00:00:1785774784.233109  290536 linear_solver.cc:2026] No solution exists. MPSolverInterface::result_status_ = MPSOLVER_INFEASIBLE
E0000 00:00:1785774784.270083  290536 linear_solver.cc:2026] No solution exists. MPSolverInterface::result_status_ = MPSOLVER_INFEASIBLE
E0000 00:00:1785774784.305748  290536 linear_solver.cc:2026] No solution exists. MPSolverInterface::result_status_ = MPSOLVER_INFEASIBLE
E0000 00:00:1785774784.339863  290536 linear_solver.cc:2026] No solution exists. MPSolverInterface::result_status_ = MPSOLVER_INFEASIBLE
E0000 00:00:1785774784.373649  290536 linear_solver.cc:2026] No solution exists. MPSolverInterface::result_status_ = MPSOLVER_INFEASIBLE
E0000 00:00:1785774784.408144  290536 linear_solver.cc:2026] No solution exists. MPSolverInterface::result_status_ = MPSOLVER_INFEASIBLE
E0000 00:00:1785774784.442260  290536 linear_solver.cc:2026] No solution exists. MPSolverInterface::result_status_ = MPSOLVER_INFEASIBLE
E0000 00:00:1785774786.727147  290536 linear_solver.cc:2026] No solution exists. MPSolverInterface::result_status_ = MPSOLVER_INFEASIBLE
E0000 00:00:1785774786.736986  290536 linear_solver.cc:2026] No solution exists. MPSolverInterface::result_status_ = MPSOLVER_INFEASIBLE
E0000 00:00:1785774787.720628  290536 linear_solver.cc:2026] No solution exists. MPSolverInterface::result_status_ = MPSOLVER_INFEASIBLE
E0000 00:00:1785774787.757272  290536 linear_solver.cc:2026] No solution exists. MPSolverInterface::result_status_ = MPSOLVER_INFEASIBLE
E0000 00:00:1785774787.794046  290536 linear_solver.cc:2026] No solution exists. MPSolverInterface::result_status_ = MPSOLVER_INFEASIBLE
E0000 00:00:1785774787.831461  290536 linear_solver.cc:2026] No solution exists. MPSolverInterface::result_status_ = MPSOLVER_INFEASIBLE
E0000 00:00:1785774787.868997  290536 linear_solver.cc:2026] No solution exists. MPSolverInterface::result_status_ = MPSOLVER_INFEASIBLE
E0000 00:00:1785774787.906852  290536 linear_solver.cc:2026] No solution exists. MPSolverInterface::result_status_ = MPSOLVER_INFEASIBLE
E0000 00:00:1785774787.944851  290536 linear_solver.cc:2026] No solution exists. MPSolverInterface::result_status_ = MPSOLVER_INFEASIBLE
E0000 00:00:1785774787.983013  290536 linear_solver.cc:2026] No solution exists. MPSolverInterface::result_status_ = MPSOLVER_INFEASIBLE
E0000 00:00:1785774789.565922  290536 linear_solver.cc:2026] No solution exists. MPSolverInterface::result_status_ = MPSOLVER_INFEASIBLE
E0000 00:00:1785774789.577538  290536 linear_solver.cc:2026] No solution exists. MPSolverInterface::result_status_ = MPSOLVER_INFEASIBLE
E0000 00:00:1785774793.292764  290536 linear_solver.cc:2026] No solution exists. MPSolverInterface::result_status_ = MPSOLVER_INFEASIBLE
E0000 00:00:1785774793.359857  290536 linear_solver.cc:2026] No solution exists. MPSolverInterface::result_status_ = MPSOLVER_INFEASIBLE
E0000 00:00:1785774793.427354  290536 linear_solver.cc:2026] No solution exists. MPSolverInterface::result_status_ = MPSOLVER_INFEASIBLE
E0000 00:00:1785774793.494755  290536 linear_solver.cc:2026] No solution exists. MPSolverInterface::result_status_ = MPSOLVER_INFEASIBLE
E0000 00:00:1785774799.588994  290536 linear_solver.cc:2026] No solution exists. MPSolverInterface::result_status_ = MPSOLVER_INFEASIBLE
E0000 00:00:1785774799.622933  290536 linear_solver.cc:2026] No solution exists. MPSolverInterface::result_status_ = MPSOLVER_INFEASIBLE
E0000 00:00:1785774799.656824  290536 linear_solver.cc:2026] No solution exists. MPSolverInterface::result_status_ = MPSOLVER_INFEASIBLE
E0000 00:00:1785774799.690833  290536 linear_solver.cc:2026] No solution exists. MPSolverInterface::result_status_ = MPSOLVER_INFEASIBLE
E0000 00:00:1785774799.724817  290536 linear_solver.cc:2026] No solution exists. MPSolverInterface::result_status_ = MPSOLVER_INFEASIBLE
E0000 00:00:1785774799.759107  290536 linear_solver.cc:2026] No solution exists. MPSolverInterface::result_status_ = MPSOLVER_INFEASIBLE
E0000 00:00:1785774799.793134  290536 linear_solver.cc:2026] No solution exists. MPSolverInterface::result_status_ = MPSOLVER_INFEASIBLE
E0000 00:00:1785774799.827473  290536 linear_solver.cc:2026] No solution exists. MPSolverInterface::result_status_ = MPSOLVER_INFEASIBLE
E0000 00:00:1785774800.141811  290536 linear_solver.cc:2026] No solution exists. MPSolverInterface::result_status_ = MPSOLVER_INFEASIBLE
E0000 00:00:1785774800.153153  290536 linear_solver.cc:2026] No solution exists. MPSolverInterface::result_status_ = MPSOLVER_INFEASIBLE
E0000 00:00:1785774800.164447  290536 linear_solver.cc:2026] No solution exists. MPSolverInterface::result_status_ = MPSOLVER_INFEASIBLE
E0000 00:00:1785774800.175855  290536 linear_solver.cc:2026] No solution exists. MPSolverInterface::result_status_ = MPSOLVER_INFEASIBLE
E0000 00:00:1785774800.187174  290536 linear_solver.cc:2026] No solution exists. MPSolverInterface::result_status_ = MPSOLVER_INFEASIBLE
E0000 00:00:1785774800.198378  290536 linear_solver.cc:2026] No solution exists. MPSolverInterface::result_status_ = MPSOLVER_INFEASIBLE
E0000 00:00:1785774800.209678  290536 linear_solver.cc:2026] No solution exists. MPSolverInterface::result_status_ = MPSOLVER_INFEASIBLE
E0000 00:00:1785774800.220649  290536 linear_solver.cc:2026] No solution exists. MPSolverInterface::result_status_ = MPSOLVER_INFEASIBLE
E0000 00:00:1785774800.341581  290536 linear_solver.cc:2026] No solution exists. MPSolverInterface::result_status_ = MPSOLVER_INFEASIBLE
E0000 00:00:1785774800.352313  290536 linear_solver.cc:2026] No solution exists. MPSolverInterface::result_status_ = MPSOLVER_INFEASIBLE
E0000 00:00:1785774800.362850  290536 linear_solver.cc:2026] No solution exists. MPSolverInterface::result_status_ = MPSOLVER_INFEASIBLE
E0000 00:00:1785774800.373905  290536 linear_solver.cc:2026] No solution exists. MPSolverInterface::result_status_ = MPSOLVER_INFEASIBLE
E0000 00:00:1785774800.384401  290536 linear_solver.cc:2026] No solution exists. MPSolverInterface::result_status_ = MPSOLVER_INFEASIBLE
E0000 00:00:1785774800.395092  290536 linear_solver.cc:2026] No solution exists. MPSolverInterface::result_status_ = MPSOLVER_INFEASIBLE
E0000 00:00:1785774800.406336  290536 linear_solver.cc:2026] No solution exists. MPSolverInterface::result_status_ = MPSOLVER_INFEASIBLE
E0000 00:00:1785774800.417510  290536 linear_solver.cc:2026] No solution exists. MPSolverInterface::result_status_ = MPSOLVER_INFEASIBLE
E0000 00:00:1785774800.738419  290536 linear_solver.cc:2026] No solution exists. MPSolverInterface::result_status_ = MPSOLVER_INFEASIBLE
E0000 00:00:1785774800.785121  290536 linear_solver.cc:2026] No solution exists. MPSolverInterface::result_status_ = MPSOLVER_INFEASIBLE
E0000 00:00:1785774800.832023  290536 linear_solver.cc:2026] No solution exists. MPSolverInterface::result_status_ = MPSOLVER_INFEASIBLE
E0000 00:00:1785774800.878570  290536 linear_solver.cc:2026] No solution exists. MPSolverInterface::result_status_ = MPSOLVER_INFEASIBLE
E0000 00:00:1785774800.925429  290536 linear_solver.cc:2026] No solution exists. MPSolverInterface::result_status_ = MPSOLVER_INFEASIBLE
E0000 00:00:1785774800.971878  290536 linear_solver.cc:2026] No solution exists. MPSolverInterface::result_status_ = MPSOLVER_INFEASIBLE
E0000 00:00:1785774801.018895  290536 linear_solver.cc:2026] No solution exists. MPSolverInterface::result_status_ = MPSOLVER_INFEASIBLE
E0000 00:00:1785774801.065094  290536 linear_solver.cc:2026] No solution exists. MPSolverInterface::result_status_ = MPSOLVER_INFEASIBLE
E0000 00:00:1785774801.636052  290536 linear_solver.cc:2026] No solution exists. MPSolverInterface::result_status_ = MPSOLVER_INFEASIBLE
E0000 00:00:1785774801.680165  290536 linear_solver.cc:2026] No solution exists. MPSolverInterface::result_status_ = MPSOLVER_INFEASIBLE
E0000 00:00:1785774801.724865  290536 linear_solver.cc:2026] No solution exists. MPSolverInterface::result_status_ = MPSOLVER_INFEASIBLE
E0000 00:00:1785774801.769100  290536 linear_solver.cc:2026] No solution exists. MPSolverInterface::result_status_ = MPSOLVER_INFEASIBLE
E0000 00:00:1785774801.813059  290536 linear_solver.cc:2026] No solution exists. MPSolverInterface::result_status_ = MPSOLVER_INFEASIBLE
E0000 00:00:1785774801.857126  290536 linear_solver.cc:2026] No solution exists. MPSolverInterface::result_status_ = MPSOLVER_INFEASIBLE
E0000 00:00:1785774801.901495  290536 linear_solver.cc:2026] No solution exists. MPSolverInterface::result_status_ = MPSOLVER_INFEASIBLE
E0000 00:00:1785774801.945300  290536 linear_solver.cc:2026] No solution exists. MPSolverInterface::result_status_ = MPSOLVER_INFEASIBLE
E0000 00:00:1785774804.982663  290536 linear_solver.cc:2026] No solution exists. MPSolverInterface::result_status_ = MPSOLVER_INFEASIBLE
E0000 00:00:1785774804.999227  290536 linear_solver.cc:2026] No solution exists. MPSolverInterface::result_status_ = MPSOLVER_INFEASIBLE
E0000 00:00:1785774805.318656  290536 linear_solver.cc:2026] No solution exists. MPSolverInterface::result_status_ = MPSOLVER_INFEASIBLE
E0000 00:00:1785774805.332115  290536 linear_solver.cc:2026] No solution exists. MPSolverInterface::result_status_ = MPSOLVER_INFEASIBLE
E0000 00:00:1785774818.903537  290536 linear_solver.cc:2026] No solution exists. MPSolverInterface::result_status_ = MPSOLVER_INFEASIBLE
E0000 00:00:1785774818.928293  290536 linear_solver.cc:2026] No solution exists. MPSolverInterface::result_status_ = MPSOLVER_INFEASIBLE
E0000 00:00:1785774819.731767  290536 linear_solver.cc:2026] No solution exists. MPSolverInterface::result_status_ = MPSOLVER_INFEASIBLE
E0000 00:00:1785774819.763485  290536 linear_solver.cc:2026] No solution exists. MPSolverInterface::result_status_ = MPSOLVER_INFEASIBLE
E0000 00:00:1785774819.794684  290536 linear_solver.cc:2026] No solution exists. MPSolverInterface::result_status_ = MPSOLVER_INFEASIBLE
E0000 00:00:1785774819.826301  290536 linear_solver.cc:2026] No solution exists. MPSolverInterface::result_status_ = MPSOLVER_INFEASIBLE
E0000 00:00:1785774819.858366  290536 linear_solver.cc:2026] No solution exists. MPSolverInterface::result_status_ = MPSOLVER_INFEASIBLE
E0000 00:00:1785774819.889785  290536 linear_solver.cc:2026] No solution exists. MPSolverInterface::result_status_ = MPSOLVER_INFEASIBLE
E0000 00:00:1785774819.921042  290536 linear_solver.cc:2026] No solution exists. MPSolverInterface::result_status_ = MPSOLVER_INFEASIBLE
E0000 00:00:1785774819.952745  290536 linear_solver.cc:2026] No solution exists. MPSolverInterface::result_status_ = MPSOLVER_INFEASIBLE
E0000 00:00:1785774825.596334  290536 linear_solver.cc:2026] No solution exists. MPSolverInterface::result_status_ = MPSOLVER_INFEASIBLE
E0000 00:00:1785774825.638963  290536 linear_solver.cc:2026] No solution exists. MPSolverInterface::result_status_ = MPSOLVER_INFEASIBLE
E0000 00:00:1785774834.927092  290536 linear_solver.cc:2026] No solution exists. MPSolverInterface::result_status_ = MPSOLVER_INFEASIBLE
E0000 00:00:1785774834.991970  290536 linear_solver.cc:2026] No solution exists. MPSolverInterface::result_status_ = MPSOLVER_INFEASIBLE
E0000 00:00:1785774846.384944  290536 linear_solver.cc:2026] No solution exists. MPSolverInterface::result_status_ = MPSOLVER_INFEASIBLE
E0000 00:00:1785774846.427729  290536 linear_solver.cc:2026] No solution exists. MPSolverInterface::result_status_ = MPSOLVER_INFEASIBLE
E0000 00:00:1785774846.470518  290536 linear_solver.cc:2026] No solution exists. MPSolverInterface::result_status_ = MPSOLVER_INFEASIBLE
E0000 00:00:1785774846.513106  290536 linear_solver.cc:2026] No solution exists. MPSolverInterface::result_status_ = MPSOLVER_INFEASIBLE
E0000 00:00:1785774846.554963  290536 linear_solver.cc:2026] No solution exists. MPSolverInterface::result_status_ = MPSOLVER_INFEASIBLE
E0000 00:00:1785774846.597279  290536 linear_solver.cc:2026] No solution exists. MPSolverInterface::result_status_ = MPSOLVER_INFEASIBLE
E0000 00:00:1785774846.641940  290536 linear_solver.cc:2026] No solution exists. MPSolverInterface::result_status_ = MPSOLVER_INFEASIBLE
E0000 00:00:1785774846.687400  290536 linear_solver.cc:2026] No solution exists. MPSolverInterface::result_status_ = MPSOLVER_INFEASIBLE
E0000 00:00:1785774848.883578  290536 linear_solver.cc:2026] No solution exists. MPSolverInterface::result_status_ = MPSOLVER_INFEASIBLE
E0000 00:00:1785774848.931211  290536 linear_solver.cc:2026] No solution exists. MPSolverInterface::result_status_ = MPSOLVER_INFEASIBLE
E0000 00:00:1785774848.979004  290536 linear_solver.cc:2026] No solution exists. MPSolverInterface::result_status_ = MPSOLVER_INFEASIBLE
E0000 00:00:1785774849.025870  290536 linear_solver.cc:2026] No solution exists. MPSolverInterface::result_status_ = MPSOLVER_INFEASIBLE
E0000 00:00:1785774849.967572  290536 linear_solver.cc:2026] No solution exists. MPSolverInterface::result_status_ = MPSOLVER_INFEASIBLE
E0000 00:00:1785774850.012903  290536 linear_solver.cc:2026] No solution exists. MPSolverInterface::result_status_ = MPSOLVER_INFEASIBLE
E0000 00:00:1785774850.058547  290536 linear_solver.cc:2026] No solution exists. MPSolverInterface::result_status_ = MPSOLVER_INFEASIBLE
E0000 00:00:1785774850.103979  290536 linear_solver.cc:2026] No solution exists. MPSolverInterface::result_status_ = MPSOLVER_INFEASIBLE
E0000 00:00:1785774850.149101  290536 linear_solver.cc:2026] No solution exists. MPSolverInterface::result_status_ = MPSOLVER_INFEASIBLE
E0000 00:00:1785774850.194851  290536 linear_solver.cc:2026] No solution exists. MPSolverInterface::result_status_ = MPSOLVER_INFEASIBLE
E0000 00:00:1785774850.240570  290536 linear_solver.cc:2026] No solution exists. MPSolverInterface::result_status_ = MPSOLVER_INFEASIBLE
E0000 00:00:1785774850.286507  290536 linear_solver.cc:2026] No solution exists. MPSolverInterface::result_status_ = MPSOLVER_INFEASIBLE
E0000 00:00:1785774850.845735  290536 linear_solver.cc:2026] No solution exists. MPSolverInterface::result_status_ = MPSOLVER_INFEASIBLE
E0000 00:00:1785774850.888370  290536 linear_solver.cc:2026] No solution exists. MPSolverInterface::result_status_ = MPSOLVER_INFEASIBLE
E0000 00:00:1785774850.931355  290536 linear_solver.cc:2026] No solution exists. MPSolverInterface::result_status_ = MPSOLVER_INFEASIBLE
E0000 00:00:1785774850.974905  290536 linear_solver.cc:2026] No solution exists. MPSolverInterface::result_status_ = MPSOLVER_INFEASIBLE
E0000 00:00:1785774851.018265  290536 linear_solver.cc:2026] No solution exists. MPSolverInterface::result_status_ = MPSOLVER_INFEASIBLE
E0000 00:00:1785774851.062295  290536 linear_solver.cc:2026] No solution exists. MPSolverInterface::result_status_ = MPSOLVER_INFEASIBLE
E0000 00:00:1785774851.105704  290536 linear_solver.cc:2026] No solution exists. MPSolverInterface::result_status_ = MPSOLVER_INFEASIBLE
E0000 00:00:1785774851.149499  290536 linear_solver.cc:2026] No solution exists. MPSolverInterface::result_status_ = MPSOLVER_INFEASIBLE
E0000 00:00:1785774851.938813  290536 linear_solver.cc:2026] No solution exists. MPSolverInterface::result_status_ = MPSOLVER_INFEASIBLE
E0000 00:00:1785774851.987223  290536 linear_solver.cc:2026] No solution exists. MPSolverInterface::result_status_ = MPSOLVER_INFEASIBLE
E0000 00:00:1785774852.035099  290536 linear_solver.cc:2026] No solution exists. MPSolverInterface::result_status_ = MPSOLVER_INFEASIBLE
E0000 00:00:1785774852.085394  290536 linear_solver.cc:2026] No solution exists. MPSolverInterface::result_status_ = MPSOLVER_INFEASIBLE
E0000 00:00:1785774852.136562  290536 linear_solver.cc:2026] No solution exists. MPSolverInterface::result_status_ = MPSOLVER_INFEASIBLE
E0000 00:00:1785774852.186168  290536 linear_solver.cc:2026] No solution exists. MPSolverInterface::result_status_ = MPSOLVER_INFEASIBLE
E0000 00:00:1785774855.685491  290536 linear_solver.cc:2026] No solution exists. MPSolverInterface::result_status_ = MPSOLVER_INFEASIBLE
E0000 00:00:1785774855.711348  290536 linear_solver.cc:2026] No solution exists. MPSolverInterface::result_status_ = MPSOLVER_INFEASIBLE
E0000 00:00:1785774858.929798  290536 linear_solver.cc:2026] No solution exists. MPSolverInterface::result_status_ = MPSOLVER_INFEASIBLE
E0000 00:00:1785774858.980234  290536 linear_solver.cc:2026] No solution exists. MPSolverInterface::result_status_ = MPSOLVER_INFEASIBLE
E0000 00:00:1785774865.224369  290536 linear_solver.cc:2026] No solution exists. MPSolverInterface::result_status_ = MPSOLVER_INFEASIBLE
E0000 00:00:1785774865.283115  290536 linear_solver.cc:2026] No solution exists. MPSolverInterface::result_status_ = MPSOLVER_INFEASIBLE
E0000 00:00:1785774865.342203  290536 linear_solver.cc:2026] No solution exists. MPSolverInterface::result_status_ = MPSOLVER_INFEASIBLE
E0000 00:00:1785774865.401711  290536 linear_solver.cc:2026] No solution exists. MPSolverInterface::result_status_ = MPSOLVER_INFEASIBLE
E0000 00:00:1785774868.460449  290536 linear_solver.cc:2026] No solution exists. MPSolverInterface::result_status_ = MPSOLVER_INFEASIBLE
E0000 00:00:1785774868.512863  290536 linear_solver.cc:2026] No solution exists. MPSolverInterface::result_status_ = MPSOLVER_INFEASIBLE
E0000 00:00:1785774868.564219  290536 linear_solver.cc:2026] No solution exists. MPSolverInterface::result_status_ = MPSOLVER_INFEASIBLE
E0000 00:00:1785774868.616112  290536 linear_solver.cc:2026] No solution exists. MPSolverInterface::result_status_ = MPSOLVER_INFEASIBLE
E0000 00:00:1785774875.679537  290536 linear_solver.cc:2026] No solution exists. MPSolverInterface::result_status_ = MPSOLVER_INFEASIBLE
E0000 00:00:1785774875.753160  290536 linear_solver.cc:2026] No solution exists. MPSolverInterface::result_status_ = MPSOLVER_INFEASIBLE
E0000 00:00:1785774883.602513  290536 linear_solver.cc:2026] No solution exists. MPSolverInterface::result_status_ = MPSOLVER_INFEASIBLE
E0000 00:00:1785774883.656966  290536 linear_solver.cc:2026] No solution exists. MPSolverInterface::result_status_ = MPSOLVER_INFEASIBLE
E0000 00:00:1785774889.708239  290536 linear_solver.cc:2026] No solution exists. MPSolverInterface::result_status_ = MPSOLVER_INFEASIBLE
E0000 00:00:1785774889.719074  290536 linear_solver.cc:2026] No solution exists. MPSolverInterface::result_status_ = MPSOLVER_INFEASIBLE
E0000 00:00:1785774891.429163  290536 linear_solver.cc:2026] No solution exists. MPSolverInterface::result_status_ = MPSOLVER_INFEASIBLE
E0000 00:00:1785774891.475623  290536 linear_solver.cc:2026] No solution exists. MPSolverInterface::result_status_ = MPSOLVER_INFEASIBLE
E0000 00:00:1785774891.522217  290536 linear_solver.cc:2026] No solution exists. MPSolverInterface::result_status_ = MPSOLVER_INFEASIBLE
E0000 00:00:1785774891.568674  290536 linear_solver.cc:2026] No solution exists. MPSolverInterface::result_status_ = MPSOLVER_INFEASIBLE
E0000 00:00:1785774891.615057  290536 linear_solver.cc:2026] No solution exists. MPSolverInterface::result_status_ = MPSOLVER_INFEASIBLE
E0000 00:00:1785774891.662064  290536 linear_solver.cc:2026] No solution exists. MPSolverInterface::result_status_ = MPSOLVER_INFEASIBLE
E0000 00:00:1785774891.708141  290536 linear_solver.cc:2026] No solution exists. MPSolverInterface::result_status_ = MPSOLVER_INFEASIBLE
E0000 00:00:1785774891.754564  290536 linear_solver.cc:2026] No solution exists. MPSolverInterface::result_status_ = MPSOLVER_INFEASIBLE
E0000 00:00:1785774892.302434  290536 linear_solver.cc:2026] No solution exists. MPSolverInterface::result_status_ = MPSOLVER_INFEASIBLE
E0000 00:00:1785774892.349530  290536 linear_solver.cc:2026] No solution exists. MPSolverInterface::result_status_ = MPSOLVER_INFEASIBLE
E0000 00:00:1785774892.396971  290536 linear_solver.cc:2026] No solution exists. MPSolverInterface::result_status_ = MPSOLVER_INFEASIBLE
E0000 00:00:1785774892.443700  290536 linear_solver.cc:2026] No solution exists. MPSolverInterface::result_status_ = MPSOLVER_INFEASIBLE
E0000 00:00:1785774892.490797  290536 linear_solver.cc:2026] No solution exists. MPSolverInterface::result_status_ = MPSOLVER_INFEASIBLE
E0000 00:00:1785774892.538301  290536 linear_solver.cc:2026] No solution exists. MPSolverInterface::result_status_ = MPSOLVER_INFEASIBLE
E0000 00:00:1785774892.585421  290536 linear_solver.cc:2026] No solution exists. MPSolverInterface::result_status_ = MPSOLVER_INFEASIBLE
E0000 00:00:1785774892.632581  290536 linear_solver.cc:2026] No solution exists. MPSolverInterface::result_status_ = MPSOLVER_INFEASIBLE
E0000 00:00:1785774893.194473  290536 linear_solver.cc:2026] No solution exists. MPSolverInterface::result_status_ = MPSOLVER_INFEASIBLE
E0000 00:00:1785774893.237161  290536 linear_solver.cc:2026] No solution exists. MPSolverInterface::result_status_ = MPSOLVER_INFEASIBLE
E0000 00:00:1785774893.280567  290536 linear_solver.cc:2026] No solution exists. MPSolverInterface::result_status_ = MPSOLVER_INFEASIBLE
E0000 00:00:1785774893.324050  290536 linear_solver.cc:2026] No solution exists. MPSolverInterface::result_status_ = MPSOLVER_INFEASIBLE
E0000 00:00:1785774893.367728  290536 linear_solver.cc:2026] No solution exists. MPSolverInterface::result_status_ = MPSOLVER_INFEASIBLE
E0000 00:00:1785774893.411319  290536 linear_solver.cc:2026] No solution exists. MPSolverInterface::result_status_ = MPSOLVER_INFEASIBLE
E0000 00:00:1785774893.454335  290536 linear_solver.cc:2026] No solution exists. MPSolverInterface::result_status_ = MPSOLVER_INFEASIBLE
E0000 00:00:1785774893.497787  290536 linear_solver.cc:2026] No solution exists. MPSolverInterface::result_status_ = MPSOLVER_INFEASIBLE
E0000 00:00:1785774898.272474  290536 linear_solver.cc:2026] No solution exists. MPSolverInterface::result_status_ = MPSOLVER_INFEASIBLE
E0000 00:00:1785774898.304130  290536 linear_solver.cc:2026] No solution exists. MPSolverInterface::result_status_ = MPSOLVER_INFEASIBLE
E0000 00:00:1785774899.887246  290536 linear_solver.cc:2026] No solution exists. MPSolverInterface::result_status_ = MPSOLVER_INFEASIBLE
E0000 00:00:1785774899.932453  290536 linear_solver.cc:2026] No solution exists. MPSolverInterface::result_status_ = MPSOLVER_INFEASIBLE
E0000 00:00:1785774899.977706  290536 linear_solver.cc:2026] No solution exists. MPSolverInterface::result_status_ = MPSOLVER_INFEASIBLE
E0000 00:00:1785774900.023623  290536 linear_solver.cc:2026] No solution exists. MPSolverInterface::result_status_ = MPSOLVER_INFEASIBLE
E0000 00:00:1785774903.486322  290536 linear_solver.cc:2026] No solution exists. MPSolverInterface::result_status_ = MPSOLVER_INFEASIBLE
E0000 00:00:1785774903.529701  290536 linear_solver.cc:2026] No solution exists. MPSolverInterface::result_status_ = MPSOLVER_INFEASIBLE
E0000 00:00:1785774903.573484  290536 linear_solver.cc:2026] No solution exists. MPSolverInterface::result_status_ = MPSOLVER_INFEASIBLE
E0000 00:00:1785774903.617425  290536 linear_solver.cc:2026] No solution exists. MPSolverInterface::result_status_ = MPSOLVER_INFEASIBLE
E0000 00:00:1785774903.661505  290536 linear_solver.cc:2026] No solution exists. MPSolverInterface::result_status_ = MPSOLVER_INFEASIBLE
E0000 00:00:1785774903.706101  290536 linear_solver.cc:2026] No solution exists. MPSolverInterface::result_status_ = MPSOLVER_INFEASIBLE
E0000 00:00:1785774903.751838  290536 linear_solver.cc:2026] No solution exists. MPSolverInterface::result_status_ = MPSOLVER_INFEASIBLE
E0000 00:00:1785774903.797366  290536 linear_solver.cc:2026] No solution exists. MPSolverInterface::result_status_ = MPSOLVER_INFEASIBLE
E0000 00:00:1785774904.919169  290536 linear_solver.cc:2026] No solution exists. MPSolverInterface::result_status_ = MPSOLVER_INFEASIBLE
E0000 00:00:1785774904.961515  290536 linear_solver.cc:2026] No solution exists. MPSolverInterface::result_status_ = MPSOLVER_INFEASIBLE
E0000 00:00:1785774905.004325  290536 linear_solver.cc:2026] No solution exists. MPSolverInterface::result_status_ = MPSOLVER_INFEASIBLE
E0000 00:00:1785774907.769553  290536 linear_solver.cc:2026] No solution exists. MPSolverInterface::result_status_ = MPSOLVER_INFEASIBLE
E0000 00:00:1785774907.832447  290536 linear_solver.cc:2026] No solution exists. MPSolverInterface::result_status_ = MPSOLVER_INFEASIBLE
E0000 00:00:1785774907.895904  290536 linear_solver.cc:2026] No solution exists. MPSolverInterface::result_status_ = MPSOLVER_INFEASIBLE
E0000 00:00:1785774911.004990  290536 linear_solver.cc:2026] No solution exists. MPSolverInterface::result_status_ = MPSOLVER_INFEASIBLE
E0000 00:00:1785774911.054228  290536 linear_solver.cc:2026] No solution exists. MPSolverInterface::result_status_ = MPSOLVER_INFEASIBLE
E0000 00:00:1785774911.103344  290536 linear_solver.cc:2026] No solution exists. MPSolverInterface::result_status_ = MPSOLVER_INFEASIBLE
E0000 00:00:1785774911.152805  290536 linear_solver.cc:2026] No solution exists. MPSolverInterface::result_status_ = MPSOLVER_INFEASIBLE
E0000 00:00:1785774915.085247  290536 linear_solver.cc:2026] No solution exists. MPSolverInterface::result_status_ = MPSOLVER_INFEASIBLE
E0000 00:00:1785774915.149234  290536 linear_solver.cc:2026] No solution exists. MPSolverInterface::result_status_ = MPSOLVER_INFEASIBLE
E0000 00:00:1785774915.213784  290536 linear_solver.cc:2026] No solution exists. MPSolverInterface::result_status_ = MPSOLVER_INFEASIBLE
E0000 00:00:1785774921.621423  290536 linear_solver.cc:2026] No solution exists. MPSolverInterface::result_status_ = MPSOLVER_INFEASIBLE
E0000 00:00:1785774921.681086  290536 linear_solver.cc:2026] No solution exists. MPSolverInterface::result_status_ = MPSOLVER_INFEASIBLE
E0000 00:00:1785774928.200892  290536 linear_solver.cc:2026] No solution exists. MPSolverInterface::result_status_ = MPSOLVER_INFEASIBLE
E0000 00:00:1785774928.246154  290536 linear_solver.cc:2026] No solution exists. MPSolverInterface::result_status_ = MPSOLVER_INFEASIBLE
E0000 00:00:1785774931.004710  290536 linear_solver.cc:2026] No solution exists. MPSolverInterface::result_status_ = MPSOLVER_INFEASIBLE
E0000 00:00:1785774931.038286  290536 linear_solver.cc:2026] No solution exists. MPSolverInterface::result_status_ = MPSOLVER_INFEASIBLE
E0000 00:00:1785774933.331476  290536 linear_solver.cc:2026] No solution exists. MPSolverInterface::result_status_ = MPSOLVER_INFEASIBLE
E0000 00:00:1785774933.363277  290536 linear_solver.cc:2026] No solution exists. MPSolverInterface::result_status_ = MPSOLVER_INFEASIBLE
E0000 00:00:1785774935.370169  290536 linear_solver.cc:2026] No solution exists. MPSolverInterface::result_status_ = MPSOLVER_INFEASIBLE
E0000 00:00:1785774935.397384  290536 linear_solver.cc:2026] No solution exists. MPSolverInterface::result_status_ = MPSOLVER_INFEASIBLE
E0000 00:00:1785774936.790982  290536 linear_solver.cc:2026] No solution exists. MPSolverInterface::result_status_ = MPSOLVER_INFEASIBLE
E0000 00:00:1785774936.813465  290536 linear_solver.cc:2026] No solution exists. MPSolverInterface::result_status_ = MPSOLVER_INFEASIBLE
E0000 00:00:1785774937.755353  290536 linear_solver.cc:2026] No solution exists. MPSolverInterface::result_status_ = MPSOLVER_INFEASIBLE
E0000 00:00:1785774937.773369  290536 linear_solver.cc:2026] No solution exists. MPSolverInterface::result_status_ = MPSOLVER_INFEASIBLE
E0000 00:00:1785774939.827138  290536 linear_solver.cc:2026] No solution exists. MPSolverInterface::result_status_ = MPSOLVER_INFEASIBLE
E0000 00:00:1785774939.860407  290536 linear_solver.cc:2026] No solution exists. MPSolverInterface::result_status_ = MPSOLVER_INFEASIBLE
E0000 00:00:1785774939.893643  290536 linear_solver.cc:2026] No solution exists. MPSolverInterface::result_status_ = MPSOLVER_INFEASIBLE
E0000 00:00:1785774939.926880  290536 linear_solver.cc:2026] No solution exists. MPSolverInterface::result_status_ = MPSOLVER_INFEASIBLE
E0000 00:00:1785774939.960085  290536 linear_solver.cc:2026] No solution exists. MPSolverInterface::result_status_ = MPSOLVER_INFEASIBLE
E0000 00:00:1785774939.993052  290536 linear_solver.cc:2026] No solution exists. MPSolverInterface::result_status_ = MPSOLVER_INFEASIBLE
E0000 00:00:1785774940.025838  290536 linear_solver.cc:2026] No solution exists. MPSolverInterface::result_status_ = MPSOLVER_INFEASIBLE
E0000 00:00:1785774940.058768  290536 linear_solver.cc:2026] No solution exists. MPSolverInterface::result_status_ = MPSOLVER_INFEASIBLE
E0000 00:00:1785774940.903959  290536 linear_solver.cc:2026] No solution exists. MPSolverInterface::result_status_ = MPSOLVER_INFEASIBLE
E0000 00:00:1785774940.951264  290536 linear_solver.cc:2026] No solution exists. MPSolverInterface::result_status_ = MPSOLVER_INFEASIBLE
E0000 00:00:1785774940.998735  290536 linear_solver.cc:2026] No solution exists. MPSolverInterface::result_status_ = MPSOLVER_INFEASIBLE
E0000 00:00:1785774941.045911  290536 linear_solver.cc:2026] No solution exists. MPSolverInterface::result_status_ = MPSOLVER_INFEASIBLE
E0000 00:00:1785774941.092339  290536 linear_solver.cc:2026] No solution exists. MPSolverInterface::result_status_ = MPSOLVER_INFEASIBLE
E0000 00:00:1785774942.498086  290536 linear_solver.cc:2026] No solution exists. MPSolverInterface::result_status_ = MPSOLVER_INFEASIBLE
E0000 00:00:1785774942.545212  290536 linear_solver.cc:2026] No solution exists. MPSolverInterface::result_status_ = MPSOLVER_INFEASIBLE
E0000 00:00:1785774942.592539  290536 linear_solver.cc:2026] No solution exists. MPSolverInterface::result_status_ = MPSOLVER_INFEASIBLE
E0000 00:00:1785774942.639688  290536 linear_solver.cc:2026] No solution exists. MPSolverInterface::result_status_ = MPSOLVER_INFEASIBLE
E0000 00:00:1785774942.686467  290536 linear_solver.cc:2026] No solution exists. MPSolverInterface::result_status_ = MPSOLVER_INFEASIBLE
E0000 00:00:1785774944.439161  290536 linear_solver.cc:2026] No solution exists. MPSolverInterface::result_status_ = MPSOLVER_INFEASIBLE
E0000 00:00:1785774944.488884  290536 linear_solver.cc:2026] No solution exists. MPSolverInterface::result_status_ = MPSOLVER_INFEASIBLE
E0000 00:00:1785774944.538705  290536 linear_solver.cc:2026] No solution exists. MPSolverInterface::result_status_ = MPSOLVER_INFEASIBLE
E0000 00:00:1785774944.588505  290536 linear_solver.cc:2026] No solution exists. MPSolverInterface::result_status_ = MPSOLVER_INFEASIBLE
E0000 00:00:1785774944.636668  290536 linear_solver.cc:2026] No solution exists. MPSolverInterface::result_status_ = MPSOLVER_INFEASIBLE
E0000 00:00:1785774944.683569  290536 linear_solver.cc:2026] No solution exists. MPSolverInterface::result_status_ = MPSOLVER_INFEASIBLE
E0000 00:00:1785774944.731310  290536 linear_solver.cc:2026] No solution exists. MPSolverInterface::result_status_ = MPSOLVER_INFEASIBLE
E0000 00:00:1785774944.779124  290536 linear_solver.cc:2026] No solution exists. MPSolverInterface::result_status_ = MPSOLVER_INFEASIBLE
E0000 00:00:1785774952.368356  290536 linear_solver.cc:2026] No solution exists. MPSolverInterface::result_status_ = MPSOLVER_INFEASIBLE
E0000 00:00:1785774952.441522  290536 linear_solver.cc:2026] No solution exists. MPSolverInterface::result_status_ = MPSOLVER_INFEASIBLE
E0000 00:00:1785774952.513955  290536 linear_solver.cc:2026] No solution exists. MPSolverInterface::result_status_ = MPSOLVER_INFEASIBLE
E0000 00:00:1785774958.036614  290536 linear_solver.cc:2026] No solution exists. MPSolverInterface::result_status_ = MPSOLVER_INFEASIBLE
E0000 00:00:1785774958.087954  290536 linear_solver.cc:2026] No solution exists. MPSolverInterface::result_status_ = MPSOLVER_INFEASIBLE
E0000 00:00:1785774959.895937  290536 linear_solver.cc:2026] No solution exists. MPSolverInterface::result_status_ = MPSOLVER_INFEASIBLE
E0000 00:00:1785774959.931069  290536 linear_solver.cc:2026] No solution exists. MPSolverInterface::result_status_ = MPSOLVER_INFEASIBLE
E0000 00:00:1785774960.430615  290536 linear_solver.cc:2026] No solution exists. MPSolverInterface::result_status_ = MPSOLVER_INFEASIBLE
E0000 00:00:1785774960.440365  290536 linear_solver.cc:2026] No solution exists. MPSolverInterface::result_status_ = MPSOLVER_INFEASIBLE
E0000 00:00:1785774964.410284  290536 linear_solver.cc:2026] No solution exists. MPSolverInterface::result_status_ = MPSOLVER_INFEASIBLE
E0000 00:00:1785774964.466146  290536 linear_solver.cc:2026] No solution exists. MPSolverInterface::result_status_ = MPSOLVER_INFEASIBLE
E0000 00:00:1785774971.512190  290536 linear_solver.cc:2026] No solution exists. MPSolverInterface::result_status_ = MPSOLVER_INFEASIBLE
E0000 00:00:1785774971.548632  290536 linear_solver.cc:2026] No solution exists. MPSolverInterface::result_status_ = MPSOLVER_INFEASIBLE
E0000 00:00:1785774971.584902  290536 linear_solver.cc:2026] No solution exists. MPSolverInterface::result_status_ = MPSOLVER_INFEASIBLE
E0000 00:00:1785774971.621493  290536 linear_solver.cc:2026] No solution exists. MPSolverInterface::result_status_ = MPSOLVER_INFEASIBLE
E0000 00:00:1785774971.658535  290536 linear_solver.cc:2026] No solution exists. MPSolverInterface::result_status_ = MPSOLVER_INFEASIBLE
E0000 00:00:1785774971.698175  290536 linear_solver.cc:2026] No solution exists. MPSolverInterface::result_status_ = MPSOLVER_INFEASIBLE
E0000 00:00:1785774971.737763  290536 linear_solver.cc:2026] No solution exists. MPSolverInterface::result_status_ = MPSOLVER_INFEASIBLE
E0000 00:00:1785774971.777233  290536 linear_solver.cc:2026] No solution exists. MPSolverInterface::result_status_ = MPSOLVER_INFEASIBLE
E0000 00:00:1785774972.179272  290536 linear_solver.cc:2026] No solution exists. MPSolverInterface::result_status_ = MPSOLVER_INFEASIBLE
E0000 00:00:1785774972.191364  290536 linear_solver.cc:2026] No solution exists. MPSolverInterface::result_status_ = MPSOLVER_INFEASIBLE
E0000 00:00:1785774972.718561  290536 linear_solver.cc:2026] No solution exists. MPSolverInterface::result_status_ = MPSOLVER_INFEASIBLE
E0000 00:00:1785774972.754959  290536 linear_solver.cc:2026] No solution exists. MPSolverInterface::result_status_ = MPSOLVER_INFEASIBLE
E0000 00:00:1785774972.791173  290536 linear_solver.cc:2026] No solution exists. MPSolverInterface::result_status_ = MPSOLVER_INFEASIBLE
E0000 00:00:1785774972.827589  290536 linear_solver.cc:2026] No solution exists. MPSolverInterface::result_status_ = MPSOLVER_INFEASIBLE
E0000 00:00:1785774972.863210  290536 linear_solver.cc:2026] No solution exists. MPSolverInterface::result_status_ = MPSOLVER_INFEASIBLE
E0000 00:00:1785774972.898620  290536 linear_solver.cc:2026] No solution exists. MPSolverInterface::result_status_ = MPSOLVER_INFEASIBLE
E0000 00:00:1785774972.934436  290536 linear_solver.cc:2026] No solution exists. MPSolverInterface::result_status_ = MPSOLVER_INFEASIBLE
E0000 00:00:1785774972.970530  290536 linear_solver.cc:2026] No solution exists. MPSolverInterface::result_status_ = MPSOLVER_INFEASIBLE
E0000 00:00:1785774973.450548  290536 linear_solver.cc:2026] No solution exists. MPSolverInterface::result_status_ = MPSOLVER_INFEASIBLE
E0000 00:00:1785774973.464002  290536 linear_solver.cc:2026] No solution exists. MPSolverInterface::result_status_ = MPSOLVER_INFEASIBLE
E0000 00:00:1785774973.986545  290536 linear_solver.cc:2026] No solution exists. MPSolverInterface::result_status_ = MPSOLVER_INFEASIBLE
E0000 00:00:1785774974.006138  290536 linear_solver.cc:2026] No solution exists. MPSolverInterface::result_status_ = MPSOLVER_INFEASIBLE
E0000 00:00:1785774980.519330  290536 linear_solver.cc:2026] No solution exists. MPSolverInterface::result_status_ = MPSOLVER_INFEASIBLE
E0000 00:00:1785774980.556474  290536 linear_solver.cc:2026] No solution exists. MPSolverInterface::result_status_ = MPSOLVER_INFEASIBLE
E0000 00:00:1785774980.592386  290536 linear_solver.cc:2026] No solution exists. MPSolverInterface::result_status_ = MPSOLVER_INFEASIBLE
E0000 00:00:1785774980.629188  290536 linear_solver.cc:2026] No solution exists. MPSolverInterface::result_status_ = MPSOLVER_INFEASIBLE
E0000 00:00:1785774980.665081  290536 linear_solver.cc:2026] No solution exists. MPSolverInterface::result_status_ = MPSOLVER_INFEASIBLE
E0000 00:00:1785774980.700712  290536 linear_solver.cc:2026] No solution exists. MPSolverInterface::result_status_ = MPSOLVER_INFEASIBLE
E0000 00:00:1785774980.737240  290536 linear_solver.cc:2026] No solution exists. MPSolverInterface::result_status_ = MPSOLVER_INFEASIBLE
E0000 00:00:1785774980.773290  290536 linear_solver.cc:2026] No solution exists. MPSolverInterface::result_status_ = MPSOLVER_INFEASIBLE
E0000 00:00:1785774985.383605  290536 linear_solver.cc:2026] No solution exists. MPSolverInterface::result_status_ = MPSOLVER_INFEASIBLE
E0000 00:00:1785774985.428488  290536 linear_solver.cc:2026] No solution exists. MPSolverInterface::result_status_ = MPSOLVER_INFEASIBLE
E0000 00:00:1785774987.273847  290536 linear_solver.cc:2026] No solution exists. MPSolverInterface::result_status_ = MPSOLVER_INFEASIBLE
E0000 00:00:1785774987.320853  290536 linear_solver.cc:2026] No solution exists. MPSolverInterface::result_status_ = MPSOLVER_INFEASIBLE
E0000 00:00:1785774987.367859  290536 linear_solver.cc:2026] No solution exists. MPSolverInterface::result_status_ = MPSOLVER_INFEASIBLE
E0000 00:00:1785774987.415570  290536 linear_solver.cc:2026] No solution exists. MPSolverInterface::result_status_ = MPSOLVER_INFEASIBLE
E0000 00:00:1785774987.462836  290536 linear_solver.cc:2026] No solution exists. MPSolverInterface::result_status_ = MPSOLVER_INFEASIBLE
E0000 00:00:1785774991.902271  290536 linear_solver.cc:2026] No solution exists. MPSolverInterface::result_status_ = MPSOLVER_INFEASIBLE
E0000 00:00:1785774991.949844  290536 linear_solver.cc:2026] No solution exists. MPSolverInterface::result_status_ = MPSOLVER_INFEASIBLE
E0000 00:00:1785775008.320888  290536 linear_solver.cc:2026] No solution exists. MPSolverInterface::result_status_ = MPSOLVER_INFEASIBLE
E0000 00:00:1785775008.411246  290536 linear_solver.cc:2026] No solution exists. MPSolverInterface::result_status_ = MPSOLVER_INFEASIBLE
E0000 00:00:1785775028.705946  290536 linear_solver.cc:2026] No solution exists. MPSolverInterface::result_status_ = MPSOLVER_INFEASIBLE
E0000 00:00:1785775028.780307  290536 linear_solver.cc:2026] No solution exists. MPSolverInterface::result_status_ = MPSOLVER_INFEASIBLE
E0000 00:00:1785775035.371841  290536 linear_solver.cc:2026] No solution exists. MPSolverInterface::result_status_ = MPSOLVER_INFEASIBLE
E0000 00:00:1785775035.415383  290536 linear_solver.cc:2026] No solution exists. MPSolverInterface::result_status_ = MPSOLVER_INFEASIBLE
E0000 00:00:1785775047.572155  290536 linear_solver.cc:2026] No solution exists. MPSolverInterface::result_status_ = MPSOLVER_INFEASIBLE
E0000 00:00:1785775047.646970  290536 linear_solver.cc:2026] No solution exists. MPSolverInterface::result_status_ = MPSOLVER_INFEASIBLE
E0000 00:00:1785775060.650542  290536 linear_solver.cc:2026] No solution exists. MPSolverInterface::result_status_ = MPSOLVER_INFEASIBLE
E0000 00:00:1785775060.683369  290536 linear_solver.cc:2026] No solution exists. MPSolverInterface::result_status_ = MPSOLVER_INFEASIBLE
E0000 00:00:1785775060.715551  290536 linear_solver.cc:2026] No solution exists. MPSolverInterface::result_status_ = MPSOLVER_INFEASIBLE
E0000 00:00:1785775060.748103  290536 linear_solver.cc:2026] No solution exists. MPSolverInterface::result_status_ = MPSOLVER_INFEASIBLE
E0000 00:00:1785775060.780030  290536 linear_solver.cc:2026] No solution exists. MPSolverInterface::result_status_ = MPSOLVER_INFEASIBLE
E0000 00:00:1785775060.811434  290536 linear_solver.cc:2026] No solution exists. MPSolverInterface::result_status_ = MPSOLVER_INFEASIBLE
E0000 00:00:1785775060.843126  290536 linear_solver.cc:2026] No solution exists. MPSolverInterface::result_status_ = MPSOLVER_INFEASIBLE
E0000 00:00:1785775060.874664  290536 linear_solver.cc:2026] No solution exists. MPSolverInterface::result_status_ = MPSOLVER_INFEASIBLE
E0000 00:00:1785775061.325151  290536 linear_solver.cc:2026] No solution exists. MPSolverInterface::result_status_ = MPSOLVER_INFEASIBLE
E0000 00:00:1785775061.360724  290536 linear_solver.cc:2026] No solution exists. MPSolverInterface::result_status_ = MPSOLVER_INFEASIBLE
E0000 00:00:1785775061.396057  290536 linear_solver.cc:2026] No solution exists. MPSolverInterface::result_status_ = MPSOLVER_INFEASIBLE
E0000 00:00:1785775061.431304  290536 linear_solver.cc:2026] No solution exists. MPSolverInterface::result_status_ = MPSOLVER_INFEASIBLE
E0000 00:00:1785775061.466490  290536 linear_solver.cc:2026] No solution exists. MPSolverInterface::result_status_ = MPSOLVER_INFEASIBLE
E0000 00:00:1785775061.501497  290536 linear_solver.cc:2026] No solution exists. MPSolverInterface::result_status_ = MPSOLVER_INFEASIBLE
E0000 00:00:1785775061.536385  290536 linear_solver.cc:2026] No solution exists. MPSolverInterface::result_status_ = MPSOLVER_INFEASIBLE
E0000 00:00:1785775061.573423  290536 linear_solver.cc:2026] No solution exists. MPSolverInterface::result_status_ = MPSOLVER_INFEASIBLE
E0000 00:00:1785775063.151179  290536 linear_solver.cc:2026] No solution exists. MPSolverInterface::result_status_ = MPSOLVER_INFEASIBLE
E0000 00:00:1785775063.162691  290536 linear_solver.cc:2026] No solution exists. MPSolverInterface::result_status_ = MPSOLVER_INFEASIBLE
E0000 00:00:1785775064.332573  290536 linear_solver.cc:2026] No solution exists. MPSolverInterface::result_status_ = MPSOLVER_INFEASIBLE
E0000 00:00:1785775064.379906  290536 linear_solver.cc:2026] No solution exists. MPSolverInterface::result_status_ = MPSOLVER_INFEASIBLE
E0000 00:00:1785775064.425016  290536 linear_solver.cc:2026] No solution exists. MPSolverInterface::result_status_ = MPSOLVER_INFEASIBLE
E0000 00:00:1785775064.469563  290536 linear_solver.cc:2026] No solution exists. MPSolverInterface::result_status_ = MPSOLVER_INFEASIBLE
E0000 00:00:1785775064.513844  290536 linear_solver.cc:2026] No solution exists. MPSolverInterface::result_status_ = MPSOLVER_INFEASIBLE
E0000 00:00:1785775064.558968  290536 linear_solver.cc:2026] No solution exists. MPSolverInterface::result_status_ = MPSOLVER_INFEASIBLE
E0000 00:00:1785775064.604017  290536 linear_solver.cc:2026] No solution exists. MPSolverInterface::result_status_ = MPSOLVER_INFEASIBLE
E0000 00:00:1785775064.649077  290536 linear_solver.cc:2026] No solution exists. MPSolverInterface::result_status_ = MPSOLVER_INFEASIBLE
E0000 00:00:1785775069.043021  290536 linear_solver.cc:2026] No solution exists. MPSolverInterface::result_status_ = MPSOLVER_INFEASIBLE
E0000 00:00:1785775069.095907  290536 linear_solver.cc:2026] No solution exists. MPSolverInterface::result_status_ = MPSOLVER_INFEASIBLE
E0000 00:00:1785775072.228653  290536 linear_solver.cc:2026] No solution exists. MPSolverInterface::result_status_ = MPSOLVER_INFEASIBLE
E0000 00:00:1785775072.239756  290536 linear_solver.cc:2026] No solution exists. MPSolverInterface::result_status_ = MPSOLVER_INFEASIBLE
E0000 00:00:1785775072.250753  290536 linear_solver.cc:2026] No solution exists. MPSolverInterface::result_status_ = MPSOLVER_INFEASIBLE
E0000 00:00:1785775072.261764  290536 linear_solver.cc:2026] No solution exists. MPSolverInterface::result_status_ = MPSOLVER_INFEASIBLE
E0000 00:00:1785775072.273078  290536 linear_solver.cc:2026] No solution exists. MPSolverInterface::result_status_ = MPSOLVER_INFEASIBLE
E0000 00:00:1785775072.284435  290536 linear_solver.cc:2026] No solution exists. MPSolverInterface::result_status_ = MPSOLVER_INFEASIBLE
E0000 00:00:1785775072.295661  290536 linear_solver.cc:2026] No solution exists. MPSolverInterface::result_status_ = MPSOLVER_INFEASIBLE
E0000 00:00:1785775072.306793  290536 linear_solver.cc:2026] No solution exists. MPSolverInterface::result_status_ = MPSOLVER_INFEASIBLE
E0000 00:00:1785775072.439123  290536 linear_solver.cc:2026] No solution exists. MPSolverInterface::result_status_ = MPSOLVER_INFEASIBLE
E0000 00:00:1785775072.451471  290536 linear_solver.cc:2026] No solution exists. MPSolverInterface::result_status_ = MPSOLVER_INFEASIBLE
E0000 00:00:1785775072.464312  290536 linear_solver.cc:2026] No solution exists. MPSolverInterface::result_status_ = MPSOLVER_INFEASIBLE
E0000 00:00:1785775072.476382  290536 linear_solver.cc:2026] No solution exists. MPSolverInterface::result_status_ = MPSOLVER_INFEASIBLE
E0000 00:00:1785775072.487997  290536 linear_solver.cc:2026] No solution exists. MPSolverInterface::result_status_ = MPSOLVER_INFEASIBLE
E0000 00:00:1785775072.499469  290536 linear_solver.cc:2026] No solution exists. MPSolverInterface::result_status_ = MPSOLVER_INFEASIBLE
E0000 00:00:1785775072.510793  290536 linear_solver.cc:2026] No solution exists. MPSolverInterface::result_status_ = MPSOLVER_INFEASIBLE
E0000 00:00:1785775072.522501  290536 linear_solver.cc:2026] No solution exists. MPSolverInterface::result_status_ = MPSOLVER_INFEASIBLE
E0000 00:00:1785775072.825552  290536 linear_solver.cc:2026] No solution exists. MPSolverInterface::result_status_ = MPSOLVER_INFEASIBLE
E0000 00:00:1785775072.870544  290536 linear_solver.cc:2026] No solution exists. MPSolverInterface::result_status_ = MPSOLVER_INFEASIBLE
E0000 00:00:1785775072.915775  290536 linear_solver.cc:2026] No solution exists. MPSolverInterface::result_status_ = MPSOLVER_INFEASIBLE
E0000 00:00:1785775072.960810  290536 linear_solver.cc:2026] No solution exists. MPSolverInterface::result_status_ = MPSOLVER_INFEASIBLE
E0000 00:00:1785775073.006165  290536 linear_solver.cc:2026] No solution exists. MPSolverInterface::result_status_ = MPSOLVER_INFEASIBLE
E0000 00:00:1785775073.051460  290536 linear_solver.cc:2026] No solution exists. MPSolverInterface::result_status_ = MPSOLVER_INFEASIBLE
E0000 00:00:1785775073.096317  290536 linear_solver.cc:2026] No solution exists. MPSolverInterface::result_status_ = MPSOLVER_INFEASIBLE
E0000 00:00:1785775073.140996  290536 linear_solver.cc:2026] No solution exists. MPSolverInterface::result_status_ = MPSOLVER_INFEASIBLE
E0000 00:00:1785775073.693529  290536 linear_solver.cc:2026] No solution exists. MPSolverInterface::result_status_ = MPSOLVER_INFEASIBLE
E0000 00:00:1785775073.734787  290536 linear_solver.cc:2026] No solution exists. MPSolverInterface::result_status_ = MPSOLVER_INFEASIBLE
E0000 00:00:1785775073.775860  290536 linear_solver.cc:2026] No solution exists. MPSolverInterface::result_status_ = MPSOLVER_INFEASIBLE
E0000 00:00:1785775073.817137  290536 linear_solver.cc:2026] No solution exists. MPSolverInterface::result_status_ = MPSOLVER_INFEASIBLE
E0000 00:00:1785775073.857987  290536 linear_solver.cc:2026] No solution exists. MPSolverInterface::result_status_ = MPSOLVER_INFEASIBLE
E0000 00:00:1785775073.898783  290536 linear_solver.cc:2026] No solution exists. MPSolverInterface::result_status_ = MPSOLVER_INFEASIBLE
E0000 00:00:1785775073.939207  290536 linear_solver.cc:2026] No solution exists. MPSolverInterface::result_status_ = MPSOLVER_INFEASIBLE
E0000 00:00:1785775073.981460  290536 linear_solver.cc:2026] No solution exists. MPSolverInterface::result_status_ = MPSOLVER_INFEASIBLE
E0000 00:00:1785775077.182751  290536 linear_solver.cc:2026] No solution exists. MPSolverInterface::result_status_ = MPSOLVER_INFEASIBLE
E0000 00:00:1785775077.199131  290536 linear_solver.cc:2026] No solution exists. MPSolverInterface::result_status_ = MPSOLVER_INFEASIBLE
E0000 00:00:1785775077.534718  290536 linear_solver.cc:2026] No solution exists. MPSolverInterface::result_status_ = MPSOLVER_INFEASIBLE
E0000 00:00:1785775077.549639  290536 linear_solver.cc:2026] No solution exists. MPSolverInterface::result_status_ = MPSOLVER_INFEASIBLE
E0000 00:00:1785775077.994877  290536 linear_solver.cc:2026] No solution exists. MPSolverInterface::result_status_ = MPSOLVER_INFEASIBLE
E0000 00:00:1785775078.025489  290536 linear_solver.cc:2026] No solution exists. MPSolverInterface::result_status_ = MPSOLVER_INFEASIBLE
E0000 00:00:1785775078.054498  290536 linear_solver.cc:2026] No solution exists. MPSolverInterface::result_status_ = MPSOLVER_INFEASIBLE
E0000 00:00:1785775078.082746  290536 linear_solver.cc:2026] No solution exists. MPSolverInterface::result_status_ = MPSOLVER_INFEASIBLE
E0000 00:00:1785775078.111413  290536 linear_solver.cc:2026] No solution exists. MPSolverInterface::result_status_ = MPSOLVER_INFEASIBLE
E0000 00:00:1785775078.139514  290536 linear_solver.cc:2026] No solution exists. MPSolverInterface::result_status_ = MPSOLVER_INFEASIBLE
E0000 00:00:1785775078.167584  290536 linear_solver.cc:2026] No solution exists. MPSolverInterface::result_status_ = MPSOLVER_INFEASIBLE
E0000 00:00:1785775078.195867  290536 linear_solver.cc:2026] No solution exists. MPSolverInterface::result_status_ = MPSOLVER_INFEASIBLE
E0000 00:00:1785775082.554414  290536 linear_solver.cc:2026] No solution exists. MPSolverInterface::result_status_ = MPSOLVER_INFEASIBLE
E0000 00:00:1785775082.603718  290536 linear_solver.cc:2026] No solution exists. MPSolverInterface::result_status_ = MPSOLVER_INFEASIBLE
E0000 00:00:1785775082.653333  290536 linear_solver.cc:2026] No solution exists. MPSolverInterface::result_status_ = MPSOLVER_INFEASIBLE
E0000 00:00:1785775082.703195  290536 linear_solver.cc:2026] No solution exists. MPSolverInterface::result_status_ = MPSOLVER_INFEASIBLE
E0000 00:00:1785775082.752983  290536 linear_solver.cc:2026] No solution exists. MPSolverInterface::result_status_ = MPSOLVER_INFEASIBLE
E0000 00:00:1785775082.802170  290536 linear_solver.cc:2026] No solution exists. MPSolverInterface::result_status_ = MPSOLVER_INFEASIBLE
E0000 00:00:1785775082.851290  290536 linear_solver.cc:2026] No solution exists. MPSolverInterface::result_status_ = MPSOLVER_INFEASIBLE
E0000 00:00:1785775082.900501  290536 linear_solver.cc:2026] No solution exists. MPSolverInterface::result_status_ = MPSOLVER_INFEASIBLE
E0000 00:00:1785775090.455776  290536 linear_solver.cc:2026] No solution exists. MPSolverInterface::result_status_ = MPSOLVER_INFEASIBLE
E0000 00:00:1785775090.479806  290536 linear_solver.cc:2026] No solution exists. MPSolverInterface::result_status_ = MPSOLVER_INFEASIBLE
E0000 00:00:1785775091.523404  290536 linear_solver.cc:2026] No solution exists. MPSolverInterface::result_status_ = MPSOLVER_INFEASIBLE
E0000 00:00:1785775091.573099  290536 linear_solver.cc:2026] No solution exists. MPSolverInterface::result_status_ = MPSOLVER_INFEASIBLE
E0000 00:00:1785775091.622406  290536 linear_solver.cc:2026] No solution exists. MPSolverInterface::result_status_ = MPSOLVER_INFEASIBLE
E0000 00:00:1785775091.670038  290536 linear_solver.cc:2026] No solution exists. MPSolverInterface::result_status_ = MPSOLVER_INFEASIBLE
E0000 00:00:1785775091.716710  290536 linear_solver.cc:2026] No solution exists. MPSolverInterface::result_status_ = MPSOLVER_INFEASIBLE
E0000 00:00:1785775091.763717  290536 linear_solver.cc:2026] No solution exists. MPSolverInterface::result_status_ = MPSOLVER_INFEASIBLE
E0000 00:00:1785775091.810875  290536 linear_solver.cc:2026] No solution exists. MPSolverInterface::result_status_ = MPSOLVER_INFEASIBLE
E0000 00:00:1785775091.858857  290536 linear_solver.cc:2026] No solution exists. MPSolverInterface::result_status_ = MPSOLVER_INFEASIBLE
E0000 00:00:1785775099.243504  290536 linear_solver.cc:2026] No solution exists. MPSolverInterface::result_status_ = MPSOLVER_INFEASIBLE
E0000 00:00:1785775099.299542  290536 linear_solver.cc:2026] No solution exists. MPSolverInterface::result_status_ = MPSOLVER_INFEASIBLE
E0000 00:00:1785775113.064722  290536 linear_solver.cc:2026] No solution exists. MPSolverInterface::result_status_ = MPSOLVER_INFEASIBLE
E0000 00:00:1785775113.125741  290536 linear_solver.cc:2026] No solution exists. MPSolverInterface::result_status_ = MPSOLVER_INFEASIBLE
E0000 00:00:1785775126.750335  290536 linear_solver.cc:2026] No solution exists. MPSolverInterface::result_status_ = MPSOLVER_INFEASIBLE
E0000 00:00:1785775126.808028  290536 linear_solver.cc:2026] No solution exists. MPSolverInterface::result_status_ = MPSOLVER_INFEASIBLE
E0000 00:00:1785775126.865769  290536 linear_solver.cc:2026] No solution exists. MPSolverInterface::result_status_ = MPSOLVER_INFEASIBLE
E0000 00:00:1785775126.923927  290536 linear_solver.cc:2026] No solution exists. MPSolverInterface::result_status_ = MPSOLVER_INFEASIBLE
E0000 00:00:1785775130.572192  290536 linear_solver.cc:2026] No solution exists. MPSolverInterface::result_status_ = MPSOLVER_INFEASIBLE
E0000 00:00:1785775130.624658  290536 linear_solver.cc:2026] No solution exists. MPSolverInterface::result_status_ = MPSOLVER_INFEASIBLE
E0000 00:00:1785775130.677493  290536 linear_solver.cc:2026] No solution exists. MPSolverInterface::result_status_ = MPSOLVER_INFEASIBLE
E0000 00:00:1785775130.729510  290536 linear_solver.cc:2026] No solution exists. MPSolverInterface::result_status_ = MPSOLVER_INFEASIBLE
E0000 00:00:1785775133.674191  290536 linear_solver.cc:2026] No solution exists. MPSolverInterface::result_status_ = MPSOLVER_INFEASIBLE
E0000 00:00:1785775133.731896  290536 linear_solver.cc:2026] No solution exists. MPSolverInterface::result_status_ = MPSOLVER_INFEASIBLE
E0000 00:00:1785775133.790235  290536 linear_solver.cc:2026] No solution exists. MPSolverInterface::result_status_ = MPSOLVER_INFEASIBLE
E0000 00:00:1785775137.190634  290536 linear_solver.cc:2026] No solution exists. MPSolverInterface::result_status_ = MPSOLVER_INFEASIBLE
E0000 00:00:1785775137.245915  290536 linear_solver.cc:2026] No solution exists. MPSolverInterface::result_status_ = MPSOLVER_INFEASIBLE
E0000 00:00:1785775139.836783  290536 linear_solver.cc:2026] No solution exists. MPSolverInterface::result_status_ = MPSOLVER_INFEASIBLE
E0000 00:00:1785775139.881966  290536 linear_solver.cc:2026] No solution exists. MPSolverInterface::result_status_ = MPSOLVER_INFEASIBLE
E0000 00:00:1785775139.927510  290536 linear_solver.cc:2026] No solution exists. MPSolverInterface::result_status_ = MPSOLVER_INFEASIBLE
E0000 00:00:1785775139.972573  290536 linear_solver.cc:2026] No solution exists. MPSolverInterface::result_status_ = MPSOLVER_INFEASIBLE
E0000 00:00:1785775140.017486  290536 linear_solver.cc:2026] No solution exists. MPSolverInterface::result_status_ = MPSOLVER_INFEASIBLE
E0000 00:00:1785775140.062363  290536 linear_solver.cc:2026] No solution exists. MPSolverInterface::result_status_ = MPSOLVER_INFEASIBLE
E0000 00:00:1785775140.107401  290536 linear_solver.cc:2026] No solution exists. MPSolverInterface::result_status_ = MPSOLVER_INFEASIBLE
E0000 00:00:1785775140.152351  290536 linear_solver.cc:2026] No solution exists. MPSolverInterface::result_status_ = MPSOLVER_INFEASIBLE
E0000 00:00:1785775147.244399  290536 linear_solver.cc:2026] No solution exists. MPSolverInterface::result_status_ = MPSOLVER_INFEASIBLE
E0000 00:00:1785775147.311331  290536 linear_solver.cc:2026] No solution exists. MPSolverInterface::result_status_ = MPSOLVER_INFEASIBLE
E0000 00:00:1785775154.152444  290536 linear_solver.cc:2026] No solution exists. MPSolverInterface::result_status_ = MPSOLVER_INFEASIBLE
E0000 00:00:1785775154.183763  290536 linear_solver.cc:2026] No solution exists. MPSolverInterface::result_status_ = MPSOLVER_INFEASIBLE
E0000 00:00:1785775160.241041  290536 linear_solver.cc:2026] No solution exists. MPSolverInterface::result_status_ = MPSOLVER_INFEASIBLE
E0000 00:00:1785775160.305777  290536 linear_solver.cc:2026] No solution exists. MPSolverInterface::result_status_ = MPSOLVER_INFEASIBLE
E0000 00:00:1785775170.330834  290536 linear_solver.cc:2026] No solution exists. MPSolverInterface::result_status_ = MPSOLVER_INFEASIBLE
E0000 00:00:1785775170.380371  290536 linear_solver.cc:2026] No solution exists. MPSolverInterface::result_status_ = MPSOLVER_INFEASIBLE
E0000 00:00:1785775170.430377  290536 linear_solver.cc:2026] No solution exists. MPSolverInterface::result_status_ = MPSOLVER_INFEASIBLE
E0000 00:00:1785775170.481034  290536 linear_solver.cc:2026] No solution exists. MPSolverInterface::result_status_ = MPSOLVER_INFEASIBLE
E0000 00:00:1785775170.534451  290536 linear_solver.cc:2026] No solution exists. MPSolverInterface::result_status_ = MPSOLVER_INFEASIBLE
E0000 00:00:1785775170.586972  290536 linear_solver.cc:2026] No solution exists. MPSolverInterface::result_status_ = MPSOLVER_INFEASIBLE
E0000 00:00:1785775170.638389  290536 linear_solver.cc:2026] No solution exists. MPSolverInterface::result_status_ = MPSOLVER_INFEASIBLE
E0000 00:00:1785775170.688096  290536 linear_solver.cc:2026] No solution exists. MPSolverInterface::result_status_ = MPSOLVER_INFEASIBLE
E0000 00:00:1785775172.657979  290536 linear_solver.cc:2026] No solution exists. MPSolverInterface::result_status_ = MPSOLVER_INFEASIBLE
E0000 00:00:1785775172.707759  290536 linear_solver.cc:2026] No solution exists. MPSolverInterface::result_status_ = MPSOLVER_INFEASIBLE
E0000 00:00:1785775172.756942  290536 linear_solver.cc:2026] No solution exists. MPSolverInterface::result_status_ = MPSOLVER_INFEASIBLE
E0000 00:00:1785775172.806237  290536 linear_solver.cc:2026] No solution exists. MPSolverInterface::result_status_ = MPSOLVER_INFEASIBLE
E0000 00:00:1785775172.855655  290536 linear_solver.cc:2026] No solution exists. MPSolverInterface::result_status_ = MPSOLVER_INFEASIBLE
E0000 00:00:1785775172.904618  290536 linear_solver.cc:2026] No solution exists. MPSolverInterface::result_status_ = MPSOLVER_INFEASIBLE
E0000 00:00:1785775172.954203  290536 linear_solver.cc:2026] No solution exists. MPSolverInterface::result_status_ = MPSOLVER_INFEASIBLE
E0000 00:00:1785775173.003415  290536 linear_solver.cc:2026] No solution exists. MPSolverInterface::result_status_ = MPSOLVER_INFEASIBLE
E0000 00:00:1785775177.426571  290536 linear_solver.cc:2026] No solution exists. MPSolverInterface::result_status_ = MPSOLVER_INFEASIBLE
E0000 00:00:1785775177.477323  290536 linear_solver.cc:2026] No solution exists. MPSolverInterface::result_status_ = MPSOLVER_INFEASIBLE
E0000 00:00:1785775177.528455  290536 linear_solver.cc:2026] No solution exists. MPSolverInterface::result_status_ = MPSOLVER_INFEASIBLE
E0000 00:00:1785775177.579522  290536 linear_solver.cc:2026] No solution exists. MPSolverInterface::result_status_ = MPSOLVER_INFEASIBLE
E0000 00:00:1785775177.630249  290536 linear_solver.cc:2026] No solution exists. MPSolverInterface::result_status_ = MPSOLVER_INFEASIBLE
E0000 00:00:1785775177.680151  290536 linear_solver.cc:2026] No solution exists. MPSolverInterface::result_status_ = MPSOLVER_INFEASIBLE
E0000 00:00:1785775177.730685  290536 linear_solver.cc:2026] No solution exists. MPSolverInterface::result_status_ = MPSOLVER_INFEASIBLE
E0000 00:00:1785775177.781245  290536 linear_solver.cc:2026] No solution exists. MPSolverInterface::result_status_ = MPSOLVER_INFEASIBLE
E0000 00:00:1785775187.112674  290536 linear_solver.cc:2026] No solution exists. MPSolverInterface::result_status_ = MPSOLVER_INFEASIBLE
E0000 00:00:1785775187.182238  290536 linear_solver.cc:2026] No solution exists. MPSolverInterface::result_status_ = MPSOLVER_INFEASIBLE
E0000 00:00:1785775197.850152  290536 linear_solver.cc:2026] No solution exists. MPSolverInterface::result_status_ = MPSOLVER_INFEASIBLE
E0000 00:00:1785775197.862207  290536 linear_solver.cc:2026] No solution exists. MPSolverInterface::result_status_ = MPSOLVER_INFEASIBLE
E0000 00:00:1785775198.459077  290536 linear_solver.cc:2026] No solution exists. MPSolverInterface::result_status_ = MPSOLVER_INFEASIBLE
E0000 00:00:1785775198.509566  290536 linear_solver.cc:2026] No solution exists. MPSolverInterface::result_status_ = MPSOLVER_INFEASIBLE
E0000 00:00:1785775198.559759  290536 linear_solver.cc:2026] No solution exists. MPSolverInterface::result_status_ = MPSOLVER_INFEASIBLE
E0000 00:00:1785775198.610482  290536 linear_solver.cc:2026] No solution exists. MPSolverInterface::result_status_ = MPSOLVER_INFEASIBLE
E0000 00:00:1785775198.660917  290536 linear_solver.cc:2026] No solution exists. MPSolverInterface::result_status_ = MPSOLVER_INFEASIBLE
E0000 00:00:1785775198.712681  290536 linear_solver.cc:2026] No solution exists. MPSolverInterface::result_status_ = MPSOLVER_INFEASIBLE
E0000 00:00:1785775198.763544  290536 linear_solver.cc:2026] No solution exists. MPSolverInterface::result_status_ = MPSOLVER_INFEASIBLE
E0000 00:00:1785775198.814183  290536 linear_solver.cc:2026] No solution exists. MPSolverInterface::result_status_ = MPSOLVER_INFEASIBLE
E0000 00:00:1785775201.458164  290536 linear_solver.cc:2026] No solution exists. MPSolverInterface::result_status_ = MPSOLVER_INFEASIBLE
E0000 00:00:1785775201.504925  290536 linear_solver.cc:2026] No solution exists. MPSolverInterface::result_status_ = MPSOLVER_INFEASIBLE
E0000 00:00:1785775201.552688  290536 linear_solver.cc:2026] No solution exists. MPSolverInterface::result_status_ = MPSOLVER_INFEASIBLE
E0000 00:00:1785775201.599281  290536 linear_solver.cc:2026] No solution exists. MPSolverInterface::result_status_ = MPSOLVER_INFEASIBLE
E0000 00:00:1785775201.645748  290536 linear_solver.cc:2026] No solution exists. MPSolverInterface::result_status_ = MPSOLVER_INFEASIBLE
E0000 00:00:1785775201.692330  290536 linear_solver.cc:2026] No solution exists. MPSolverInterface::result_status_ = MPSOLVER_INFEASIBLE
E0000 00:00:1785775201.739168  290536 linear_solver.cc:2026] No solution exists. MPSolverInterface::result_status_ = MPSOLVER_INFEASIBLE
E0000 00:00:1785775201.785477  290536 linear_solver.cc:2026] No solution exists. MPSolverInterface::result_status_ = MPSOLVER_INFEASIBLE
E0000 00:00:1785775202.368324  290536 linear_solver.cc:2026] No solution exists. MPSolverInterface::result_status_ = MPSOLVER_INFEASIBLE
E0000 00:00:1785775202.418549  290536 linear_solver.cc:2026] No solution exists. MPSolverInterface::result_status_ = MPSOLVER_INFEASIBLE
E0000 00:00:1785775202.469739  290536 linear_solver.cc:2026] No solution exists. MPSolverInterface::result_status_ = MPSOLVER_INFEASIBLE
E0000 00:00:1785775202.520777  290536 linear_solver.cc:2026] No solution exists. MPSolverInterface::result_status_ = MPSOLVER_INFEASIBLE
E0000 00:00:1785775202.571592  290536 linear_solver.cc:2026] No solution exists. MPSolverInterface::result_status_ = MPSOLVER_INFEASIBLE
E0000 00:00:1785775202.622896  290536 linear_solver.cc:2026] No solution exists. MPSolverInterface::result_status_ = MPSOLVER_INFEASIBLE
E0000 00:00:1785775202.673606  290536 linear_solver.cc:2026] No solution exists. MPSolverInterface::result_status_ = MPSOLVER_INFEASIBLE
E0000 00:00:1785775202.724240  290536 linear_solver.cc:2026] No solution exists. MPSolverInterface::result_status_ = MPSOLVER_INFEASIBLE
E0000 00:00:1785775203.334354  290536 linear_solver.cc:2026] No solution exists. MPSolverInterface::result_status_ = MPSOLVER_INFEASIBLE
E0000 00:00:1785775203.383863  290536 linear_solver.cc:2026] No solution exists. MPSolverInterface::result_status_ = MPSOLVER_INFEASIBLE
E0000 00:00:1785775203.431869  290536 linear_solver.cc:2026] No solution exists. MPSolverInterface::result_status_ = MPSOLVER_INFEASIBLE
E0000 00:00:1785775203.480042  290536 linear_solver.cc:2026] No solution exists. MPSolverInterface::result_status_ = MPSOLVER_INFEASIBLE
E0000 00:00:1785775203.528464  290536 linear_solver.cc:2026] No solution exists. MPSolverInterface::result_status_ = MPSOLVER_INFEASIBLE
E0000 00:00:1785775203.576306  290536 linear_solver.cc:2026] No solution exists. MPSolverInterface::result_status_ = MPSOLVER_INFEASIBLE
E0000 00:00:1785775203.623796  290536 linear_solver.cc:2026] No solution exists. MPSolverInterface::result_status_ = MPSOLVER_INFEASIBLE
E0000 00:00:1785775203.670793  290536 linear_solver.cc:2026] No solution exists. MPSolverInterface::result_status_ = MPSOLVER_INFEASIBLE
E0000 00:00:1785775207.304914  290536 linear_solver.cc:2026] No solution exists. MPSolverInterface::result_status_ = MPSOLVER_INFEASIBLE
E0000 00:00:1785775207.337661  290536 linear_solver.cc:2026] No solution exists. MPSolverInterface::result_status_ = MPSOLVER_INFEASIBLE
E0000 00:00:1785775210.317783  290536 linear_solver.cc:2026] No solution exists. MPSolverInterface::result_status_ = MPSOLVER_INFEASIBLE
E0000 00:00:1785775210.375038  290536 linear_solver.cc:2026] No solution exists. MPSolverInterface::result_status_ = MPSOLVER_INFEASIBLE
E0000 00:00:1785775210.431927  290536 linear_solver.cc:2026] No solution exists. MPSolverInterface::result_status_ = MPSOLVER_INFEASIBLE
E0000 00:00:1785775210.488320  290536 linear_solver.cc:2026] No solution exists. MPSolverInterface::result_status_ = MPSOLVER_INFEASIBLE
E0000 00:00:1785775212.437021  290536 linear_solver.cc:2026] No solution exists. MPSolverInterface::result_status_ = MPSOLVER_INFEASIBLE
E0000 00:00:1785775212.468367  290536 linear_solver.cc:2026] No solution exists. MPSolverInterface::result_status_ = MPSOLVER_INFEASIBLE
E0000 00:00:1785775216.796117  290536 linear_solver.cc:2026] No solution exists. MPSolverInterface::result_status_ = MPSOLVER_INFEASIBLE
E0000 00:00:1785775216.823024  290536 linear_solver.cc:2026] No solution exists. MPSolverInterface::result_status_ = MPSOLVER_INFEASIBLE
E0000 00:00:1785775220.619205  290536 linear_solver.cc:2026] No solution exists. MPSolverInterface::result_status_ = MPSOLVER_INFEASIBLE
E0000 00:00:1785775220.676137  290536 linear_solver.cc:2026] No solution exists. MPSolverInterface::result_status_ = MPSOLVER_INFEASIBLE
E0000 00:00:1785775223.506123  290536 linear_solver.cc:2026] No solution exists. MPSolverInterface::result_status_ = MPSOLVER_INFEASIBLE
E0000 00:00:1785775223.553056  290536 linear_solver.cc:2026] No solution exists. MPSolverInterface::result_status_ = MPSOLVER_INFEASIBLE
E0000 00:00:1785775223.600356  290536 linear_solver.cc:2026] No solution exists. MPSolverInterface::result_status_ = MPSOLVER_INFEASIBLE
E0000 00:00:1785775223.647534  290536 linear_solver.cc:2026] No solution exists. MPSolverInterface::result_status_ = MPSOLVER_INFEASIBLE
E0000 00:00:1785775224.726286  290536 linear_solver.cc:2026] No solution exists. MPSolverInterface::result_status_ = MPSOLVER_INFEASIBLE
E0000 00:00:1785775224.782185  290536 linear_solver.cc:2026] No solution exists. MPSolverInterface::result_status_ = MPSOLVER_INFEASIBLE
E0000 00:00:1785775224.838721  290536 linear_solver.cc:2026] No solution exists. MPSolverInterface::result_status_ = MPSOLVER_INFEASIBLE
E0000 00:00:1785775224.894255  290536 linear_solver.cc:2026] No solution exists. MPSolverInterface::result_status_ = MPSOLVER_INFEASIBLE
E0000 00:00:1785775224.950427  290536 linear_solver.cc:2026] No solution exists. MPSolverInterface::result_status_ = MPSOLVER_INFEASIBLE
E0000 00:00:1785775225.007208  290536 linear_solver.cc:2026] No solution exists. MPSolverInterface::result_status_ = MPSOLVER_INFEASIBLE
E0000 00:00:1785775225.271605  290536 linear_solver.cc:2026] No solution exists. MPSolverInterface::result_status_ = MPSOLVER_INFEASIBLE
E0000 00:00:1785775225.328691  290536 linear_solver.cc:2026] No solution exists. MPSolverInterface::result_status_ = MPSOLVER_INFEASIBLE
E0000 00:00:1785775225.956389  290536 linear_solver.cc:2026] No solution exists. MPSolverInterface::result_status_ = MPSOLVER_INFEASIBLE
E0000 00:00:1785775226.000980  290536 linear_solver.cc:2026] No solution exists. MPSolverInterface::result_status_ = MPSOLVER_INFEASIBLE
E0000 00:00:1785775226.045962  290536 linear_solver.cc:2026] No solution exists. MPSolverInterface::result_status_ = MPSOLVER_INFEASIBLE
E0000 00:00:1785775226.090975  290536 linear_solver.cc:2026] No solution exists. MPSolverInterface::result_status_ = MPSOLVER_INFEASIBLE
E0000 00:00:1785775226.136086  290536 linear_solver.cc:2026] No solution exists. MPSolverInterface::result_status_ = MPSOLVER_INFEASIBLE
E0000 00:00:1785775226.180876  290536 linear_solver.cc:2026] No solution exists. MPSolverInterface::result_status_ = MPSOLVER_INFEASIBLE
E0000 00:00:1785775226.224756  290536 linear_solver.cc:2026] No solution exists. MPSolverInterface::result_status_ = MPSOLVER_INFEASIBLE
E0000 00:00:1785775226.269361  290536 linear_solver.cc:2026] No solution exists. MPSolverInterface::result_status_ = MPSOLVER_INFEASIBLE
E0000 00:00:1785775230.270384  290536 linear_solver.cc:2026] No solution exists. MPSolverInterface::result_status_ = MPSOLVER_INFEASIBLE
E0000 00:00:1785775230.334241  290536 linear_solver.cc:2026] No solution exists. MPSolverInterface::result_status_ = MPSOLVER_INFEASIBLE
E0000 00:00:1785775240.481731  290536 linear_solver.cc:2026] No solution exists. MPSolverInterface::result_status_ = MPSOLVER_INFEASIBLE
E0000 00:00:1785775240.541365  290536 linear_solver.cc:2026] No solution exists. MPSolverInterface::result_status_ = MPSOLVER_INFEASIBLE
E0000 00:00:1785775244.898034  290536 linear_solver.cc:2026] No solution exists. MPSolverInterface::result_status_ = MPSOLVER_INFEASIBLE
E0000 00:00:1785775244.933593  290536 linear_solver.cc:2026] No solution exists. MPSolverInterface::result_status_ = MPSOLVER_INFEASIBLE
E0000 00:00:1785775247.961367  290536 linear_solver.cc:2026] No solution exists. MPSolverInterface::result_status_ = MPSOLVER_INFEASIBLE
E0000 00:00:1785775247.996643  290536 linear_solver.cc:2026] No solution exists. MPSolverInterface::result_status_ = MPSOLVER_INFEASIBLE
E0000 00:00:1785775250.113382  290536 linear_solver.cc:2026] No solution exists. MPSolverInterface::result_status_ = MPSOLVER_INFEASIBLE
E0000 00:00:1785775250.140876  290536 linear_solver.cc:2026] No solution exists. MPSolverInterface::result_status_ = MPSOLVER_INFEASIBLE
E0000 00:00:1785775251.930128  290536 linear_solver.cc:2026] No solution exists. MPSolverInterface::result_status_ = MPSOLVER_INFEASIBLE
E0000 00:00:1785775251.956924  290536 linear_solver.cc:2026] No solution exists. MPSolverInterface::result_status_ = MPSOLVER_INFEASIBLE
E0000 00:00:1785775253.211813  290536 linear_solver.cc:2026] No solution exists. MPSolverInterface::result_status_ = MPSOLVER_INFEASIBLE
E0000 00:00:1785775253.229623  290536 linear_solver.cc:2026] No solution exists. MPSolverInterface::result_status_ = MPSOLVER_INFEASIBLE
E0000 00:00:1785775254.045505  290536 linear_solver.cc:2026] No solution exists. MPSolverInterface::result_status_ = MPSOLVER_INFEASIBLE
E0000 00:00:1785775254.063068  290536 linear_solver.cc:2026] No solution exists. MPSolverInterface::result_status_ = MPSOLVER_INFEASIBLE
E0000 00:00:1785775256.121737  290536 linear_solver.cc:2026] No solution exists. MPSolverInterface::result_status_ = MPSOLVER_INFEASIBLE
E0000 00:00:1785775256.169214  290536 linear_solver.cc:2026] No solution exists. MPSolverInterface::result_status_ = MPSOLVER_INFEASIBLE
E0000 00:00:1785775256.216998  290536 linear_solver.cc:2026] No solution exists. MPSolverInterface::result_status_ = MPSOLVER_INFEASIBLE
E0000 00:00:1785775256.264949  290536 linear_solver.cc:2026] No solution exists. MPSolverInterface::result_status_ = MPSOLVER_INFEASIBLE
E0000 00:00:1785775256.313385  290536 linear_solver.cc:2026] No solution exists. MPSolverInterface::result_status_ = MPSOLVER_INFEASIBLE
E0000 00:00:1785775258.207395  290536 linear_solver.cc:2026] No solution exists. MPSolverInterface::result_status_ = MPSOLVER_INFEASIBLE
E0000 00:00:1785775258.263329  290536 linear_solver.cc:2026] No solution exists. MPSolverInterface::result_status_ = MPSOLVER_INFEASIBLE
E0000 00:00:1785775258.319461  290536 linear_solver.cc:2026] No solution exists. MPSolverInterface::result_status_ = MPSOLVER_INFEASIBLE
E0000 00:00:1785775258.375281  290536 linear_solver.cc:2026] No solution exists. MPSolverInterface::result_status_ = MPSOLVER_INFEASIBLE
E0000 00:00:1785775260.850061  290536 linear_solver.cc:2026] No solution exists. MPSolverInterface::result_status_ = MPSOLVER_INFEASIBLE
E0000 00:00:1785775260.906734  290536 linear_solver.cc:2026] No solution exists. MPSolverInterface::result_status_ = MPSOLVER_INFEASIBLE
E0000 00:00:1785775260.963453  290536 linear_solver.cc:2026] No solution exists. MPSolverInterface::result_status_ = MPSOLVER_INFEASIBLE
E0000 00:00:1785775261.019337  290536 linear_solver.cc:2026] No solution exists. MPSolverInterface::result_status_ = MPSOLVER_INFEASIBLE
E0000 00:00:1785775263.839334  290536 linear_solver.cc:2026] No solution exists. MPSolverInterface::result_status_ = MPSOLVER_INFEASIBLE
E0000 00:00:1785775263.893155  290536 linear_solver.cc:2026] No solution exists. MPSolverInterface::result_status_ = MPSOLVER_INFEASIBLE
E0000 00:00:1785775270.960346  290536 linear_solver.cc:2026] No solution exists. MPSolverInterface::result_status_ = MPSOLVER_INFEASIBLE
E0000 00:00:1785775271.038952  290536 linear_solver.cc:2026] No solution exists. MPSolverInterface::result_status_ = MPSOLVER_INFEASIBLE
E0000 00:00:1785775280.497487  290536 linear_solver.cc:2026] No solution exists. MPSolverInterface::result_status_ = MPSOLVER_INFEASIBLE
E0000 00:00:1785775280.579030  290536 linear_solver.cc:2026] No solution exists. MPSolverInterface::result_status_ = MPSOLVER_INFEASIBLE
E0000 00:00:1785775287.927191  290536 linear_solver.cc:2026] No solution exists. MPSolverInterface::result_status_ = MPSOLVER_INFEASIBLE
E0000 00:00:1785775287.971359  290536 linear_solver.cc:2026] No solution exists. MPSolverInterface::result_status_ = MPSOLVER_INFEASIBLE
E0000 00:00:1785775289.027301  290536 linear_solver.cc:2026] No solution exists. MPSolverInterface::result_status_ = MPSOLVER_INFEASIBLE
E0000 00:00:1785775289.037153  290536 linear_solver.cc:2026] No solution exists. MPSolverInterface::result_status_ = MPSOLVER_INFEASIBLE
E0000 00:00:1785775290.140858  290536 linear_solver.cc:2026] No solution exists. MPSolverInterface::result_status_ = MPSOLVER_INFEASIBLE
E0000 00:00:1785775290.180494  290536 linear_solver.cc:2026] No solution exists. MPSolverInterface::result_status_ = MPSOLVER_INFEASIBLE
E0000 00:00:1785775290.218803  290536 linear_solver.cc:2026] No solution exists. MPSolverInterface::result_status_ = MPSOLVER_INFEASIBLE
E0000 00:00:1785775290.257690  290536 linear_solver.cc:2026] No solution exists. MPSolverInterface::result_status_ = MPSOLVER_INFEASIBLE
E0000 00:00:1785775290.296713  290536 linear_solver.cc:2026] No solution exists. MPSolverInterface::result_status_ = MPSOLVER_INFEASIBLE
E0000 00:00:1785775290.335492  290536 linear_solver.cc:2026] No solution exists. MPSolverInterface::result_status_ = MPSOLVER_INFEASIBLE
E0000 00:00:1785775290.374453  290536 linear_solver.cc:2026] No solution exists. MPSolverInterface::result_status_ = MPSOLVER_INFEASIBLE
E0000 00:00:1785775290.413726  290536 linear_solver.cc:2026] No solution exists. MPSolverInterface::result_status_ = MPSOLVER_INFEASIBLE
E0000 00:00:1785775290.871516  290536 linear_solver.cc:2026] No solution exists. MPSolverInterface::result_status_ = MPSOLVER_INFEASIBLE
E0000 00:00:1785775290.884552  290536 linear_solver.cc:2026] No solution exists. MPSolverInterface::result_status_ = MPSOLVER_INFEASIBLE
E0000 00:00:1785775291.651468  290536 linear_solver.cc:2026] No solution exists. MPSolverInterface::result_status_ = MPSOLVER_INFEASIBLE
E0000 00:00:1785775291.696611  290536 linear_solver.cc:2026] No solution exists. MPSolverInterface::result_status_ = MPSOLVER_INFEASIBLE
E0000 00:00:1785775291.742251  290536 linear_solver.cc:2026] No solution exists. MPSolverInterface::result_status_ = MPSOLVER_INFEASIBLE
E0000 00:00:1785775291.787837  290536 linear_solver.cc:2026] No solution exists. MPSolverInterface::result_status_ = MPSOLVER_INFEASIBLE
E0000 00:00:1785775292.448355  290536 linear_solver.cc:2026] No solution exists. MPSolverInterface::result_status_ = MPSOLVER_INFEASIBLE
E0000 00:00:1785775292.458849  290536 linear_solver.cc:2026] No solution exists. MPSolverInterface::result_status_ = MPSOLVER_INFEASIBLE
E0000 00:00:1785775295.657460  290536 linear_solver.cc:2026] No solution exists. MPSolverInterface::result_status_ = MPSOLVER_INFEASIBLE
E0000 00:00:1785775295.701843  290536 linear_solver.cc:2026] No solution exists. MPSolverInterface::result_status_ = MPSOLVER_INFEASIBLE
E0000 00:00:1785775295.747149  290536 linear_solver.cc:2026] No solution exists. MPSolverInterface::result_status_ = MPSOLVER_INFEASIBLE
E0000 00:00:1785775295.791368  290536 linear_solver.cc:2026] No solution exists. MPSolverInterface::result_status_ = MPSOLVER_INFEASIBLE
E0000 00:00:1785775295.835736  290536 linear_solver.cc:2026] No solution exists. MPSolverInterface::result_status_ = MPSOLVER_INFEASIBLE
E0000 00:00:1785775295.880311  290536 linear_solver.cc:2026] No solution exists. MPSolverInterface::result_status_ = MPSOLVER_INFEASIBLE
E0000 00:00:1785775295.924381  290536 linear_solver.cc:2026] No solution exists. MPSolverInterface::result_status_ = MPSOLVER_INFEASIBLE
E0000 00:00:1785775295.969137  290536 linear_solver.cc:2026] No solution exists. MPSolverInterface::result_status_ = MPSOLVER_INFEASIBLE
E0000 00:00:1785775299.261145  290536 linear_solver.cc:2026] No solution exists. MPSolverInterface::result_status_ = MPSOLVER_INFEASIBLE
E0000 00:00:1785775299.302439  290536 linear_solver.cc:2026] No solution exists. MPSolverInterface::result_status_ = MPSOLVER_INFEASIBLE
E0000 00:00:1785775299.342975  290536 linear_solver.cc:2026] No solution exists. MPSolverInterface::result_status_ = MPSOLVER_INFEASIBLE
E0000 00:00:1785775299.382933  290536 linear_solver.cc:2026] No solution exists. MPSolverInterface::result_status_ = MPSOLVER_INFEASIBLE
E0000 00:00:1785775299.423404  290536 linear_solver.cc:2026] No solution exists. MPSolverInterface::result_status_ = MPSOLVER_INFEASIBLE
E0000 00:00:1785775299.462730  290536 linear_solver.cc:2026] No solution exists. MPSolverInterface::result_status_ = MPSOLVER_INFEASIBLE
E0000 00:00:1785775299.501372  290536 linear_solver.cc:2026] No solution exists. MPSolverInterface::result_status_ = MPSOLVER_INFEASIBLE
E0000 00:00:1785775299.541217  290536 linear_solver.cc:2026] No solution exists. MPSolverInterface::result_status_ = MPSOLVER_INFEASIBLE
E0000 00:00:1785775303.428548  290536 linear_solver.cc:2026] No solution exists. MPSolverInterface::result_status_ = MPSOLVER_INFEASIBLE
E0000 00:00:1785775303.475354  290536 linear_solver.cc:2026] No solution exists. MPSolverInterface::result_status_ = MPSOLVER_INFEASIBLE
E0000 00:00:1785775307.176942  290536 linear_solver.cc:2026] No solution exists. MPSolverInterface::result_status_ = MPSOLVER_INFEASIBLE
E0000 00:00:1785775307.233116  290536 linear_solver.cc:2026] No solution exists. MPSolverInterface::result_status_ = MPSOLVER_INFEASIBLE
E0000 00:00:1785775307.289272  290536 linear_solver.cc:2026] No solution exists. MPSolverInterface::result_status_ = MPSOLVER_INFEASIBLE
E0000 00:00:1785775307.346061  290536 linear_solver.cc:2026] No solution exists. MPSolverInterface::result_status_ = MPSOLVER_INFEASIBLE
E0000 00:00:1785775316.426976  290536 linear_solver.cc:2026] No solution exists. MPSolverInterface::result_status_ = MPSOLVER_INFEASIBLE
E0000 00:00:1785775316.492071  290536 linear_solver.cc:2026] No solution exists. MPSolverInterface::result_status_ = MPSOLVER_INFEASIBLE
E0000 00:00:1785775328.852686  290536 linear_solver.cc:2026] No solution exists. MPSolverInterface::result_status_ = MPSOLVER_INFEASIBLE
E0000 00:00:1785775328.931561  290536 linear_solver.cc:2026] No solution exists. MPSolverInterface::result_status_ = MPSOLVER_INFEASIBLE
E0000 00:00:1785775343.960129  290536 linear_solver.cc:2026] No solution exists. MPSolverInterface::result_status_ = MPSOLVER_INFEASIBLE
E0000 00:00:1785775344.029435  290536 linear_solver.cc:2026] No solution exists. MPSolverInterface::result_status_ = MPSOLVER_INFEASIBLE
E0000 00:00:1785775358.587113  290536 linear_solver.cc:2026] No solution exists. MPSolverInterface::result_status_ = MPSOLVER_INFEASIBLE
E0000 00:00:1785775358.673657  290536 linear_solver.cc:2026] No solution exists. MPSolverInterface::result_status_ = MPSOLVER_INFEASIBLE
E0000 00:00:1785775366.830717  290536 linear_solver.cc:2026] No solution exists. MPSolverInterface::result_status_ = MPSOLVER_INFEASIBLE
E0000 00:00:1785775366.879780  290536 linear_solver.cc:2026] No solution exists. MPSolverInterface::result_status_ = MPSOLVER_INFEASIBLE
E0000 00:00:1785775374.414863  290536 linear_solver.cc:2026] No solution exists. MPSolverInterface::result_status_ = MPSOLVER_INFEASIBLE
E0000 00:00:1785775374.450696  290536 linear_solver.cc:2026] No solution exists. MPSolverInterface::result_status_ = MPSOLVER_INFEASIBLE
E0000 00:00:1785775374.486541  290536 linear_solver.cc:2026] No solution exists. MPSolverInterface::result_status_ = MPSOLVER_INFEASIBLE
E0000 00:00:1785775374.521856  290536 linear_solver.cc:2026] No solution exists. MPSolverInterface::result_status_ = MPSOLVER_INFEASIBLE
E0000 00:00:1785775374.556470  290536 linear_solver.cc:2026] No solution exists. MPSolverInterface::result_status_ = MPSOLVER_INFEASIBLE
E0000 00:00:1785775374.590930  290536 linear_solver.cc:2026] No solution exists. MPSolverInterface::result_status_ = MPSOLVER_INFEASIBLE
E0000 00:00:1785775374.625535  290536 linear_solver.cc:2026] No solution exists. MPSolverInterface::result_status_ = MPSOLVER_INFEASIBLE
E0000 00:00:1785775374.659936  290536 linear_solver.cc:2026] No solution exists. MPSolverInterface::result_status_ = MPSOLVER_INFEASIBLE
E0000 00:00:1785775375.128486  290536 linear_solver.cc:2026] No solution exists. MPSolverInterface::result_status_ = MPSOLVER_INFEASIBLE
E0000 00:00:1785775375.167522  290536 linear_solver.cc:2026] No solution exists. MPSolverInterface::result_status_ = MPSOLVER_INFEASIBLE
E0000 00:00:1785775375.206757  290536 linear_solver.cc:2026] No solution exists. MPSolverInterface::result_status_ = MPSOLVER_INFEASIBLE
E0000 00:00:1785775375.245927  290536 linear_solver.cc:2026] No solution exists. MPSolverInterface::result_status_ = MPSOLVER_INFEASIBLE
E0000 00:00:1785775375.286438  290536 linear_solver.cc:2026] No solution exists. MPSolverInterface::result_status_ = MPSOLVER_INFEASIBLE
E0000 00:00:1785775375.329142  290536 linear_solver.cc:2026] No solution exists. MPSolverInterface::result_status_ = MPSOLVER_INFEASIBLE
E0000 00:00:1785775375.370859  290536 linear_solver.cc:2026] No solution exists. MPSolverInterface::result_status_ = MPSOLVER_INFEASIBLE
E0000 00:00:1785775375.413018  290536 linear_solver.cc:2026] No solution exists. MPSolverInterface::result_status_ = MPSOLVER_INFEASIBLE
E0000 00:00:1785775377.917252  290536 linear_solver.cc:2026] No solution exists. MPSolverInterface::result_status_ = MPSOLVER_INFEASIBLE
E0000 00:00:1785775377.961317  290536 linear_solver.cc:2026] No solution exists. MPSolverInterface::result_status_ = MPSOLVER_INFEASIBLE
E0000 00:00:1785775378.006512  290536 linear_solver.cc:2026] No solution exists. MPSolverInterface::result_status_ = MPSOLVER_INFEASIBLE
E0000 00:00:1785775378.055033  290536 linear_solver.cc:2026] No solution exists. MPSolverInterface::result_status_ = MPSOLVER_INFEASIBLE
E0000 00:00:1785775378.102306  290536 linear_solver.cc:2026] No solution exists. MPSolverInterface::result_status_ = MPSOLVER_INFEASIBLE
E0000 00:00:1785775378.149282  290536 linear_solver.cc:2026] No solution exists. MPSolverInterface::result_status_ = MPSOLVER_INFEASIBLE
E0000 00:00:1785775378.193331  290536 linear_solver.cc:2026] No solution exists. MPSolverInterface::result_status_ = MPSOLVER_INFEASIBLE
E0000 00:00:1785775378.238206  290536 linear_solver.cc:2026] No solution exists. MPSolverInterface::result_status_ = MPSOLVER_INFEASIBLE
E0000 00:00:1785775379.866729  290536 linear_solver.cc:2026] No solution exists. MPSolverInterface::result_status_ = MPSOLVER_INFEASIBLE
E0000 00:00:1785775379.901633  290536 linear_solver.cc:2026] No solution exists. MPSolverInterface::result_status_ = MPSOLVER_INFEASIBLE
E0000 00:00:1785775379.936612  290536 linear_solver.cc:2026] No solution exists. MPSolverInterface::result_status_ = MPSOLVER_INFEASIBLE
E0000 00:00:1785775379.971369  290536 linear_solver.cc:2026] No solution exists. MPSolverInterface::result_status_ = MPSOLVER_INFEASIBLE
E0000 00:00:1785775380.006525  290536 linear_solver.cc:2026] No solution exists. MPSolverInterface::result_status_ = MPSOLVER_INFEASIBLE
E0000 00:00:1785775380.041206  290536 linear_solver.cc:2026] No solution exists. MPSolverInterface::result_status_ = MPSOLVER_INFEASIBLE
E0000 00:00:1785775380.075574  290536 linear_solver.cc:2026] No solution exists. MPSolverInterface::result_status_ = MPSOLVER_INFEASIBLE
E0000 00:00:1785775380.110007  290536 linear_solver.cc:2026] No solution exists. MPSolverInterface::result_status_ = MPSOLVER_INFEASIBLE
E0000 00:00:1785775380.438249  290536 linear_solver.cc:2026] No solution exists. MPSolverInterface::result_status_ = MPSOLVER_INFEASIBLE
E0000 00:00:1785775380.448931  290536 linear_solver.cc:2026] No solution exists. MPSolverInterface::result_status_ = MPSOLVER_INFEASIBLE
E0000 00:00:1785775380.459445  290536 linear_solver.cc:2026] No solution exists. MPSolverInterface::result_status_ = MPSOLVER_INFEASIBLE
E0000 00:00:1785775380.470009  290536 linear_solver.cc:2026] No solution exists. MPSolverInterface::result_status_ = MPSOLVER_INFEASIBLE
E0000 00:00:1785775380.480636  290536 linear_solver.cc:2026] No solution exists. MPSolverInterface::result_status_ = MPSOLVER_INFEASIBLE
E0000 00:00:1785775380.491166  290536 linear_solver.cc:2026] No solution exists. MPSolverInterface::result_status_ = MPSOLVER_INFEASIBLE
E0000 00:00:1785775380.502110  290536 linear_solver.cc:2026] No solution exists. MPSolverInterface::result_status_ = MPSOLVER_INFEASIBLE
E0000 00:00:1785775380.512823  290536 linear_solver.cc:2026] No solution exists. MPSolverInterface::result_status_ = MPSOLVER_INFEASIBLE
E0000 00:00:1785775380.633873  290536 linear_solver.cc:2026] No solution exists. MPSolverInterface::result_status_ = MPSOLVER_INFEASIBLE
E0000 00:00:1785775380.644797  290536 linear_solver.cc:2026] No solution exists. MPSolverInterface::result_status_ = MPSOLVER_INFEASIBLE
E0000 00:00:1785775380.655419  290536 linear_solver.cc:2026] No solution exists. MPSolverInterface::result_status_ = MPSOLVER_INFEASIBLE
E0000 00:00:1785775380.666185  290536 linear_solver.cc:2026] No solution exists. MPSolverInterface::result_status_ = MPSOLVER_INFEASIBLE
E0000 00:00:1785775380.676883  290536 linear_solver.cc:2026] No solution exists. MPSolverInterface::result_status_ = MPSOLVER_INFEASIBLE
E0000 00:00:1785775380.687511  290536 linear_solver.cc:2026] No solution exists. MPSolverInterface::result_status_ = MPSOLVER_INFEASIBLE
E0000 00:00:1785775380.698153  290536 linear_solver.cc:2026] No solution exists. MPSolverInterface::result_status_ = MPSOLVER_INFEASIBLE
E0000 00:00:1785775380.708848  290536 linear_solver.cc:2026] No solution exists. MPSolverInterface::result_status_ = MPSOLVER_INFEASIBLE
E0000 00:00:1785775381.055047  290536 linear_solver.cc:2026] No solution exists. MPSolverInterface::result_status_ = MPSOLVER_INFEASIBLE
E0000 00:00:1785775381.099517  290536 linear_solver.cc:2026] No solution exists. MPSolverInterface::result_status_ = MPSOLVER_INFEASIBLE
E0000 00:00:1785775381.144299  290536 linear_solver.cc:2026] No solution exists. MPSolverInterface::result_status_ = MPSOLVER_INFEASIBLE
E0000 00:00:1785775381.189557  290536 linear_solver.cc:2026] No solution exists. MPSolverInterface::result_status_ = MPSOLVER_INFEASIBLE
E0000 00:00:1785775381.234254  290536 linear_solver.cc:2026] No solution exists. MPSolverInterface::result_status_ = MPSOLVER_INFEASIBLE
E0000 00:00:1785775381.278889  290536 linear_solver.cc:2026] No solution exists. MPSolverInterface::result_status_ = MPSOLVER_INFEASIBLE
E0000 00:00:1785775381.323476  290536 linear_solver.cc:2026] No solution exists. MPSolverInterface::result_status_ = MPSOLVER_INFEASIBLE
E0000 00:00:1785775381.368234  290536 linear_solver.cc:2026] No solution exists. MPSolverInterface::result_status_ = MPSOLVER_INFEASIBLE
E0000 00:00:1785775385.459240  290536 linear_solver.cc:2026] No solution exists. MPSolverInterface::result_status_ = MPSOLVER_INFEASIBLE
E0000 00:00:1785775385.475639  290536 linear_solver.cc:2026] No solution exists. MPSolverInterface::result_status_ = MPSOLVER_INFEASIBLE
E0000 00:00:1785775385.826144  290536 linear_solver.cc:2026] No solution exists. MPSolverInterface::result_status_ = MPSOLVER_INFEASIBLE
E0000 00:00:1785775385.841780  290536 linear_solver.cc:2026] No solution exists. MPSolverInterface::result_status_ = MPSOLVER_INFEASIBLE
E0000 00:00:1785775386.284743  290536 linear_solver.cc:2026] No solution exists. MPSolverInterface::result_status_ = MPSOLVER_INFEASIBLE
E0000 00:00:1785775386.315643  290536 linear_solver.cc:2026] No solution exists. MPSolverInterface::result_status_ = MPSOLVER_INFEASIBLE
E0000 00:00:1785775386.347159  290536 linear_solver.cc:2026] No solution exists. MPSolverInterface::result_status_ = MPSOLVER_INFEASIBLE
E0000 00:00:1785775386.376952  290536 linear_solver.cc:2026] No solution exists. MPSolverInterface::result_status_ = MPSOLVER_INFEASIBLE
E0000 00:00:1785775386.405415  290536 linear_solver.cc:2026] No solution exists. MPSolverInterface::result_status_ = MPSOLVER_INFEASIBLE
E0000 00:00:1785775386.433510  290536 linear_solver.cc:2026] No solution exists. MPSolverInterface::result_status_ = MPSOLVER_INFEASIBLE
E0000 00:00:1785775386.461593  290536 linear_solver.cc:2026] No solution exists. MPSolverInterface::result_status_ = MPSOLVER_INFEASIBLE
E0000 00:00:1785775386.489817  290536 linear_solver.cc:2026] No solution exists. MPSolverInterface::result_status_ = MPSOLVER_INFEASIBLE
E0000 00:00:1785775399.748305  290536 linear_solver.cc:2026] No solution exists. MPSolverInterface::result_status_ = MPSOLVER_INFEASIBLE
E0000 00:00:1785775399.792755  290536 linear_solver.cc:2026] No solution exists. MPSolverInterface::result_status_ = MPSOLVER_INFEASIBLE
E0000 00:00:1785775399.837015  290536 linear_solver.cc:2026] No solution exists. MPSolverInterface::result_status_ = MPSOLVER_INFEASIBLE
E0000 00:00:1785775399.883280  290536 linear_solver.cc:2026] No solution exists. MPSolverInterface::result_status_ = MPSOLVER_INFEASIBLE
E0000 00:00:1785775399.930442  290536 linear_solver.cc:2026] No solution exists. MPSolverInterface::result_status_ = MPSOLVER_INFEASIBLE
E0000 00:00:1785775399.976522  290536 linear_solver.cc:2026] No solution exists. MPSolverInterface::result_status_ = MPSOLVER_INFEASIBLE
E0000 00:00:1785775400.022447  290536 linear_solver.cc:2026] No solution exists. MPSolverInterface::result_status_ = MPSOLVER_INFEASIBLE
E0000 00:00:1785775400.066843  290536 linear_solver.cc:2026] No solution exists. MPSolverInterface::result_status_ = MPSOLVER_INFEASIBLE
E0000 00:00:1785775401.882817  290536 linear_solver.cc:2026] No solution exists. MPSolverInterface::result_status_ = MPSOLVER_INFEASIBLE
E0000 00:00:1785775401.940440  290536 linear_solver.cc:2026] No solution exists. MPSolverInterface::result_status_ = MPSOLVER_INFEASIBLE
E0000 00:00:1785775401.999301  290536 linear_solver.cc:2026] No solution exists. MPSolverInterface::result_status_ = MPSOLVER_INFEASIBLE
E0000 00:00:1785775402.057159  290536 linear_solver.cc:2026] No solution exists. MPSolverInterface::result_status_ = MPSOLVER_INFEASIBLE
E0000 00:00:1785775402.115901  290536 linear_solver.cc:2026] No solution exists. MPSolverInterface::result_status_ = MPSOLVER_INFEASIBLE
E0000 00:00:1785775402.174156  290536 linear_solver.cc:2026] No solution exists. MPSolverInterface::result_status_ = MPSOLVER_INFEASIBLE
E0000 00:00:1785775402.233409  290536 linear_solver.cc:2026] No solution exists. MPSolverInterface::result_status_ = MPSOLVER_INFEASIBLE
E0000 00:00:1785775402.292116  290536 linear_solver.cc:2026] No solution exists. MPSolverInterface::result_status_ = MPSOLVER_INFEASIBLE
E0000 00:00:1785775406.262493  290536 linear_solver.cc:2026] No solution exists. MPSolverInterface::result_status_ = MPSOLVER_INFEASIBLE
E0000 00:00:1785775406.283454  290536 linear_solver.cc:2026] No solution exists. MPSolverInterface::result_status_ = MPSOLVER_INFEASIBLE
E0000 00:00:1785775406.988152  290536 linear_solver.cc:2026] No solution exists. MPSolverInterface::result_status_ = MPSOLVER_INFEASIBLE
E0000 00:00:1785775407.027192  290536 linear_solver.cc:2026] No solution exists. MPSolverInterface::result_status_ = MPSOLVER_INFEASIBLE
E0000 00:00:1785775407.065999  290536 linear_solver.cc:2026] No solution exists. MPSolverInterface::result_status_ = MPSOLVER_INFEASIBLE
E0000 00:00:1785775407.105940  290536 linear_solver.cc:2026] No solution exists. MPSolverInterface::result_status_ = MPSOLVER_INFEASIBLE
E0000 00:00:1785775407.145462  290536 linear_solver.cc:2026] No solution exists. MPSolverInterface::result_status_ = MPSOLVER_INFEASIBLE
E0000 00:00:1785775407.184609  290536 linear_solver.cc:2026] No solution exists. MPSolverInterface::result_status_ = MPSOLVER_INFEASIBLE
E0000 00:00:1785775407.223244  290536 linear_solver.cc:2026] No solution exists. MPSolverInterface::result_status_ = MPSOLVER_INFEASIBLE
E0000 00:00:1785775407.261948  290536 linear_solver.cc:2026] No solution exists. MPSolverInterface::result_status_ = MPSOLVER_INFEASIBLE
E0000 00:00:1785775412.175129  290536 linear_solver.cc:2026] No solution exists. MPSolverInterface::result_status_ = MPSOLVER_INFEASIBLE
E0000 00:00:1785775412.217510  290536 linear_solver.cc:2026] No solution exists. MPSolverInterface::result_status_ = MPSOLVER_INFEASIBLE
E0000 00:00:1785775422.132805  290536 linear_solver.cc:2026] No solution exists. MPSolverInterface::result_status_ = MPSOLVER_INFEASIBLE
E0000 00:00:1785775422.203418  290536 linear_solver.cc:2026] No solution exists. MPSolverInterface::result_status_ = MPSOLVER_INFEASIBLE
E0000 00:00:1785775430.768809  290536 linear_solver.cc:2026] No solution exists. MPSolverInterface::result_status_ = MPSOLVER_INFEASIBLE
E0000 00:00:1785775430.823402  290536 linear_solver.cc:2026] No solution exists. MPSolverInterface::result_status_ = MPSOLVER_INFEASIBLE
E0000 00:00:1785775430.878149  290536 linear_solver.cc:2026] No solution exists. MPSolverInterface::result_status_ = MPSOLVER_INFEASIBLE
E0000 00:00:1785775430.931854  290536 linear_solver.cc:2026] No solution exists. MPSolverInterface::result_status_ = MPSOLVER_INFEASIBLE
E0000 00:00:1785775430.985712  290536 linear_solver.cc:2026] No solution exists. MPSolverInterface::result_status_ = MPSOLVER_INFEASIBLE
E0000 00:00:1785775431.038586  290536 linear_solver.cc:2026] No solution exists. MPSolverInterface::result_status_ = MPSOLVER_INFEASIBLE
E0000 00:00:1785775431.091795  290536 linear_solver.cc:2026] No solution exists. MPSolverInterface::result_status_ = MPSOLVER_INFEASIBLE
E0000 00:00:1785775431.144572  290536 linear_solver.cc:2026] No solution exists. MPSolverInterface::result_status_ = MPSOLVER_INFEASIBLE
E0000 00:00:1785775435.111583  290536 linear_solver.cc:2026] No solution exists. MPSolverInterface::result_status_ = MPSOLVER_INFEASIBLE
E0000 00:00:1785775435.161444  290536 linear_solver.cc:2026] No solution exists. MPSolverInterface::result_status_ = MPSOLVER_INFEASIBLE
E0000 00:00:1785775435.211967  290536 linear_solver.cc:2026] No solution exists. MPSolverInterface::result_status_ = MPSOLVER_INFEASIBLE
E0000 00:00:1785775435.262081  290536 linear_solver.cc:2026] No solution exists. MPSolverInterface::result_status_ = MPSOLVER_INFEASIBLE
E0000 00:00:1785775435.312317  290536 linear_solver.cc:2026] No solution exists. MPSolverInterface::result_status_ = MPSOLVER_INFEASIBLE
E0000 00:00:1785775435.362999  290536 linear_solver.cc:2026] No solution exists. MPSolverInterface::result_status_ = MPSOLVER_INFEASIBLE
E0000 00:00:1785775435.415255  290536 linear_solver.cc:2026] No solution exists. MPSolverInterface::result_status_ = MPSOLVER_INFEASIBLE
E0000 00:00:1785775435.466966  290536 linear_solver.cc:2026] No solution exists. MPSolverInterface::result_status_ = MPSOLVER_INFEASIBLE
E0000 00:00:1785775437.649350  290536 linear_solver.cc:2026] No solution exists. MPSolverInterface::result_status_ = MPSOLVER_INFEASIBLE
E0000 00:00:1785775437.701476  290536 linear_solver.cc:2026] No solution exists. MPSolverInterface::result_status_ = MPSOLVER_INFEASIBLE
E0000 00:00:1785775437.753941  290536 linear_solver.cc:2026] No solution exists. MPSolverInterface::result_status_ = MPSOLVER_INFEASIBLE
E0000 00:00:1785775437.807678  290536 linear_solver.cc:2026] No solution exists. MPSolverInterface::result_status_ = MPSOLVER_INFEASIBLE
E0000 00:00:1785775437.861713  290536 linear_solver.cc:2026] No solution exists. MPSolverInterface::result_status_ = MPSOLVER_INFEASIBLE
E0000 00:00:1785775437.914760  290536 linear_solver.cc:2026] No solution exists. MPSolverInterface::result_status_ = MPSOLVER_INFEASIBLE
E0000 00:00:1785775438.836444  290536 linear_solver.cc:2026] No solution exists. MPSolverInterface::result_status_ = MPSOLVER_INFEASIBLE
E0000 00:00:1785775438.885063  290536 linear_solver.cc:2026] No solution exists. MPSolverInterface::result_status_ = MPSOLVER_INFEASIBLE
E0000 00:00:1785775438.933123  290536 linear_solver.cc:2026] No solution exists. MPSolverInterface::result_status_ = MPSOLVER_INFEASIBLE
E0000 00:00:1785775438.980677  290536 linear_solver.cc:2026] No solution exists. MPSolverInterface::result_status_ = MPSOLVER_INFEASIBLE
E0000 00:00:1785775439.027938  290536 linear_solver.cc:2026] No solution exists. MPSolverInterface::result_status_ = MPSOLVER_INFEASIBLE
E0000 00:00:1785775439.075213  290536 linear_solver.cc:2026] No solution exists. MPSolverInterface::result_status_ = MPSOLVER_INFEASIBLE
E0000 00:00:1785775439.122986  290536 linear_solver.cc:2026] No solution exists. MPSolverInterface::result_status_ = MPSOLVER_INFEASIBLE
E0000 00:00:1785775439.170760  290536 linear_solver.cc:2026] No solution exists. MPSolverInterface::result_status_ = MPSOLVER_INFEASIBLE
E0000 00:00:1785775440.079442  290536 linear_solver.cc:2026] No solution exists. MPSolverInterface::result_status_ = MPSOLVER_INFEASIBLE
E0000 00:00:1785775440.124064  290536 linear_solver.cc:2026] No solution exists. MPSolverInterface::result_status_ = MPSOLVER_INFEASIBLE
E0000 00:00:1785775440.168675  290536 linear_solver.cc:2026] No solution exists. MPSolverInterface::result_status_ = MPSOLVER_INFEASIBLE
E0000 00:00:1785775440.214738  290536 linear_solver.cc:2026] No solution exists. MPSolverInterface::result_status_ = MPSOLVER_INFEASIBLE
E0000 00:00:1785775440.259711  290536 linear_solver.cc:2026] No solution exists. MPSolverInterface::result_status_ = MPSOLVER_INFEASIBLE
E0000 00:00:1785775441.128027  290536 linear_solver.cc:2026] No solution exists. MPSolverInterface::result_status_ = MPSOLVER_INFEASIBLE
E0000 00:00:1785775441.169585  290536 linear_solver.cc:2026] No solution exists. MPSolverInterface::result_status_ = MPSOLVER_INFEASIBLE
E0000 00:00:1785775441.211485  290536 linear_solver.cc:2026] No solution exists. MPSolverInterface::result_status_ = MPSOLVER_INFEASIBLE
E0000 00:00:1785775441.253882  290536 linear_solver.cc:2026] No solution exists. MPSolverInterface::result_status_ = MPSOLVER_INFEASIBLE
E0000 00:00:1785775441.295418  290536 linear_solver.cc:2026] No solution exists. MPSolverInterface::result_status_ = MPSOLVER_INFEASIBLE
E0000 00:00:1785775441.336583  290536 linear_solver.cc:2026] No solution exists. MPSolverInterface::result_status_ = MPSOLVER_INFEASIBLE
E0000 00:00:1785775441.378099  290536 linear_solver.cc:2026] No solution exists. MPSolverInterface::result_status_ = MPSOLVER_INFEASIBLE
E0000 00:00:1785775441.419871  290536 linear_solver.cc:2026] No solution exists. MPSolverInterface::result_status_ = MPSOLVER_INFEASIBLE
E0000 00:00:1785775445.062635  290536 linear_solver.cc:2026] No solution exists. MPSolverInterface::result_status_ = MPSOLVER_INFEASIBLE
E0000 00:00:1785775445.107853  290536 linear_solver.cc:2026] No solution exists. MPSolverInterface::result_status_ = MPSOLVER_INFEASIBLE
E0000 00:00:1785775447.378322  290536 linear_solver.cc:2026] No solution exists. MPSolverInterface::result_status_ = MPSOLVER_INFEASIBLE
E0000 00:00:1785775447.403970  290536 linear_solver.cc:2026] No solution exists. MPSolverInterface::result_status_ = MPSOLVER_INFEASIBLE
E0000 00:00:1785775454.845023  290536 linear_solver.cc:2026] No solution exists. MPSolverInterface::result_status_ = MPSOLVER_INFEASIBLE
E0000 00:00:1785775454.907428  290536 linear_solver.cc:2026] No solution exists. MPSolverInterface::result_status_ = MPSOLVER_INFEASIBLE
E0000 00:00:1785775467.218962  290536 linear_solver.cc:2026] No solution exists. MPSolverInterface::result_status_ = MPSOLVER_INFEASIBLE
E0000 00:00:1785775467.263447  290536 linear_solver.cc:2026] No solution exists. MPSolverInterface::result_status_ = MPSOLVER_INFEASIBLE
E0000 00:00:1785775467.307998  290536 linear_solver.cc:2026] No solution exists. MPSolverInterface::result_status_ = MPSOLVER_INFEASIBLE
E0000 00:00:1785775467.351963  290536 linear_solver.cc:2026] No solution exists. MPSolverInterface::result_status_ = MPSOLVER_INFEASIBLE
E0000 00:00:1785775467.395083  290536 linear_solver.cc:2026] No solution exists. MPSolverInterface::result_status_ = MPSOLVER_INFEASIBLE
E0000 00:00:1785775467.438579  290536 linear_solver.cc:2026] No solution exists. MPSolverInterface::result_status_ = MPSOLVER_INFEASIBLE
E0000 00:00:1785775467.481405  290536 linear_solver.cc:2026] No solution exists. MPSolverInterface::result_status_ = MPSOLVER_INFEASIBLE
E0000 00:00:1785775467.524714  290536 linear_solver.cc:2026] No solution exists. MPSolverInterface::result_status_ = MPSOLVER_INFEASIBLE
E0000 00:00:1785775470.228803  290536 linear_solver.cc:2026] No solution exists. MPSolverInterface::result_status_ = MPSOLVER_INFEASIBLE
E0000 00:00:1785775470.285182  290536 linear_solver.cc:2026] No solution exists. MPSolverInterface::result_status_ = MPSOLVER_INFEASIBLE
E0000 00:00:1785775470.340965  290536 linear_solver.cc:2026] No solution exists. MPSolverInterface::result_status_ = MPSOLVER_INFEASIBLE
E0000 00:00:1785775470.396656  290536 linear_solver.cc:2026] No solution exists. MPSolverInterface::result_status_ = MPSOLVER_INFEASIBLE
E0000 00:00:1785775473.271627  290536 linear_solver.cc:2026] No solution exists. MPSolverInterface::result_status_ = MPSOLVER_INFEASIBLE
E0000 00:00:1785775473.322437  290536 linear_solver.cc:2026] No solution exists. MPSolverInterface::result_status_ = MPSOLVER_INFEASIBLE
E0000 00:00:1785775473.374215  290536 linear_solver.cc:2026] No solution exists. MPSolverInterface::result_status_ = MPSOLVER_INFEASIBLE
E0000 00:00:1785775473.425325  290536 linear_solver.cc:2026] No solution exists. MPSolverInterface::result_status_ = MPSOLVER_INFEASIBLE
E0000 00:00:1785775473.476945  290536 linear_solver.cc:2026] No solution exists. MPSolverInterface::result_status_ = MPSOLVER_INFEASIBLE
E0000 00:00:1785775473.528231  290536 linear_solver.cc:2026] No solution exists. MPSolverInterface::result_status_ = MPSOLVER_INFEASIBLE
E0000 00:00:1785775473.579781  290536 linear_solver.cc:2026] No solution exists. MPSolverInterface::result_status_ = MPSOLVER_INFEASIBLE
E0000 00:00:1785775473.632577  290536 linear_solver.cc:2026] No solution exists. MPSolverInterface::result_status_ = MPSOLVER_INFEASIBLE
E0000 00:00:1785775474.255403  290536 linear_solver.cc:2026] No solution exists. MPSolverInterface::result_status_ = MPSOLVER_INFEASIBLE
E0000 00:00:1785775474.298223  290536 linear_solver.cc:2026] No solution exists. MPSolverInterface::result_status_ = MPSOLVER_INFEASIBLE
E0000 00:00:1785775474.341393  290536 linear_solver.cc:2026] No solution exists. MPSolverInterface::result_status_ = MPSOLVER_INFEASIBLE
E0000 00:00:1785775474.383809  290536 linear_solver.cc:2026] No solution exists. MPSolverInterface::result_status_ = MPSOLVER_INFEASIBLE
E0000 00:00:1785775474.426180  290536 linear_solver.cc:2026] No solution exists. MPSolverInterface::result_status_ = MPSOLVER_INFEASIBLE
E0000 00:00:1785775474.468899  290536 linear_solver.cc:2026] No solution exists. MPSolverInterface::result_status_ = MPSOLVER_INFEASIBLE
E0000 00:00:1785775474.511621  290536 linear_solver.cc:2026] No solution exists. MPSolverInterface::result_status_ = MPSOLVER_INFEASIBLE
E0000 00:00:1785775474.554045  290536 linear_solver.cc:2026] No solution exists. MPSolverInterface::result_status_ = MPSOLVER_INFEASIBLE
E0000 00:00:1785775477.484310  290536 linear_solver.cc:2026] No solution exists. MPSolverInterface::result_status_ = MPSOLVER_INFEASIBLE
E0000 00:00:1785775477.536365  290536 linear_solver.cc:2026] No solution exists. MPSolverInterface::result_status_ = MPSOLVER_INFEASIBLE
E0000 00:00:1785775479.418500  290536 linear_solver.cc:2026] No solution exists. MPSolverInterface::result_status_ = MPSOLVER_INFEASIBLE
E0000 00:00:1785775479.429550  290536 linear_solver.cc:2026] No solution exists. MPSolverInterface::result_status_ = MPSOLVER_INFEASIBLE
E0000 00:00:1785775480.004531  290536 linear_solver.cc:2026] No solution exists. MPSolverInterface::result_status_ = MPSOLVER_INFEASIBLE
E0000 00:00:1785775480.052566  290536 linear_solver.cc:2026] No solution exists. MPSolverInterface::result_status_ = MPSOLVER_INFEASIBLE
E0000 00:00:1785775480.100901  290536 linear_solver.cc:2026] No solution exists. MPSolverInterface::result_status_ = MPSOLVER_INFEASIBLE
E0000 00:00:1785775480.152019  290536 linear_solver.cc:2026] No solution exists. MPSolverInterface::result_status_ = MPSOLVER_INFEASIBLE
E0000 00:00:1785775480.202849  290536 linear_solver.cc:2026] No solution exists. MPSolverInterface::result_status_ = MPSOLVER_INFEASIBLE
E0000 00:00:1785775480.252699  290536 linear_solver.cc:2026] No solution exists. MPSolverInterface::result_status_ = MPSOLVER_INFEASIBLE
E0000 00:00:1785775480.301217  290536 linear_solver.cc:2026] No solution exists. MPSolverInterface::result_status_ = MPSOLVER_INFEASIBLE
E0000 00:00:1785775480.349676  290536 linear_solver.cc:2026] No solution exists. MPSolverInterface::result_status_ = MPSOLVER_INFEASIBLE
E0000 00:00:1785775480.922167  290536 linear_solver.cc:2026] No solution exists. MPSolverInterface::result_status_ = MPSOLVER_INFEASIBLE
E0000 00:00:1785775480.969198  290536 linear_solver.cc:2026] No solution exists. MPSolverInterface::result_status_ = MPSOLVER_INFEASIBLE
E0000 00:00:1785775481.016101  290536 linear_solver.cc:2026] No solution exists. MPSolverInterface::result_status_ = MPSOLVER_INFEASIBLE
E0000 00:00:1785775481.063044  290536 linear_solver.cc:2026] No solution exists. MPSolverInterface::result_status_ = MPSOLVER_INFEASIBLE
E0000 00:00:1785775481.108909  290536 linear_solver.cc:2026] No solution exists. MPSolverInterface::result_status_ = MPSOLVER_INFEASIBLE
E0000 00:00:1785775481.155164  290536 linear_solver.cc:2026] No solution exists. MPSolverInterface::result_status_ = MPSOLVER_INFEASIBLE
E0000 00:00:1785775481.201300  290536 linear_solver.cc:2026] No solution exists. MPSolverInterface::result_status_ = MPSOLVER_INFEASIBLE
E0000 00:00:1785775481.247955  290536 linear_solver.cc:2026] No solution exists. MPSolverInterface::result_status_ = MPSOLVER_INFEASIBLE
E0000 00:00:1785775483.005081  290536 linear_solver.cc:2026] No solution exists. MPSolverInterface::result_status_ = MPSOLVER_INFEASIBLE
E0000 00:00:1785775483.056261  290536 linear_solver.cc:2026] No solution exists. MPSolverInterface::result_status_ = MPSOLVER_INFEASIBLE
E0000 00:00:1785775486.259949  290536 linear_solver.cc:2026] No solution exists. MPSolverInterface::result_status_ = MPSOLVER_INFEASIBLE
E0000 00:00:1785775486.304477  290536 linear_solver.cc:2026] No solution exists. MPSolverInterface::result_status_ = MPSOLVER_INFEASIBLE
E0000 00:00:1785775486.347983  290536 linear_solver.cc:2026] No solution exists. MPSolverInterface::result_status_ = MPSOLVER_INFEASIBLE
E0000 00:00:1785775486.390980  290536 linear_solver.cc:2026] No solution exists. MPSolverInterface::result_status_ = MPSOLVER_INFEASIBLE
E0000 00:00:1785775486.657409  290536 linear_solver.cc:2026] No solution exists. MPSolverInterface::result_status_ = MPSOLVER_INFEASIBLE
E0000 00:00:1785775486.701277  290536 linear_solver.cc:2026] No solution exists. MPSolverInterface::result_status_ = MPSOLVER_INFEASIBLE
E0000 00:00:1785775486.746591  290536 linear_solver.cc:2026] No solution exists. MPSolverInterface::result_status_ = MPSOLVER_INFEASIBLE
E0000 00:00:1785775486.791999  290536 linear_solver.cc:2026] No solution exists. MPSolverInterface::result_status_ = MPSOLVER_INFEASIBLE
E0000 00:00:1785775493.539559  290536 linear_solver.cc:2026] No solution exists. MPSolverInterface::result_status_ = MPSOLVER_INFEASIBLE
E0000 00:00:1785775493.603231  290536 linear_solver.cc:2026] No solution exists. MPSolverInterface::result_status_ = MPSOLVER_INFEASIBLE
E0000 00:00:1785775493.667114  290536 linear_solver.cc:2026] No solution exists. MPSolverInterface::result_status_ = MPSOLVER_INFEASIBLE
E0000 00:00:1785775493.730372  290536 linear_solver.cc:2026] No solution exists. MPSolverInterface::result_status_ = MPSOLVER_INFEASIBLE
E0000 00:00:1785775495.688699  290536 linear_solver.cc:2026] No solution exists. MPSolverInterface::result_status_ = MPSOLVER_INFEASIBLE
E0000 00:00:1785775495.710715  290536 linear_solver.cc:2026] No solution exists. MPSolverInterface::result_status_ = MPSOLVER_INFEASIBLE
E0000 00:00:1785775495.732282  290536 linear_solver.cc:2026] No solution exists. MPSolverInterface::result_status_ = MPSOLVER_INFEASIBLE
E0000 00:00:1785775495.753606  290536 linear_solver.cc:2026] No solution exists. MPSolverInterface::result_status_ = MPSOLVER_INFEASIBLE
E0000 00:00:1785775495.775296  290536 linear_solver.cc:2026] No solution exists. MPSolverInterface::result_status_ = MPSOLVER_INFEASIBLE
E0000 00:00:1785775495.796292  290536 linear_solver.cc:2026] No solution exists. MPSolverInterface::result_status_ = MPSOLVER_INFEASIBLE
E0000 00:00:1785775495.817459  290536 linear_solver.cc:2026] No solution exists. MPSolverInterface::result_status_ = MPSOLVER_INFEASIBLE
E0000 00:00:1785775495.838537  290536 linear_solver.cc:2026] No solution exists. MPSolverInterface::result_status_ = MPSOLVER_INFEASIBLE
E0000 00:00:1785775500.757322  290536 linear_solver.cc:2026] No solution exists. MPSolverInterface::result_status_ = MPSOLVER_INFEASIBLE
E0000 00:00:1785775500.816647  290536 linear_solver.cc:2026] No solution exists. MPSolverInterface::result_status_ = MPSOLVER_INFEASIBLE
E0000 00:00:1785775509.188263  290536 linear_solver.cc:2026] No solution exists. MPSolverInterface::result_status_ = MPSOLVER_INFEASIBLE
E0000 00:00:1785775509.233964  290536 linear_solver.cc:2026] No solution exists. MPSolverInterface::result_status_ = MPSOLVER_INFEASIBLE
E0000 00:00:1785775509.278556  290536 linear_solver.cc:2026] No solution exists. MPSolverInterface::result_status_ = MPSOLVER_INFEASIBLE
E0000 00:00:1785775509.321833  290536 linear_solver.cc:2026] No solution exists. MPSolverInterface::result_status_ = MPSOLVER_INFEASIBLE
E0000 00:00:1785775509.365352  290536 linear_solver.cc:2026] No solution exists. MPSolverInterface::result_status_ = MPSOLVER_INFEASIBLE
E0000 00:00:1785775509.409315  290536 linear_solver.cc:2026] No solution exists. MPSolverInterface::result_status_ = MPSOLVER_INFEASIBLE
E0000 00:00:1785775509.452646  290536 linear_solver.cc:2026] No solution exists. MPSolverInterface::result_status_ = MPSOLVER_INFEASIBLE
E0000 00:00:1785775509.495425  290536 linear_solver.cc:2026] No solution exists. MPSolverInterface::result_status_ = MPSOLVER_INFEASIBLE
E0000 00:00:1785775510.008843  290536 linear_solver.cc:2026] No solution exists. MPSolverInterface::result_status_ = MPSOLVER_INFEASIBLE
E0000 00:00:1785775510.046550  290536 linear_solver.cc:2026] No solution exists. MPSolverInterface::result_status_ = MPSOLVER_INFEASIBLE
E0000 00:00:1785775510.084533  290536 linear_solver.cc:2026] No solution exists. MPSolverInterface::result_status_ = MPSOLVER_INFEASIBLE
E0000 00:00:1785775510.122330  290536 linear_solver.cc:2026] No solution exists. MPSolverInterface::result_status_ = MPSOLVER_INFEASIBLE
E0000 00:00:1785775510.160813  290536 linear_solver.cc:2026] No solution exists. MPSolverInterface::result_status_ = MPSOLVER_INFEASIBLE
E0000 00:00:1785775510.198964  290536 linear_solver.cc:2026] No solution exists. MPSolverInterface::result_status_ = MPSOLVER_INFEASIBLE
E0000 00:00:1785775510.237566  290536 linear_solver.cc:2026] No solution exists. MPSolverInterface::result_status_ = MPSOLVER_INFEASIBLE
E0000 00:00:1785775510.275999  290536 linear_solver.cc:2026] No solution exists. MPSolverInterface::result_status_ = MPSOLVER_INFEASIBLE
E0000 00:00:1785775510.815985  290536 linear_solver.cc:2026] No solution exists. MPSolverInterface::result_status_ = MPSOLVER_INFEASIBLE
E0000 00:00:1785775510.863450  290536 linear_solver.cc:2026] No solution exists. MPSolverInterface::result_status_ = MPSOLVER_INFEASIBLE
E0000 00:00:1785775510.910818  290536 linear_solver.cc:2026] No solution exists. MPSolverInterface::result_status_ = MPSOLVER_INFEASIBLE
E0000 00:00:1785775510.958545  290536 linear_solver.cc:2026] No solution exists. MPSolverInterface::result_status_ = MPSOLVER_INFEASIBLE
E0000 00:00:1785775511.005941  290536 linear_solver.cc:2026] No solution exists. MPSolverInterface::result_status_ = MPSOLVER_INFEASIBLE
E0000 00:00:1785775511.053502  290536 linear_solver.cc:2026] No solution exists. MPSolverInterface::result_status_ = MPSOLVER_INFEASIBLE
E0000 00:00:1785775511.100650  290536 linear_solver.cc:2026] No solution exists. MPSolverInterface::result_status_ = MPSOLVER_INFEASIBLE
E0000 00:00:1785775511.147896  290536 linear_solver.cc:2026] No solution exists. MPSolverInterface::result_status_ = MPSOLVER_INFEASIBLE
E0000 00:00:1785775511.692824  290536 linear_solver.cc:2026] No solution exists. MPSolverInterface::result_status_ = MPSOLVER_INFEASIBLE
E0000 00:00:1785775511.732276  290536 linear_solver.cc:2026] No solution exists. MPSolverInterface::result_status_ = MPSOLVER_INFEASIBLE
E0000 00:00:1785775511.772193  290536 linear_solver.cc:2026] No solution exists. MPSolverInterface::result_status_ = MPSOLVER_INFEASIBLE
E0000 00:00:1785775511.812471  290536 linear_solver.cc:2026] No solution exists. MPSolverInterface::result_status_ = MPSOLVER_INFEASIBLE
E0000 00:00:1785775511.852709  290536 linear_solver.cc:2026] No solution exists. MPSolverInterface::result_status_ = MPSOLVER_INFEASIBLE
E0000 00:00:1785775511.893590  290536 linear_solver.cc:2026] No solution exists. MPSolverInterface::result_status_ = MPSOLVER_INFEASIBLE
E0000 00:00:1785775511.935924  290536 linear_solver.cc:2026] No solution exists. MPSolverInterface::result_status_ = MPSOLVER_INFEASIBLE
E0000 00:00:1785775511.977196  290536 linear_solver.cc:2026] No solution exists. MPSolverInterface::result_status_ = MPSOLVER_INFEASIBLE
E0000 00:00:1785775516.336455  290536 linear_solver.cc:2026] No solution exists. MPSolverInterface::result_status_ = MPSOLVER_INFEASIBLE
E0000 00:00:1785775516.396397  290536 linear_solver.cc:2026] No solution exists. MPSolverInterface::result_status_ = MPSOLVER_INFEASIBLE
E0000 00:00:1785775520.747925  290536 linear_solver.cc:2026] No solution exists. MPSolverInterface::result_status_ = MPSOLVER_INFEASIBLE
E0000 00:00:1785775520.790296  290536 linear_solver.cc:2026] No solution exists. MPSolverInterface::result_status_ = MPSOLVER_INFEASIBLE
E0000 00:00:1785775523.388006  290536 linear_solver.cc:2026] No solution exists. MPSolverInterface::result_status_ = MPSOLVER_INFEASIBLE
E0000 00:00:1785775523.417270  290536 linear_solver.cc:2026] No solution exists. MPSolverInterface::result_status_ = MPSOLVER_INFEASIBLE
E0000 00:00:1785775525.443475  290536 linear_solver.cc:2026] No solution exists. MPSolverInterface::result_status_ = MPSOLVER_INFEASIBLE
E0000 00:00:1785775525.471136  290536 linear_solver.cc:2026] No solution exists. MPSolverInterface::result_status_ = MPSOLVER_INFEASIBLE
E0000 00:00:1785775526.988635  290536 linear_solver.cc:2026] No solution exists. MPSolverInterface::result_status_ = MPSOLVER_INFEASIBLE
E0000 00:00:1785775527.011047  290536 linear_solver.cc:2026] No solution exists. MPSolverInterface::result_status_ = MPSOLVER_INFEASIBLE
E0000 00:00:1785775528.275663  290536 linear_solver.cc:2026] No solution exists. MPSolverInterface::result_status_ = MPSOLVER_INFEASIBLE
E0000 00:00:1785775528.297751  290536 linear_solver.cc:2026] No solution exists. MPSolverInterface::result_status_ = MPSOLVER_INFEASIBLE
E0000 00:00:1785775529.294791  290536 linear_solver.cc:2026] No solution exists. MPSolverInterface::result_status_ = MPSOLVER_INFEASIBLE
E0000 00:00:1785775529.313012  290536 linear_solver.cc:2026] No solution exists. MPSolverInterface::result_status_ = MPSOLVER_INFEASIBLE
E0000 00:00:1785775531.472434  290536 linear_solver.cc:2026] No solution exists. MPSolverInterface::result_status_ = MPSOLVER_INFEASIBLE
E0000 00:00:1785775531.510407  290536 linear_solver.cc:2026] No solution exists. MPSolverInterface::result_status_ = MPSOLVER_INFEASIBLE
E0000 00:00:1785775531.548304  290536 linear_solver.cc:2026] No solution exists. MPSolverInterface::result_status_ = MPSOLVER_INFEASIBLE
E0000 00:00:1785775531.587617  290536 linear_solver.cc:2026] No solution exists. MPSolverInterface::result_status_ = MPSOLVER_INFEASIBLE
E0000 00:00:1785775531.625775  290536 linear_solver.cc:2026] No solution exists. MPSolverInterface::result_status_ = MPSOLVER_INFEASIBLE
E0000 00:00:1785775531.663896  290536 linear_solver.cc:2026] No solution exists. MPSolverInterface::result_status_ = MPSOLVER_INFEASIBLE
E0000 00:00:1785775531.702209  290536 linear_solver.cc:2026] No solution exists. MPSolverInterface::result_status_ = MPSOLVER_INFEASIBLE
E0000 00:00:1785775531.741121  290536 linear_solver.cc:2026] No solution exists. MPSolverInterface::result_status_ = MPSOLVER_INFEASIBLE
E0000 00:00:1785775532.325199  290536 linear_solver.cc:2026] No solution exists. MPSolverInterface::result_status_ = MPSOLVER_INFEASIBLE
E0000 00:00:1785775532.374776  290536 linear_solver.cc:2026] No solution exists. MPSolverInterface::result_status_ = MPSOLVER_INFEASIBLE
E0000 00:00:1785775532.424289  290536 linear_solver.cc:2026] No solution exists. MPSolverInterface::result_status_ = MPSOLVER_INFEASIBLE
E0000 00:00:1785775532.474284  290536 linear_solver.cc:2026] No solution exists. MPSolverInterface::result_status_ = MPSOLVER_INFEASIBLE
E0000 00:00:1785775532.523916  290536 linear_solver.cc:2026] No solution exists. MPSolverInterface::result_status_ = MPSOLVER_INFEASIBLE
E0000 00:00:1785775532.573851  290536 linear_solver.cc:2026] No solution exists. MPSolverInterface::result_status_ = MPSOLVER_INFEASIBLE
E0000 00:00:1785775532.623490  290536 linear_solver.cc:2026] No solution exists. MPSolverInterface::result_status_ = MPSOLVER_INFEASIBLE
E0000 00:00:1785775532.673074  290536 linear_solver.cc:2026] No solution exists. MPSolverInterface::result_status_ = MPSOLVER_INFEASIBLE
E0000 00:00:1785775533.264228  290536 linear_solver.cc:2026] No solution exists. MPSolverInterface::result_status_ = MPSOLVER_INFEASIBLE
E0000 00:00:1785775533.313960  290536 linear_solver.cc:2026] No solution exists. MPSolverInterface::result_status_ = MPSOLVER_INFEASIBLE
E0000 00:00:1785775533.364390  290536 linear_solver.cc:2026] No solution exists. MPSolverInterface::result_status_ = MPSOLVER_INFEASIBLE
E0000 00:00:1785775533.414570  290536 linear_solver.cc:2026] No solution exists. MPSolverInterface::result_status_ = MPSOLVER_INFEASIBLE
E0000 00:00:1785775533.465028  290536 linear_solver.cc:2026] No solution exists. MPSolverInterface::result_status_ = MPSOLVER_INFEASIBLE
E0000 00:00:1785775533.516185  290536 linear_solver.cc:2026] No solution exists. MPSolverInterface::result_status_ = MPSOLVER_INFEASIBLE
E0000 00:00:1785775533.567423  290536 linear_solver.cc:2026] No solution exists. MPSolverInterface::result_status_ = MPSOLVER_INFEASIBLE
E0000 00:00:1785775533.617632  290536 linear_solver.cc:2026] No solution exists. MPSolverInterface::result_status_ = MPSOLVER_INFEASIBLE
E0000 00:00:1785775534.234512  290536 linear_solver.cc:2026] No solution exists. MPSolverInterface::result_status_ = MPSOLVER_INFEASIBLE
E0000 00:00:1785775534.286016  290536 linear_solver.cc:2026] No solution exists. MPSolverInterface::result_status_ = MPSOLVER_INFEASIBLE
E0000 00:00:1785775534.338082  290536 linear_solver.cc:2026] No solution exists. MPSolverInterface::result_status_ = MPSOLVER_INFEASIBLE
E0000 00:00:1785775534.388890  290536 linear_solver.cc:2026] No solution exists. MPSolverInterface::result_status_ = MPSOLVER_INFEASIBLE
E0000 00:00:1785775534.440386  290536 linear_solver.cc:2026] No solution exists. MPSolverInterface::result_status_ = MPSOLVER_INFEASIBLE
E0000 00:00:1785775534.491906  290536 linear_solver.cc:2026] No solution exists. MPSolverInterface::result_status_ = MPSOLVER_INFEASIBLE
E0000 00:00:1785775534.543352  290536 linear_solver.cc:2026] No solution exists. MPSolverInterface::result_status_ = MPSOLVER_INFEASIBLE
E0000 00:00:1785775534.594556  290536 linear_solver.cc:2026] No solution exists. MPSolverInterface::result_status_ = MPSOLVER_INFEASIBLE
E0000 00:00:1785775542.855669  290536 linear_solver.cc:2026] No solution exists. MPSolverInterface::result_status_ = MPSOLVER_INFEASIBLE
E0000 00:00:1785775542.946669  290536 linear_solver.cc:2026] No solution exists. MPSolverInterface::result_status_ = MPSOLVER_INFEASIBLE
E0000 00:00:1785775554.762433  290536 linear_solver.cc:2026] No solution exists. MPSolverInterface::result_status_ = MPSOLVER_INFEASIBLE
E0000 00:00:1785775554.801252  290536 linear_solver.cc:2026] No solution exists. MPSolverInterface::result_status_ = MPSOLVER_INFEASIBLE
E0000 00:00:1785775555.562028  290536 linear_solver.cc:2026] No solution exists. MPSolverInterface::result_status_ = MPSOLVER_INFEASIBLE
E0000 00:00:1785775555.571466  290536 linear_solver.cc:2026] No solution exists. MPSolverInterface::result_status_ = MPSOLVER_INFEASIBLE
E0000 00:00:1785775556.903816  290536 linear_solver.cc:2026] No solution exists. MPSolverInterface::result_status_ = MPSOLVER_INFEASIBLE
E0000 00:00:1785775556.947563  290536 linear_solver.cc:2026] No solution exists. MPSolverInterface::result_status_ = MPSOLVER_INFEASIBLE
E0000 00:00:1785775556.991402  290536 linear_solver.cc:2026] No solution exists. MPSolverInterface::result_status_ = MPSOLVER_INFEASIBLE
E0000 00:00:1785775557.034793  290536 linear_solver.cc:2026] No solution exists. MPSolverInterface::result_status_ = MPSOLVER_INFEASIBLE
E0000 00:00:1785775557.078325  290536 linear_solver.cc:2026] No solution exists. MPSolverInterface::result_status_ = MPSOLVER_INFEASIBLE
E0000 00:00:1785775557.122024  290536 linear_solver.cc:2026] No solution exists. MPSolverInterface::result_status_ = MPSOLVER_INFEASIBLE
E0000 00:00:1785775557.165377  290536 linear_solver.cc:2026] No solution exists. MPSolverInterface::result_status_ = MPSOLVER_INFEASIBLE
E0000 00:00:1785775557.208940  290536 linear_solver.cc:2026] No solution exists. MPSolverInterface::result_status_ = MPSOLVER_INFEASIBLE
E0000 00:00:1785775557.717761  290536 linear_solver.cc:2026] No solution exists. MPSolverInterface::result_status_ = MPSOLVER_INFEASIBLE
E0000 00:00:1785775557.730741  290536 linear_solver.cc:2026] No solution exists. MPSolverInterface::result_status_ = MPSOLVER_INFEASIBLE
E0000 00:00:1785775558.080396  290536 linear_solver.cc:2026] No solution exists. MPSolverInterface::result_status_ = MPSOLVER_INFEASIBLE
E0000 00:00:1785775558.120451  290536 linear_solver.cc:2026] No solution exists. MPSolverInterface::result_status_ = MPSOLVER_INFEASIBLE
E0000 00:00:1785775558.160078  290536 linear_solver.cc:2026] No solution exists. MPSolverInterface::result_status_ = MPSOLVER_INFEASIBLE
E0000 00:00:1785775558.200280  290536 linear_solver.cc:2026] No solution exists. MPSolverInterface::result_status_ = MPSOLVER_INFEASIBLE
E0000 00:00:1785775558.240353  290536 linear_solver.cc:2026] No solution exists. MPSolverInterface::result_status_ = MPSOLVER_INFEASIBLE
E0000 00:00:1785775558.280397  290536 linear_solver.cc:2026] No solution exists. MPSolverInterface::result_status_ = MPSOLVER_INFEASIBLE
E0000 00:00:1785775558.320368  290536 linear_solver.cc:2026] No solution exists. MPSolverInterface::result_status_ = MPSOLVER_INFEASIBLE
E0000 00:00:1785775558.361149  290536 linear_solver.cc:2026] No solution exists. MPSolverInterface::result_status_ = MPSOLVER_INFEASIBLE
E0000 00:00:1785775561.321482  290536 linear_solver.cc:2026] No solution exists. MPSolverInterface::result_status_ = MPSOLVER_INFEASIBLE
E0000 00:00:1785775561.368853  290536 linear_solver.cc:2026] No solution exists. MPSolverInterface::result_status_ = MPSOLVER_INFEASIBLE
E0000 00:00:1785775561.416310  290536 linear_solver.cc:2026] No solution exists. MPSolverInterface::result_status_ = MPSOLVER_INFEASIBLE
E0000 00:00:1785775561.463408  290536 linear_solver.cc:2026] No solution exists. MPSolverInterface::result_status_ = MPSOLVER_INFEASIBLE
E0000 00:00:1785775561.510174  290536 linear_solver.cc:2026] No solution exists. MPSolverInterface::result_status_ = MPSOLVER_INFEASIBLE
E0000 00:00:1785775561.557421  290536 linear_solver.cc:2026] No solution exists. MPSolverInterface::result_status_ = MPSOLVER_INFEASIBLE
E0000 00:00:1785775561.604158  290536 linear_solver.cc:2026] No solution exists. MPSolverInterface::result_status_ = MPSOLVER_INFEASIBLE
E0000 00:00:1785775561.650770  290536 linear_solver.cc:2026] No solution exists. MPSolverInterface::result_status_ = MPSOLVER_INFEASIBLE
E0000 00:00:1785775569.556606  290536 linear_solver.cc:2026] No solution exists. MPSolverInterface::result_status_ = MPSOLVER_INFEASIBLE
E0000 00:00:1785775569.598348  290536 linear_solver.cc:2026] No solution exists. MPSolverInterface::result_status_ = MPSOLVER_INFEASIBLE
E0000 00:00:1785775571.053976  290536 linear_solver.cc:2026] No solution exists. MPSolverInterface::result_status_ = MPSOLVER_INFEASIBLE
E0000 00:00:1785775571.104583  290536 linear_solver.cc:2026] No solution exists. MPSolverInterface::result_status_ = MPSOLVER_INFEASIBLE
E0000 00:00:1785775571.154120  290536 linear_solver.cc:2026] No solution exists. MPSolverInterface::result_status_ = MPSOLVER_INFEASIBLE
E0000 00:00:1785775571.205357  290536 linear_solver.cc:2026] No solution exists. MPSolverInterface::result_status_ = MPSOLVER_INFEASIBLE
E0000 00:00:1785775571.255659  290536 linear_solver.cc:2026] No solution exists. MPSolverInterface::result_status_ = MPSOLVER_INFEASIBLE
E0000 00:00:1785775571.305654  290536 linear_solver.cc:2026] No solution exists. MPSolverInterface::result_status_ = MPSOLVER_INFEASIBLE
E0000 00:00:1785775571.355554  290536 linear_solver.cc:2026] No solution exists. MPSolverInterface::result_status_ = MPSOLVER_INFEASIBLE
E0000 00:00:1785775571.405949  290536 linear_solver.cc:2026] No solution exists. MPSolverInterface::result_status_ = MPSOLVER_INFEASIBLE
E0000 00:00:1785775572.020013  290536 linear_solver.cc:2026] No solution exists. MPSolverInterface::result_status_ = MPSOLVER_INFEASIBLE
E0000 00:00:1785775572.069324  290536 linear_solver.cc:2026] No solution exists. MPSolverInterface::result_status_ = MPSOLVER_INFEASIBLE
E0000 00:00:1785775572.118868  290536 linear_solver.cc:2026] No solution exists. MPSolverInterface::result_status_ = MPSOLVER_INFEASIBLE
E0000 00:00:1785775572.166763  290536 linear_solver.cc:2026] No solution exists. MPSolverInterface::result_status_ = MPSOLVER_INFEASIBLE
E0000 00:00:1785775572.212293  290536 linear_solver.cc:2026] No solution exists. MPSolverInterface::result_status_ = MPSOLVER_INFEASIBLE
E0000 00:00:1785775572.255845  290536 linear_solver.cc:2026] No solution exists. MPSolverInterface::result_status_ = MPSOLVER_INFEASIBLE
E0000 00:00:1785775572.298755  290536 linear_solver.cc:2026] No solution exists. MPSolverInterface::result_status_ = MPSOLVER_INFEASIBLE
E0000 00:00:1785775572.342488  290536 linear_solver.cc:2026] No solution exists. MPSolverInterface::result_status_ = MPSOLVER_INFEASIBLE
E0000 00:00:1785775572.887201  290536 linear_solver.cc:2026] No solution exists. MPSolverInterface::result_status_ = MPSOLVER_INFEASIBLE
E0000 00:00:1785775572.927194  290536 linear_solver.cc:2026] No solution exists. MPSolverInterface::result_status_ = MPSOLVER_INFEASIBLE
E0000 00:00:1785775572.967222  290536 linear_solver.cc:2026] No solution exists. MPSolverInterface::result_status_ = MPSOLVER_INFEASIBLE
E0000 00:00:1785775573.007928  290536 linear_solver.cc:2026] No solution exists. MPSolverInterface::result_status_ = MPSOLVER_INFEASIBLE
E0000 00:00:1785775573.049099  290536 linear_solver.cc:2026] No solution exists. MPSolverInterface::result_status_ = MPSOLVER_INFEASIBLE
E0000 00:00:1785775573.089584  290536 linear_solver.cc:2026] No solution exists. MPSolverInterface::result_status_ = MPSOLVER_INFEASIBLE
E0000 00:00:1785775573.130528  290536 linear_solver.cc:2026] No solution exists. MPSolverInterface::result_status_ = MPSOLVER_INFEASIBLE
E0000 00:00:1785775573.171398  290536 linear_solver.cc:2026] No solution exists. MPSolverInterface::result_status_ = MPSOLVER_INFEASIBLE
E0000 00:00:1785775575.745754  290536 linear_solver.cc:2026] No solution exists. MPSolverInterface::result_status_ = MPSOLVER_INFEASIBLE
E0000 00:00:1785775575.788521  290536 linear_solver.cc:2026] No solution exists. MPSolverInterface::result_status_ = MPSOLVER_INFEASIBLE
E0000 00:00:1785775575.831527  290536 linear_solver.cc:2026] No solution exists. MPSolverInterface::result_status_ = MPSOLVER_INFEASIBLE
E0000 00:00:1785775575.874158  290536 linear_solver.cc:2026] No solution exists. MPSolverInterface::result_status_ = MPSOLVER_INFEASIBLE
E0000 00:00:1785775575.915798  290536 linear_solver.cc:2026] No solution exists. MPSolverInterface::result_status_ = MPSOLVER_INFEASIBLE
E0000 00:00:1785775575.958420  290536 linear_solver.cc:2026] No solution exists. MPSolverInterface::result_status_ = MPSOLVER_INFEASIBLE
E0000 00:00:1785775576.000460  290536 linear_solver.cc:2026] No solution exists. MPSolverInterface::result_status_ = MPSOLVER_INFEASIBLE
E0000 00:00:1785775576.042503  290536 linear_solver.cc:2026] No solution exists. MPSolverInterface::result_status_ = MPSOLVER_INFEASIBLE
E0000 00:00:1785775587.599223  290536 linear_solver.cc:2026] No solution exists. MPSolverInterface::result_status_ = MPSOLVER_INFEASIBLE
E0000 00:00:1785775587.686000  290536 linear_solver.cc:2026] No solution exists. MPSolverInterface::result_status_ = MPSOLVER_INFEASIBLE
E0000 00:00:1785775607.601956  290536 linear_solver.cc:2026] No solution exists. MPSolverInterface::result_status_ = MPSOLVER_INFEASIBLE
E0000 00:00:1785775607.681702  290536 linear_solver.cc:2026] No solution exists. MPSolverInterface::result_status_ = MPSOLVER_INFEASIBLE
E0000 00:00:1785775614.632715  290536 linear_solver.cc:2026] No solution exists. MPSolverInterface::result_status_ = MPSOLVER_INFEASIBLE
E0000 00:00:1785775614.679900  290536 linear_solver.cc:2026] No solution exists. MPSolverInterface::result_status_ = MPSOLVER_INFEASIBLE
E0000 00:00:1785775617.871326  290536 linear_solver.cc:2026] No solution exists. MPSolverInterface::result_status_ = MPSOLVER_INFEASIBLE
E0000 00:00:1785775617.916245  290536 linear_solver.cc:2026] No solution exists. MPSolverInterface::result_status_ = MPSOLVER_INFEASIBLE
E0000 00:00:1785775617.961219  290536 linear_solver.cc:2026] No solution exists. MPSolverInterface::result_status_ = MPSOLVER_INFEASIBLE
E0000 00:00:1785775618.006240  290536 linear_solver.cc:2026] No solution exists. MPSolverInterface::result_status_ = MPSOLVER_INFEASIBLE
E0000 00:00:1785775618.051055  290536 linear_solver.cc:2026] No solution exists. MPSolverInterface::result_status_ = MPSOLVER_INFEASIBLE
E0000 00:00:1785775618.095623  290536 linear_solver.cc:2026] No solution exists. MPSolverInterface::result_status_ = MPSOLVER_INFEASIBLE
E0000 00:00:1785775618.140111  290536 linear_solver.cc:2026] No solution exists. MPSolverInterface::result_status_ = MPSOLVER_INFEASIBLE
E0000 00:00:1785775618.184518  290536 linear_solver.cc:2026] No solution exists. MPSolverInterface::result_status_ = MPSOLVER_INFEASIBLE
E0000 00:00:1785775631.911957  290536 linear_solver.cc:2026] No solution exists. MPSolverInterface::result_status_ = MPSOLVER_INFEASIBLE
E0000 00:00:1785775631.955622  290536 linear_solver.cc:2026] No solution exists. MPSolverInterface::result_status_ = MPSOLVER_INFEASIBLE
E0000 00:00:1785775631.999997  290536 linear_solver.cc:2026] No solution exists. MPSolverInterface::result_status_ = MPSOLVER_INFEASIBLE
E0000 00:00:1785775632.044313  290536 linear_solver.cc:2026] No solution exists. MPSolverInterface::result_status_ = MPSOLVER_INFEASIBLE
E0000 00:00:1785775632.087968  290536 linear_solver.cc:2026] No solution exists. MPSolverInterface::result_status_ = MPSOLVER_INFEASIBLE
E0000 00:00:1785775632.131405  290536 linear_solver.cc:2026] No solution exists. MPSolverInterface::result_status_ = MPSOLVER_INFEASIBLE
E0000 00:00:1785775632.175182  290536 linear_solver.cc:2026] No solution exists. MPSolverInterface::result_status_ = MPSOLVER_INFEASIBLE
E0000 00:00:1785775632.219045  290536 linear_solver.cc:2026] No solution exists. MPSolverInterface::result_status_ = MPSOLVER_INFEASIBLE
E0000 00:00:1785775635.720187  290536 linear_solver.cc:2026] No solution exists. MPSolverInterface::result_status_ = MPSOLVER_INFEASIBLE
E0000 00:00:1785775635.763736  290536 linear_solver.cc:2026] No solution exists. MPSolverInterface::result_status_ = MPSOLVER_INFEASIBLE
E0000 00:00:1785775635.807463  290536 linear_solver.cc:2026] No solution exists. MPSolverInterface::result_status_ = MPSOLVER_INFEASIBLE
E0000 00:00:1785775639.151652  290536 linear_solver.cc:2026] No solution exists. MPSolverInterface::result_status_ = MPSOLVER_INFEASIBLE
E0000 00:00:1785775639.212604  290536 linear_solver.cc:2026] No solution exists. MPSolverInterface::result_status_ = MPSOLVER_INFEASIBLE
E0000 00:00:1785775639.273635  290536 linear_solver.cc:2026] No solution exists. MPSolverInterface::result_status_ = MPSOLVER_INFEASIBLE
E0000 00:00:1785775639.333382  290536 linear_solver.cc:2026] No solution exists. MPSolverInterface::result_status_ = MPSOLVER_INFEASIBLE
E0000 00:00:1785775639.394445  290536 linear_solver.cc:2026] No solution exists. MPSolverInterface::result_status_ = MPSOLVER_INFEASIBLE
E0000 00:00:1785775644.498637  290536 linear_solver.cc:2026] No solution exists. MPSolverInterface::result_status_ = MPSOLVER_INFEASIBLE
E0000 00:00:1785775644.509597  290536 linear_solver.cc:2026] No solution exists. MPSolverInterface::result_status_ = MPSOLVER_INFEASIBLE
E0000 00:00:1785775645.126488  290536 linear_solver.cc:2026] No solution exists. MPSolverInterface::result_status_ = MPSOLVER_INFEASIBLE
E0000 00:00:1785775645.166012  290536 linear_solver.cc:2026] No solution exists. MPSolverInterface::result_status_ = MPSOLVER_INFEASIBLE
E0000 00:00:1785775645.206159  290536 linear_solver.cc:2026] No solution exists. MPSolverInterface::result_status_ = MPSOLVER_INFEASIBLE
E0000 00:00:1785775645.246153  290536 linear_solver.cc:2026] No solution exists. MPSolverInterface::result_status_ = MPSOLVER_INFEASIBLE
E0000 00:00:1785775645.285813  290536 linear_solver.cc:2026] No solution exists. MPSolverInterface::result_status_ = MPSOLVER_INFEASIBLE
E0000 00:00:1785775645.326160  290536 linear_solver.cc:2026] No solution exists. MPSolverInterface::result_status_ = MPSOLVER_INFEASIBLE
E0000 00:00:1785775645.366067  290536 linear_solver.cc:2026] No solution exists. MPSolverInterface::result_status_ = MPSOLVER_INFEASIBLE
E0000 00:00:1785775645.406443  290536 linear_solver.cc:2026] No solution exists. MPSolverInterface::result_status_ = MPSOLVER_INFEASIBLE
E0000 00:00:1785775645.872745  290536 linear_solver.cc:2026] No solution exists. MPSolverInterface::result_status_ = MPSOLVER_INFEASIBLE
E0000 00:00:1785775645.907512  290536 linear_solver.cc:2026] No solution exists. MPSolverInterface::result_status_ = MPSOLVER_INFEASIBLE
E0000 00:00:1785775645.941697  290536 linear_solver.cc:2026] No solution exists. MPSolverInterface::result_status_ = MPSOLVER_INFEASIBLE
E0000 00:00:1785775645.977343  290536 linear_solver.cc:2026] No solution exists. MPSolverInterface::result_status_ = MPSOLVER_INFEASIBLE
E0000 00:00:1785775646.014899  290536 linear_solver.cc:2026] No solution exists. MPSolverInterface::result_status_ = MPSOLVER_INFEASIBLE
E0000 00:00:1785775646.052886  290536 linear_solver.cc:2026] No solution exists. MPSolverInterface::result_status_ = MPSOLVER_INFEASIBLE
E0000 00:00:1785775646.089652  290536 linear_solver.cc:2026] No solution exists. MPSolverInterface::result_status_ = MPSOLVER_INFEASIBLE
E0000 00:00:1785775646.123798  290536 linear_solver.cc:2026] No solution exists. MPSolverInterface::result_status_ = MPSOLVER_INFEASIBLE
E0000 00:00:1785775646.550561  290536 linear_solver.cc:2026] No solution exists. MPSolverInterface::result_status_ = MPSOLVER_INFEASIBLE
E0000 00:00:1785775646.584668  290536 linear_solver.cc:2026] No solution exists. MPSolverInterface::result_status_ = MPSOLVER_INFEASIBLE
E0000 00:00:1785775646.619229  290536 linear_solver.cc:2026] No solution exists. MPSolverInterface::result_status_ = MPSOLVER_INFEASIBLE
E0000 00:00:1785775646.653477  290536 linear_solver.cc:2026] No solution exists. MPSolverInterface::result_status_ = MPSOLVER_INFEASIBLE
E0000 00:00:1785775646.687388  290536 linear_solver.cc:2026] No solution exists. MPSolverInterface::result_status_ = MPSOLVER_INFEASIBLE
E0000 00:00:1785775646.721238  290536 linear_solver.cc:2026] No solution exists. MPSolverInterface::result_status_ = MPSOLVER_INFEASIBLE
E0000 00:00:1785775646.755837  290536 linear_solver.cc:2026] No solution exists. MPSolverInterface::result_status_ = MPSOLVER_INFEASIBLE
E0000 00:00:1785775646.790414  290536 linear_solver.cc:2026] No solution exists. MPSolverInterface::result_status_ = MPSOLVER_INFEASIBLE
E0000 00:00:1785775647.096238  290536 linear_solver.cc:2026] No solution exists. MPSolverInterface::result_status_ = MPSOLVER_INFEASIBLE
E0000 00:00:1785775647.106973  290536 linear_solver.cc:2026] No solution exists. MPSolverInterface::result_status_ = MPSOLVER_INFEASIBLE
E0000 00:00:1785775647.117532  290536 linear_solver.cc:2026] No solution exists. MPSolverInterface::result_status_ = MPSOLVER_INFEASIBLE
E0000 00:00:1785775647.128099  290536 linear_solver.cc:2026] No solution exists. MPSolverInterface::result_status_ = MPSOLVER_INFEASIBLE
E0000 00:00:1785775647.138794  290536 linear_solver.cc:2026] No solution exists. MPSolverInterface::result_status_ = MPSOLVER_INFEASIBLE
E0000 00:00:1785775647.149546  290536 linear_solver.cc:2026] No solution exists. MPSolverInterface::result_status_ = MPSOLVER_INFEASIBLE
E0000 00:00:1785775647.160194  290536 linear_solver.cc:2026] No solution exists. MPSolverInterface::result_status_ = MPSOLVER_INFEASIBLE
E0000 00:00:1785775647.170845  290536 linear_solver.cc:2026] No solution exists. MPSolverInterface::result_status_ = MPSOLVER_INFEASIBLE
E0000 00:00:1785775647.295874  290536 linear_solver.cc:2026] No solution exists. MPSolverInterface::result_status_ = MPSOLVER_INFEASIBLE
E0000 00:00:1785775647.307292  290536 linear_solver.cc:2026] No solution exists. MPSolverInterface::result_status_ = MPSOLVER_INFEASIBLE
E0000 00:00:1785775647.318478  290536 linear_solver.cc:2026] No solution exists. MPSolverInterface::result_status_ = MPSOLVER_INFEASIBLE
E0000 00:00:1785775647.329512  290536 linear_solver.cc:2026] No solution exists. MPSolverInterface::result_status_ = MPSOLVER_INFEASIBLE
E0000 00:00:1785775647.340631  290536 linear_solver.cc:2026] No solution exists. MPSolverInterface::result_status_ = MPSOLVER_INFEASIBLE
E0000 00:00:1785775647.351697  290536 linear_solver.cc:2026] No solution exists. MPSolverInterface::result_status_ = MPSOLVER_INFEASIBLE
E0000 00:00:1785775647.362533  290536 linear_solver.cc:2026] No solution exists. MPSolverInterface::result_status_ = MPSOLVER_INFEASIBLE
E0000 00:00:1785775647.373267  290536 linear_solver.cc:2026] No solution exists. MPSolverInterface::result_status_ = MPSOLVER_INFEASIBLE
E0000 00:00:1785775652.315156  290536 linear_solver.cc:2026] No solution exists. MPSolverInterface::result_status_ = MPSOLVER_INFEASIBLE
E0000 00:00:1785775652.331622  290536 linear_solver.cc:2026] No solution exists. MPSolverInterface::result_status_ = MPSOLVER_INFEASIBLE
E0000 00:00:1785775652.675645  290536 linear_solver.cc:2026] No solution exists. MPSolverInterface::result_status_ = MPSOLVER_INFEASIBLE
E0000 00:00:1785775652.690807  290536 linear_solver.cc:2026] No solution exists. MPSolverInterface::result_status_ = MPSOLVER_INFEASIBLE
E0000 00:00:1785775653.116563  290536 linear_solver.cc:2026] No solution exists. MPSolverInterface::result_status_ = MPSOLVER_INFEASIBLE
E0000 00:00:1785775653.144265  290536 linear_solver.cc:2026] No solution exists. MPSolverInterface::result_status_ = MPSOLVER_INFEASIBLE
E0000 00:00:1785775653.172205  290536 linear_solver.cc:2026] No solution exists. MPSolverInterface::result_status_ = MPSOLVER_INFEASIBLE
E0000 00:00:1785775653.200270  290536 linear_solver.cc:2026] No solution exists. MPSolverInterface::result_status_ = MPSOLVER_INFEASIBLE
E0000 00:00:1785775653.228896  290536 linear_solver.cc:2026] No solution exists. MPSolverInterface::result_status_ = MPSOLVER_INFEASIBLE
E0000 00:00:1785775653.256964  290536 linear_solver.cc:2026] No solution exists. MPSolverInterface::result_status_ = MPSOLVER_INFEASIBLE
E0000 00:00:1785775653.285209  290536 linear_solver.cc:2026] No solution exists. MPSolverInterface::result_status_ = MPSOLVER_INFEASIBLE
E0000 00:00:1785775653.313449  290536 linear_solver.cc:2026] No solution exists. MPSolverInterface::result_status_ = MPSOLVER_INFEASIBLE
E0000 00:00:1785775665.447210  290536 linear_solver.cc:2026] No solution exists. MPSolverInterface::result_status_ = MPSOLVER_INFEASIBLE
E0000 00:00:1785775665.495572  290536 linear_solver.cc:2026] No solution exists. MPSolverInterface::result_status_ = MPSOLVER_INFEASIBLE
E0000 00:00:1785775665.543570  290536 linear_solver.cc:2026] No solution exists. MPSolverInterface::result_status_ = MPSOLVER_INFEASIBLE
E0000 00:00:1785775665.591520  290536 linear_solver.cc:2026] No solution exists. MPSolverInterface::result_status_ = MPSOLVER_INFEASIBLE
E0000 00:00:1785775665.639232  290536 linear_solver.cc:2026] No solution exists. MPSolverInterface::result_status_ = MPSOLVER_INFEASIBLE
E0000 00:00:1785775665.686961  290536 linear_solver.cc:2026] No solution exists. MPSolverInterface::result_status_ = MPSOLVER_INFEASIBLE
E0000 00:00:1785775665.734446  290536 linear_solver.cc:2026] No solution exists. MPSolverInterface::result_status_ = MPSOLVER_INFEASIBLE
E0000 00:00:1785775665.782059  290536 linear_solver.cc:2026] No solution exists. MPSolverInterface::result_status_ = MPSOLVER_INFEASIBLE
E0000 00:00:1785775672.031538  290536 linear_solver.cc:2026] No solution exists. MPSolverInterface::result_status_ = MPSOLVER_INFEASIBLE
E0000 00:00:1785775672.055333  290536 linear_solver.cc:2026] No solution exists. MPSolverInterface::result_status_ = MPSOLVER_INFEASIBLE
E0000 00:00:1785775673.134192  290536 linear_solver.cc:2026] No solution exists. MPSolverInterface::result_status_ = MPSOLVER_INFEASIBLE
E0000 00:00:1785775673.170478  290536 linear_solver.cc:2026] No solution exists. MPSolverInterface::result_status_ = MPSOLVER_INFEASIBLE
E0000 00:00:1785775673.206577  290536 linear_solver.cc:2026] No solution exists. MPSolverInterface::result_status_ = MPSOLVER_INFEASIBLE
E0000 00:00:1785775673.243399  290536 linear_solver.cc:2026] No solution exists. MPSolverInterface::result_status_ = MPSOLVER_INFEASIBLE
E0000 00:00:1785775673.279760  290536 linear_solver.cc:2026] No solution exists. MPSolverInterface::result_status_ = MPSOLVER_INFEASIBLE
E0000 00:00:1785775673.316169  290536 linear_solver.cc:2026] No solution exists. MPSolverInterface::result_status_ = MPSOLVER_INFEASIBLE
E0000 00:00:1785775673.353643  290536 linear_solver.cc:2026] No solution exists. MPSolverInterface::result_status_ = MPSOLVER_INFEASIBLE
E0000 00:00:1785775673.391889  290536 linear_solver.cc:2026] No solution exists. MPSolverInterface::result_status_ = MPSOLVER_INFEASIBLE
E0000 00:00:1785775677.948362  290536 linear_solver.cc:2026] No solution exists. MPSolverInterface::result_status_ = MPSOLVER_INFEASIBLE
E0000 00:00:1785775677.998635  290536 linear_solver.cc:2026] No solution exists. MPSolverInterface::result_status_ = MPSOLVER_INFEASIBLE
E0000 00:00:1785775691.111361  290536 linear_solver.cc:2026] No solution exists. MPSolverInterface::result_status_ = MPSOLVER_INFEASIBLE
E0000 00:00:1785775691.158755  290536 linear_solver.cc:2026] No solution exists. MPSolverInterface::result_status_ = MPSOLVER_INFEASIBLE
E0000 00:00:1785775691.206139  290536 linear_solver.cc:2026] No solution exists. MPSolverInterface::result_status_ = MPSOLVER_INFEASIBLE
E0000 00:00:1785775691.254024  290536 linear_solver.cc:2026] No solution exists. MPSolverInterface::result_status_ = MPSOLVER_INFEASIBLE
E0000 00:00:1785775691.301555  290536 linear_solver.cc:2026] No solution exists. MPSolverInterface::result_status_ = MPSOLVER_INFEASIBLE
E0000 00:00:1785775691.348834  290536 linear_solver.cc:2026] No solution exists. MPSolverInterface::result_status_ = MPSOLVER_INFEASIBLE
E0000 00:00:1785775691.396470  290536 linear_solver.cc:2026] No solution exists. MPSolverInterface::result_status_ = MPSOLVER_INFEASIBLE
E0000 00:00:1785775691.443797  290536 linear_solver.cc:2026] No solution exists. MPSolverInterface::result_status_ = MPSOLVER_INFEASIBLE
E0000 00:00:1785775694.430530  290536 linear_solver.cc:2026] No solution exists. MPSolverInterface::result_status_ = MPSOLVER_INFEASIBLE
E0000 00:00:1785775694.480096  290536 linear_solver.cc:2026] No solution exists. MPSolverInterface::result_status_ = MPSOLVER_INFEASIBLE
E0000 00:00:1785775694.529069  290536 linear_solver.cc:2026] No solution exists. MPSolverInterface::result_status_ = MPSOLVER_INFEASIBLE
E0000 00:00:1785775694.578412  290536 linear_solver.cc:2026] No solution exists. MPSolverInterface::result_status_ = MPSOLVER_INFEASIBLE
E0000 00:00:1785775698.093340  290536 linear_solver.cc:2026] No solution exists. MPSolverInterface::result_status_ = MPSOLVER_INFEASIBLE
E0000 00:00:1785775698.159675  290536 linear_solver.cc:2026] No solution exists. MPSolverInterface::result_status_ = MPSOLVER_INFEASIBLE
E0000 00:00:1785775698.223905  290536 linear_solver.cc:2026] No solution exists. MPSolverInterface::result_status_ = MPSOLVER_INFEASIBLE
E0000 00:00:1785775698.287664  290536 linear_solver.cc:2026] No solution exists. MPSolverInterface::result_status_ = MPSOLVER_INFEASIBLE
E0000 00:00:1785775698.351110  290536 linear_solver.cc:2026] No solution exists. MPSolverInterface::result_status_ = MPSOLVER_INFEASIBLE
E0000 00:00:1785775702.591869  290536 linear_solver.cc:2026] No solution exists. MPSolverInterface::result_status_ = MPSOLVER_INFEASIBLE
E0000 00:00:1785775702.648361  290536 linear_solver.cc:2026] No solution exists. MPSolverInterface::result_status_ = MPSOLVER_INFEASIBLE
E0000 00:00:1785775702.705015  290536 linear_solver.cc:2026] No solution exists. MPSolverInterface::result_status_ = MPSOLVER_INFEASIBLE
E0000 00:00:1785775702.762454  290536 linear_solver.cc:2026] No solution exists. MPSolverInterface::result_status_ = MPSOLVER_INFEASIBLE
E0000 00:00:1785775702.820430  290536 linear_solver.cc:2026] No solution exists. MPSolverInterface::result_status_ = MPSOLVER_INFEASIBLE
E0000 00:00:1785775702.877612  290536 linear_solver.cc:2026] No solution exists. MPSolverInterface::result_status_ = MPSOLVER_INFEASIBLE
E0000 00:00:1785775704.874530  290536 linear_solver.cc:2026] No solution exists. MPSolverInterface::result_status_ = MPSOLVER_INFEASIBLE
E0000 00:00:1785775704.918544  290536 linear_solver.cc:2026] No solution exists. MPSolverInterface::result_status_ = MPSOLVER_INFEASIBLE
E0000 00:00:1785775704.962839  290536 linear_solver.cc:2026] No solution exists. MPSolverInterface::result_status_ = MPSOLVER_INFEASIBLE
E0000 00:00:1785775705.007145  290536 linear_solver.cc:2026] No solution exists. MPSolverInterface::result_status_ = MPSOLVER_INFEASIBLE
E0000 00:00:1785775705.050980  290536 linear_solver.cc:2026] No solution exists. MPSolverInterface::result_status_ = MPSOLVER_INFEASIBLE
E0000 00:00:1785775705.094723  290536 linear_solver.cc:2026] No solution exists. MPSolverInterface::result_status_ = MPSOLVER_INFEASIBLE
E0000 00:00:1785775705.138214  290536 linear_solver.cc:2026] No solution exists. MPSolverInterface::result_status_ = MPSOLVER_INFEASIBLE
E0000 00:00:1785775705.181684  290536 linear_solver.cc:2026] No solution exists. MPSolverInterface::result_status_ = MPSOLVER_INFEASIBLE
E0000 00:00:1785775712.447095  290536 linear_solver.cc:2026] No solution exists. MPSolverInterface::result_status_ = MPSOLVER_INFEASIBLE
E0000 00:00:1785775712.513511  290536 linear_solver.cc:2026] No solution exists. MPSolverInterface::result_status_ = MPSOLVER_INFEASIBLE
E0000 00:00:1785775719.047610  290536 linear_solver.cc:2026] No solution exists. MPSolverInterface::result_status_ = MPSOLVER_INFEASIBLE
E0000 00:00:1785775719.078177  290536 linear_solver.cc:2026] No solution exists. MPSolverInterface::result_status_ = MPSOLVER_INFEASIBLE
E0000 00:00:1785775722.663311  290536 linear_solver.cc:2026] No solution exists. MPSolverInterface::result_status_ = MPSOLVER_INFEASIBLE
E0000 00:00:1785775722.714804  290536 linear_solver.cc:2026] No solution exists. MPSolverInterface::result_status_ = MPSOLVER_INFEASIBLE
E0000 00:00:1785775726.692213  290536 linear_solver.cc:2026] No solution exists. MPSolverInterface::result_status_ = MPSOLVER_INFEASIBLE
E0000 00:00:1785775726.743967  290536 linear_solver.cc:2026] No solution exists. MPSolverInterface::result_status_ = MPSOLVER_INFEASIBLE
E0000 00:00:1785775726.796413  290536 linear_solver.cc:2026] No solution exists. MPSolverInterface::result_status_ = MPSOLVER_INFEASIBLE
E0000 00:00:1785775726.848677  290536 linear_solver.cc:2026] No solution exists. MPSolverInterface::result_status_ = MPSOLVER_INFEASIBLE
E0000 00:00:1785775726.901022  290536 linear_solver.cc:2026] No solution exists. MPSolverInterface::result_status_ = MPSOLVER_INFEASIBLE
E0000 00:00:1785775726.952713  290536 linear_solver.cc:2026] No solution exists. MPSolverInterface::result_status_ = MPSOLVER_INFEASIBLE
E0000 00:00:1785775727.005166  290536 linear_solver.cc:2026] No solution exists. MPSolverInterface::result_status_ = MPSOLVER_INFEASIBLE
E0000 00:00:1785775727.057236  290536 linear_solver.cc:2026] No solution exists. MPSolverInterface::result_status_ = MPSOLVER_INFEASIBLE
E0000 00:00:1785775728.951042  290536 linear_solver.cc:2026] No solution exists. MPSolverInterface::result_status_ = MPSOLVER_INFEASIBLE
E0000 00:00:1785775728.993055  290536 linear_solver.cc:2026] No solution exists. MPSolverInterface::result_status_ = MPSOLVER_INFEASIBLE
E0000 00:00:1785775729.035432  290536 linear_solver.cc:2026] No solution exists. MPSolverInterface::result_status_ = MPSOLVER_INFEASIBLE
E0000 00:00:1785775729.077495  290536 linear_solver.cc:2026] No solution exists. MPSolverInterface::result_status_ = MPSOLVER_INFEASIBLE
E0000 00:00:1785775729.118746  290536 linear_solver.cc:2026] No solution exists. MPSolverInterface::result_status_ = MPSOLVER_INFEASIBLE
E0000 00:00:1785775729.159426  290536 linear_solver.cc:2026] No solution exists. MPSolverInterface::result_status_ = MPSOLVER_INFEASIBLE
E0000 00:00:1785775729.200026  290536 linear_solver.cc:2026] No solution exists. MPSolverInterface::result_status_ = MPSOLVER_INFEASIBLE
E0000 00:00:1785775729.241382  290536 linear_solver.cc:2026] No solution exists. MPSolverInterface::result_status_ = MPSOLVER_INFEASIBLE
E0000 00:00:1785775734.302168  290536 linear_solver.cc:2026] No solution exists. MPSolverInterface::result_status_ = MPSOLVER_INFEASIBLE
E0000 00:00:1785775734.368590  290536 linear_solver.cc:2026] No solution exists. MPSolverInterface::result_status_ = MPSOLVER_INFEASIBLE
E0000 00:00:1785775742.720425  290536 linear_solver.cc:2026] No solution exists. MPSolverInterface::result_status_ = MPSOLVER_INFEASIBLE
E0000 00:00:1785775742.773312  290536 linear_solver.cc:2026] No solution exists. MPSolverInterface::result_status_ = MPSOLVER_INFEASIBLE
E0000 00:00:1785775742.827242  290536 linear_solver.cc:2026] No solution exists. MPSolverInterface::result_status_ = MPSOLVER_INFEASIBLE
E0000 00:00:1785775742.880663  290536 linear_solver.cc:2026] No solution exists. MPSolverInterface::result_status_ = MPSOLVER_INFEASIBLE
E0000 00:00:1785775742.933713  290536 linear_solver.cc:2026] No solution exists. MPSolverInterface::result_status_ = MPSOLVER_INFEASIBLE
E0000 00:00:1785775742.986935  290536 linear_solver.cc:2026] No solution exists. MPSolverInterface::result_status_ = MPSOLVER_INFEASIBLE
E0000 00:00:1785775743.041185  290536 linear_solver.cc:2026] No solution exists. MPSolverInterface::result_status_ = MPSOLVER_INFEASIBLE
E0000 00:00:1785775743.094208  290536 linear_solver.cc:2026] No solution exists. MPSolverInterface::result_status_ = MPSOLVER_INFEASIBLE
E0000 00:00:1785775748.858826  290536 linear_solver.cc:2026] No solution exists. MPSolverInterface::result_status_ = MPSOLVER_INFEASIBLE
E0000 00:00:1785775748.917017  290536 linear_solver.cc:2026] No solution exists. MPSolverInterface::result_status_ = MPSOLVER_INFEASIBLE
E0000 00:00:1785775755.286625  290536 linear_solver.cc:2026] No solution exists. MPSolverInterface::result_status_ = MPSOLVER_INFEASIBLE
E0000 00:00:1785775755.297860  290536 linear_solver.cc:2026] No solution exists. MPSolverInterface::result_status_ = MPSOLVER_INFEASIBLE
E0000 00:00:1785775759.637099  290536 linear_solver.cc:2026] No solution exists. MPSolverInterface::result_status_ = MPSOLVER_INFEASIBLE
E0000 00:00:1785775759.698759  290536 linear_solver.cc:2026] No solution exists. MPSolverInterface::result_status_ = MPSOLVER_INFEASIBLE
E0000 00:00:1785775765.647984  290536 linear_solver.cc:2026] No solution exists. MPSolverInterface::result_status_ = MPSOLVER_INFEASIBLE
E0000 00:00:1785775765.702825  290536 linear_solver.cc:2026] No solution exists. MPSolverInterface::result_status_ = MPSOLVER_INFEASIBLE
E0000 00:00:1785775773.648212  290536 linear_solver.cc:2026] No solution exists. MPSolverInterface::result_status_ = MPSOLVER_INFEASIBLE
E0000 00:00:1785775773.697443  290536 linear_solver.cc:2026] No solution exists. MPSolverInterface::result_status_ = MPSOLVER_INFEASIBLE
E0000 00:00:1785775773.747054  290536 linear_solver.cc:2026] No solution exists. MPSolverInterface::result_status_ = MPSOLVER_INFEASIBLE
E0000 00:00:1785775773.796900  290536 linear_solver.cc:2026] No solution exists. MPSolverInterface::result_status_ = MPSOLVER_INFEASIBLE
E0000 00:00:1785775773.846134  290536 linear_solver.cc:2026] No solution exists. MPSolverInterface::result_status_ = MPSOLVER_INFEASIBLE
E0000 00:00:1785775773.896255  290536 linear_solver.cc:2026] No solution exists. MPSolverInterface::result_status_ = MPSOLVER_INFEASIBLE
E0000 00:00:1785775773.945638  290536 linear_solver.cc:2026] No solution exists. MPSolverInterface::result_status_ = MPSOLVER_INFEASIBLE
E0000 00:00:1785775773.995462  290536 linear_solver.cc:2026] No solution exists. MPSolverInterface::result_status_ = MPSOLVER_INFEASIBLE
E0000 00:00:1785775774.541414  290536 linear_solver.cc:2026] No solution exists. MPSolverInterface::result_status_ = MPSOLVER_INFEASIBLE
E0000 00:00:1785775774.562643  290536 linear_solver.cc:2026] No solution exists. MPSolverInterface::result_status_ = MPSOLVER_INFEASIBLE
E0000 00:00:1785775774.584162  290536 linear_solver.cc:2026] No solution exists. MPSolverInterface::result_status_ = MPSOLVER_INFEASIBLE
E0000 00:00:1785775774.606121  290536 linear_solver.cc:2026] No solution exists. MPSolverInterface::result_status_ = MPSOLVER_INFEASIBLE
E0000 00:00:1785775774.627674  290536 linear_solver.cc:2026] No solution exists. MPSolverInterface::result_status_ = MPSOLVER_INFEASIBLE
E0000 00:00:1785775774.649610  290536 linear_solver.cc:2026] No solution exists. MPSolverInterface::result_status_ = MPSOLVER_INFEASIBLE
E0000 00:00:1785775774.671250  290536 linear_solver.cc:2026] No solution exists. MPSolverInterface::result_status_ = MPSOLVER_INFEASIBLE
E0000 00:00:1785775774.693134  290536 linear_solver.cc:2026] No solution exists. MPSolverInterface::result_status_ = MPSOLVER_INFEASIBLE
E0000 00:00:1785775775.859326  290536 linear_solver.cc:2026] No solution exists. MPSolverInterface::result_status_ = MPSOLVER_INFEASIBLE
E0000 00:00:1785775775.899152  290536 linear_solver.cc:2026] No solution exists. MPSolverInterface::result_status_ = MPSOLVER_INFEASIBLE
E0000 00:00:1785775775.938733  290536 linear_solver.cc:2026] No solution exists. MPSolverInterface::result_status_ = MPSOLVER_INFEASIBLE
E0000 00:00:1785775775.978926  290536 linear_solver.cc:2026] No solution exists. MPSolverInterface::result_status_ = MPSOLVER_INFEASIBLE
E0000 00:00:1785775776.018599  290536 linear_solver.cc:2026] No solution exists. MPSolverInterface::result_status_ = MPSOLVER_INFEASIBLE
E0000 00:00:1785775776.057105  290536 linear_solver.cc:2026] No solution exists. MPSolverInterface::result_status_ = MPSOLVER_INFEASIBLE
E0000 00:00:1785775776.095700  290536 linear_solver.cc:2026] No solution exists. MPSolverInterface::result_status_ = MPSOLVER_INFEASIBLE
E0000 00:00:1785775776.134388  290536 linear_solver.cc:2026] No solution exists. MPSolverInterface::result_status_ = MPSOLVER_INFEASIBLE
E0000 00:00:1785775777.930969  290536 linear_solver.cc:2026] No solution exists. MPSolverInterface::result_status_ = MPSOLVER_INFEASIBLE
E0000 00:00:1785775777.975263  290536 linear_solver.cc:2026] No solution exists. MPSolverInterface::result_status_ = MPSOLVER_INFEASIBLE
E0000 00:00:1785775778.019645  290536 linear_solver.cc:2026] No solution exists. MPSolverInterface::result_status_ = MPSOLVER_INFEASIBLE
E0000 00:00:1785775778.064119  290536 linear_solver.cc:2026] No solution exists. MPSolverInterface::result_status_ = MPSOLVER_INFEASIBLE
E0000 00:00:1785775778.107939  290536 linear_solver.cc:2026] No solution exists. MPSolverInterface::result_status_ = MPSOLVER_INFEASIBLE
E0000 00:00:1785775778.152007  290536 linear_solver.cc:2026] No solution exists. MPSolverInterface::result_status_ = MPSOLVER_INFEASIBLE
E0000 00:00:1785775778.196471  290536 linear_solver.cc:2026] No solution exists. MPSolverInterface::result_status_ = MPSOLVER_INFEASIBLE
E0000 00:00:1785775778.241071  290536 linear_solver.cc:2026] No solution exists. MPSolverInterface::result_status_ = MPSOLVER_INFEASIBLE
E0000 00:00:1785775778.776547  290536 linear_solver.cc:2026] No solution exists. MPSolverInterface::result_status_ = MPSOLVER_INFEASIBLE
E0000 00:00:1785775778.816358  290536 linear_solver.cc:2026] No solution exists. MPSolverInterface::result_status_ = MPSOLVER_INFEASIBLE
E0000 00:00:1785775778.855996  290536 linear_solver.cc:2026] No solution exists. MPSolverInterface::result_status_ = MPSOLVER_INFEASIBLE
E0000 00:00:1785775778.895946  290536 linear_solver.cc:2026] No solution exists. MPSolverInterface::result_status_ = MPSOLVER_INFEASIBLE
E0000 00:00:1785775778.935921  290536 linear_solver.cc:2026] No solution exists. MPSolverInterface::result_status_ = MPSOLVER_INFEASIBLE
E0000 00:00:1785775778.975543  290536 linear_solver.cc:2026] No solution exists. MPSolverInterface::result_status_ = MPSOLVER_INFEASIBLE
E0000 00:00:1785775779.014988  290536 linear_solver.cc:2026] No solution exists. MPSolverInterface::result_status_ = MPSOLVER_INFEASIBLE
E0000 00:00:1785775779.053535  290536 linear_solver.cc:2026] No solution exists. MPSolverInterface::result_status_ = MPSOLVER_INFEASIBLE
E0000 00:00:1785775779.607732  290536 linear_solver.cc:2026] No solution exists. MPSolverInterface::result_status_ = MPSOLVER_INFEASIBLE
E0000 00:00:1785775779.658305  290536 linear_solver.cc:2026] No solution exists. MPSolverInterface::result_status_ = MPSOLVER_INFEASIBLE
E0000 00:00:1785775779.709416  290536 linear_solver.cc:2026] No solution exists. MPSolverInterface::result_status_ = MPSOLVER_INFEASIBLE
E0000 00:00:1785775779.760369  290536 linear_solver.cc:2026] No solution exists. MPSolverInterface::result_status_ = MPSOLVER_INFEASIBLE
E0000 00:00:1785775779.811753  290536 linear_solver.cc:2026] No solution exists. MPSolverInterface::result_status_ = MPSOLVER_INFEASIBLE
E0000 00:00:1785775779.862914  290536 linear_solver.cc:2026] No solution exists. MPSolverInterface::result_status_ = MPSOLVER_INFEASIBLE
E0000 00:00:1785775779.914191  290536 linear_solver.cc:2026] No solution exists. MPSolverInterface::result_status_ = MPSOLVER_INFEASIBLE
E0000 00:00:1785775779.965269  290536 linear_solver.cc:2026] No solution exists. MPSolverInterface::result_status_ = MPSOLVER_INFEASIBLE
E0000 00:00:1785775781.173315  290536 linear_solver.cc:2026] No solution exists. MPSolverInterface::result_status_ = MPSOLVER_INFEASIBLE
E0000 00:00:1785775781.226135  290536 linear_solver.cc:2026] No solution exists. MPSolverInterface::result_status_ = MPSOLVER_INFEASIBLE
E0000 00:00:1785775781.279410  290536 linear_solver.cc:2026] No solution exists. MPSolverInterface::result_status_ = MPSOLVER_INFEASIBLE
E0000 00:00:1785775781.332072  290536 linear_solver.cc:2026] No solution exists. MPSolverInterface::result_status_ = MPSOLVER_INFEASIBLE
E0000 00:00:1785775781.384559  290536 linear_solver.cc:2026] No solution exists. MPSolverInterface::result_status_ = MPSOLVER_INFEASIBLE
E0000 00:00:1785775786.460771  290536 linear_solver.cc:2026] No solution exists. MPSolverInterface::result_status_ = MPSOLVER_INFEASIBLE
E0000 00:00:1785775786.522070  290536 linear_solver.cc:2026] No solution exists. MPSolverInterface::result_status_ = MPSOLVER_INFEASIBLE
E0000 00:00:1785775791.090552  290536 linear_solver.cc:2026] No solution exists. MPSolverInterface::result_status_ = MPSOLVER_INFEASIBLE
E0000 00:00:1785775791.140570  290536 linear_solver.cc:2026] No solution exists. MPSolverInterface::result_status_ = MPSOLVER_INFEASIBLE
E0000 00:00:1785775793.782118  290536 linear_solver.cc:2026] No solution exists. MPSolverInterface::result_status_ = MPSOLVER_INFEASIBLE
E0000 00:00:1785775793.806932  290536 linear_solver.cc:2026] No solution exists. MPSolverInterface::result_status_ = MPSOLVER_INFEASIBLE
E0000 00:00:1785775795.465855  290536 linear_solver.cc:2026] No solution exists. MPSolverInterface::result_status_ = MPSOLVER_INFEASIBLE
E0000 00:00:1785775795.494203  290536 linear_solver.cc:2026] No solution exists. MPSolverInterface::result_status_ = MPSOLVER_INFEASIBLE
E0000 00:00:1785775797.184702  290536 linear_solver.cc:2026] No solution exists. MPSolverInterface::result_status_ = MPSOLVER_INFEASIBLE
E0000 00:00:1785775797.211555  290536 linear_solver.cc:2026] No solution exists. MPSolverInterface::result_status_ = MPSOLVER_INFEASIBLE
E0000 00:00:1785775798.597630  290536 linear_solver.cc:2026] No solution exists. MPSolverInterface::result_status_ = MPSOLVER_INFEASIBLE
E0000 00:00:1785775798.619157  290536 linear_solver.cc:2026] No solution exists. MPSolverInterface::result_status_ = MPSOLVER_INFEASIBLE
E0000 00:00:1785775799.558429  290536 linear_solver.cc:2026] No solution exists. MPSolverInterface::result_status_ = MPSOLVER_INFEASIBLE
E0000 00:00:1785775799.576648  290536 linear_solver.cc:2026] No solution exists. MPSolverInterface::result_status_ = MPSOLVER_INFEASIBLE
E0000 00:00:1785775801.792154  290536 linear_solver.cc:2026] No solution exists. MPSolverInterface::result_status_ = MPSOLVER_INFEASIBLE
E0000 00:00:1785775801.832382  290536 linear_solver.cc:2026] No solution exists. MPSolverInterface::result_status_ = MPSOLVER_INFEASIBLE
E0000 00:00:1785775801.872889  290536 linear_solver.cc:2026] No solution exists. MPSolverInterface::result_status_ = MPSOLVER_INFEASIBLE
E0000 00:00:1785775801.913071  290536 linear_solver.cc:2026] No solution exists. MPSolverInterface::result_status_ = MPSOLVER_INFEASIBLE
E0000 00:00:1785775801.953768  290536 linear_solver.cc:2026] No solution exists. MPSolverInterface::result_status_ = MPSOLVER_INFEASIBLE
E0000 00:00:1785775801.993617  290536 linear_solver.cc:2026] No solution exists. MPSolverInterface::result_status_ = MPSOLVER_INFEASIBLE
E0000 00:00:1785775802.033058  290536 linear_solver.cc:2026] No solution exists. MPSolverInterface::result_status_ = MPSOLVER_INFEASIBLE
E0000 00:00:1785775802.071937  290536 linear_solver.cc:2026] No solution exists. MPSolverInterface::result_status_ = MPSOLVER_INFEASIBLE
E0000 00:00:1785775802.629287  290536 linear_solver.cc:2026] No solution exists. MPSolverInterface::result_status_ = MPSOLVER_INFEASIBLE
E0000 00:00:1785775802.681312  290536 linear_solver.cc:2026] No solution exists. MPSolverInterface::result_status_ = MPSOLVER_INFEASIBLE
E0000 00:00:1785775802.732848  290536 linear_solver.cc:2026] No solution exists. MPSolverInterface::result_status_ = MPSOLVER_INFEASIBLE
E0000 00:00:1785775802.785822  290536 linear_solver.cc:2026] No solution exists. MPSolverInterface::result_status_ = MPSOLVER_INFEASIBLE
E0000 00:00:1785775802.836698  290536 linear_solver.cc:2026] No solution exists. MPSolverInterface::result_status_ = MPSOLVER_INFEASIBLE
E0000 00:00:1785775802.887581  290536 linear_solver.cc:2026] No solution exists. MPSolverInterface::result_status_ = MPSOLVER_INFEASIBLE
E0000 00:00:1785775802.938709  290536 linear_solver.cc:2026] No solution exists. MPSolverInterface::result_status_ = MPSOLVER_INFEASIBLE
E0000 00:00:1785775802.990080  290536 linear_solver.cc:2026] No solution exists. MPSolverInterface::result_status_ = MPSOLVER_INFEASIBLE
E0000 00:00:1785775803.609006  290536 linear_solver.cc:2026] No solution exists. MPSolverInterface::result_status_ = MPSOLVER_INFEASIBLE
E0000 00:00:1785775803.660232  290536 linear_solver.cc:2026] No solution exists. MPSolverInterface::result_status_ = MPSOLVER_INFEASIBLE
E0000 00:00:1785775803.711298  290536 linear_solver.cc:2026] No solution exists. MPSolverInterface::result_status_ = MPSOLVER_INFEASIBLE
E0000 00:00:1785775803.761934  290536 linear_solver.cc:2026] No solution exists. MPSolverInterface::result_status_ = MPSOLVER_INFEASIBLE
E0000 00:00:1785775803.812722  290536 linear_solver.cc:2026] No solution exists. MPSolverInterface::result_status_ = MPSOLVER_INFEASIBLE
E0000 00:00:1785775803.863226  290536 linear_solver.cc:2026] No solution exists. MPSolverInterface::result_status_ = MPSOLVER_INFEASIBLE
E0000 00:00:1785775803.914119  290536 linear_solver.cc:2026] No solution exists. MPSolverInterface::result_status_ = MPSOLVER_INFEASIBLE
E0000 00:00:1785775803.965159  290536 linear_solver.cc:2026] No solution exists. MPSolverInterface::result_status_ = MPSOLVER_INFEASIBLE
E0000 00:00:1785775813.676524  290536 linear_solver.cc:2026] No solution exists. MPSolverInterface::result_status_ = MPSOLVER_INFEASIBLE
E0000 00:00:1785775813.754995  290536 linear_solver.cc:2026] No solution exists. MPSolverInterface::result_status_ = MPSOLVER_INFEASIBLE
E0000 00:00:1785775825.197017  290536 linear_solver.cc:2026] No solution exists. MPSolverInterface::result_status_ = MPSOLVER_INFEASIBLE
E0000 00:00:1785775825.207118  290536 linear_solver.cc:2026] No solution exists. MPSolverInterface::result_status_ = MPSOLVER_INFEASIBLE
E0000 00:00:1785775826.824501  290536 linear_solver.cc:2026] No solution exists. MPSolverInterface::result_status_ = MPSOLVER_INFEASIBLE
E0000 00:00:1785775826.870205  290536 linear_solver.cc:2026] No solution exists. MPSolverInterface::result_status_ = MPSOLVER_INFEASIBLE
E0000 00:00:1785775826.914177  290536 linear_solver.cc:2026] No solution exists. MPSolverInterface::result_status_ = MPSOLVER_INFEASIBLE
E0000 00:00:1785775826.958804  290536 linear_solver.cc:2026] No solution exists. MPSolverInterface::result_status_ = MPSOLVER_INFEASIBLE
E0000 00:00:1785775827.001287  290536 linear_solver.cc:2026] No solution exists. MPSolverInterface::result_status_ = MPSOLVER_INFEASIBLE
E0000 00:00:1785775827.042868  290536 linear_solver.cc:2026] No solution exists. MPSolverInterface::result_status_ = MPSOLVER_INFEASIBLE
E0000 00:00:1785775827.578129  290536 linear_solver.cc:2026] No solution exists. MPSolverInterface::result_status_ = MPSOLVER_INFEASIBLE
E0000 00:00:1785775827.590170  290536 linear_solver.cc:2026] No solution exists. MPSolverInterface::result_status_ = MPSOLVER_INFEASIBLE
E0000 00:00:1785775827.923570  290536 linear_solver.cc:2026] No solution exists. MPSolverInterface::result_status_ = MPSOLVER_INFEASIBLE
E0000 00:00:1785775827.965848  290536 linear_solver.cc:2026] No solution exists. MPSolverInterface::result_status_ = MPSOLVER_INFEASIBLE
E0000 00:00:1785775828.008130  290536 linear_solver.cc:2026] No solution exists. MPSolverInterface::result_status_ = MPSOLVER_INFEASIBLE
E0000 00:00:1785775828.050505  290536 linear_solver.cc:2026] No solution exists. MPSolverInterface::result_status_ = MPSOLVER_INFEASIBLE
E0000 00:00:1785775828.093232  290536 linear_solver.cc:2026] No solution exists. MPSolverInterface::result_status_ = MPSOLVER_INFEASIBLE
E0000 00:00:1785775828.136175  290536 linear_solver.cc:2026] No solution exists. MPSolverInterface::result_status_ = MPSOLVER_INFEASIBLE
E0000 00:00:1785775828.179459  290536 linear_solver.cc:2026] No solution exists. MPSolverInterface::result_status_ = MPSOLVER_INFEASIBLE
E0000 00:00:1785775828.222695  290536 linear_solver.cc:2026] No solution exists. MPSolverInterface::result_status_ = MPSOLVER_INFEASIBLE
E0000 00:00:1785775829.292745  290536 linear_solver.cc:2026] No solution exists. MPSolverInterface::result_status_ = MPSOLVER_INFEASIBLE
E0000 00:00:1785775829.315023  290536 linear_solver.cc:2026] No solution exists. MPSolverInterface::result_status_ = MPSOLVER_INFEASIBLE
E0000 00:00:1785775840.800810  290536 linear_solver.cc:2026] No solution exists. MPSolverInterface::result_status_ = MPSOLVER_INFEASIBLE
E0000 00:00:1785775840.842933  290536 linear_solver.cc:2026] No solution exists. MPSolverInterface::result_status_ = MPSOLVER_INFEASIBLE
E0000 00:00:1785775842.497498  290536 linear_solver.cc:2026] No solution exists. MPSolverInterface::result_status_ = MPSOLVER_INFEASIBLE
E0000 00:00:1785775842.549105  290536 linear_solver.cc:2026] No solution exists. MPSolverInterface::result_status_ = MPSOLVER_INFEASIBLE
E0000 00:00:1785775842.601126  290536 linear_solver.cc:2026] No solution exists. MPSolverInterface::result_status_ = MPSOLVER_INFEASIBLE
E0000 00:00:1785775842.653577  290536 linear_solver.cc:2026] No solution exists. MPSolverInterface::result_status_ = MPSOLVER_INFEASIBLE
E0000 00:00:1785775842.705967  290536 linear_solver.cc:2026] No solution exists. MPSolverInterface::result_status_ = MPSOLVER_INFEASIBLE
E0000 00:00:1785775842.757965  290536 linear_solver.cc:2026] No solution exists. MPSolverInterface::result_status_ = MPSOLVER_INFEASIBLE
E0000 00:00:1785775842.809735  290536 linear_solver.cc:2026] No solution exists. MPSolverInterface::result_status_ = MPSOLVER_INFEASIBLE
E0000 00:00:1785775842.861417  290536 linear_solver.cc:2026] No solution exists. MPSolverInterface::result_status_ = MPSOLVER_INFEASIBLE
E0000 00:00:1785775862.352978  290536 linear_solver.cc:2026] No solution exists. MPSolverInterface::result_status_ = MPSOLVER_INFEASIBLE
E0000 00:00:1785775862.429231  290536 linear_solver.cc:2026] No solution exists. MPSolverInterface::result_status_ = MPSOLVER_INFEASIBLE
E0000 00:00:1785775880.557363  290536 linear_solver.cc:2026] No solution exists. MPSolverInterface::result_status_ = MPSOLVER_INFEASIBLE
E0000 00:00:1785775880.640333  290536 linear_solver.cc:2026] No solution exists. MPSolverInterface::result_status_ = MPSOLVER_INFEASIBLE
E0000 00:00:1785775886.857535  290536 linear_solver.cc:2026] No solution exists. MPSolverInterface::result_status_ = MPSOLVER_INFEASIBLE
E0000 00:00:1785775886.900531  290536 linear_solver.cc:2026] No solution exists. MPSolverInterface::result_status_ = MPSOLVER_INFEASIBLE
E0000 00:00:1785775899.453441  290536 linear_solver.cc:2026] No solution exists. MPSolverInterface::result_status_ = MPSOLVER_INFEASIBLE
E0000 00:00:1785775899.518642  290536 linear_solver.cc:2026] No solution exists. MPSolverInterface::result_status_ = MPSOLVER_INFEASIBLE
E0000 00:00:1785775909.624024  290536 linear_solver.cc:2026] No solution exists. MPSolverInterface::result_status_ = MPSOLVER_INFEASIBLE
E0000 00:00:1785775909.662879  290536 linear_solver.cc:2026] No solution exists. MPSolverInterface::result_status_ = MPSOLVER_INFEASIBLE
E0000 00:00:1785775909.702109  290536 linear_solver.cc:2026] No solution exists. MPSolverInterface::result_status_ = MPSOLVER_INFEASIBLE
E0000 00:00:1785775909.740975  290536 linear_solver.cc:2026] No solution exists. MPSolverInterface::result_status_ = MPSOLVER_INFEASIBLE
E0000 00:00:1785775909.778535  290536 linear_solver.cc:2026] No solution exists. MPSolverInterface::result_status_ = MPSOLVER_INFEASIBLE
E0000 00:00:1785775909.816222  290536 linear_solver.cc:2026] No solution exists. MPSolverInterface::result_status_ = MPSOLVER_INFEASIBLE
E0000 00:00:1785775909.854162  290536 linear_solver.cc:2026] No solution exists. MPSolverInterface::result_status_ = MPSOLVER_INFEASIBLE
E0000 00:00:1785775909.892073  290536 linear_solver.cc:2026] No solution exists. MPSolverInterface::result_status_ = MPSOLVER_INFEASIBLE
E0000 00:00:1785775910.360480  290536 linear_solver.cc:2026] No solution exists. MPSolverInterface::result_status_ = MPSOLVER_INFEASIBLE
E0000 00:00:1785775910.401198  290536 linear_solver.cc:2026] No solution exists. MPSolverInterface::result_status_ = MPSOLVER_INFEASIBLE
E0000 00:00:1785775910.441148  290536 linear_solver.cc:2026] No solution exists. MPSolverInterface::result_status_ = MPSOLVER_INFEASIBLE
E0000 00:00:1785775910.480635  290536 linear_solver.cc:2026] No solution exists. MPSolverInterface::result_status_ = MPSOLVER_INFEASIBLE
E0000 00:00:1785775910.520204  290536 linear_solver.cc:2026] No solution exists. MPSolverInterface::result_status_ = MPSOLVER_INFEASIBLE
E0000 00:00:1785775910.559840  290536 linear_solver.cc:2026] No solution exists. MPSolverInterface::result_status_ = MPSOLVER_INFEASIBLE
E0000 00:00:1785775910.599957  290536 linear_solver.cc:2026] No solution exists. MPSolverInterface::result_status_ = MPSOLVER_INFEASIBLE
E0000 00:00:1785775910.639888  290536 linear_solver.cc:2026] No solution exists. MPSolverInterface::result_status_ = MPSOLVER_INFEASIBLE
E0000 00:00:1785775912.970492  290536 linear_solver.cc:2026] No solution exists. MPSolverInterface::result_status_ = MPSOLVER_INFEASIBLE
E0000 00:00:1785775913.014811  290536 linear_solver.cc:2026] No solution exists. MPSolverInterface::result_status_ = MPSOLVER_INFEASIBLE
E0000 00:00:1785775913.059511  290536 linear_solver.cc:2026] No solution exists. MPSolverInterface::result_status_ = MPSOLVER_INFEASIBLE
E0000 00:00:1785775913.104248  290536 linear_solver.cc:2026] No solution exists. MPSolverInterface::result_status_ = MPSOLVER_INFEASIBLE
E0000 00:00:1785775913.148746  290536 linear_solver.cc:2026] No solution exists. MPSolverInterface::result_status_ = MPSOLVER_INFEASIBLE
E0000 00:00:1785775913.192581  290536 linear_solver.cc:2026] No solution exists. MPSolverInterface::result_status_ = MPSOLVER_INFEASIBLE
E0000 00:00:1785775913.236920  290536 linear_solver.cc:2026] No solution exists. MPSolverInterface::result_status_ = MPSOLVER_INFEASIBLE
E0000 00:00:1785775913.281720  290536 linear_solver.cc:2026] No solution exists. MPSolverInterface::result_status_ = MPSOLVER_INFEASIBLE
E0000 00:00:1785775913.782916  290536 linear_solver.cc:2026] No solution exists. MPSolverInterface::result_status_ = MPSOLVER_INFEASIBLE
E0000 00:00:1785775913.821603  290536 linear_solver.cc:2026] No solution exists. MPSolverInterface::result_status_ = MPSOLVER_INFEASIBLE
E0000 00:00:1785775913.859915  290536 linear_solver.cc:2026] No solution exists. MPSolverInterface::result_status_ = MPSOLVER_INFEASIBLE
E0000 00:00:1785775913.898598  290536 linear_solver.cc:2026] No solution exists. MPSolverInterface::result_status_ = MPSOLVER_INFEASIBLE
E0000 00:00:1785775913.938248  290536 linear_solver.cc:2026] No solution exists. MPSolverInterface::result_status_ = MPSOLVER_INFEASIBLE
E0000 00:00:1785775913.978437  290536 linear_solver.cc:2026] No solution exists. MPSolverInterface::result_status_ = MPSOLVER_INFEASIBLE
E0000 00:00:1785775914.017600  290536 linear_solver.cc:2026] No solution exists. MPSolverInterface::result_status_ = MPSOLVER_INFEASIBLE
E0000 00:00:1785775914.056761  290536 linear_solver.cc:2026] No solution exists. MPSolverInterface::result_status_ = MPSOLVER_INFEASIBLE
E0000 00:00:1785775915.791394  290536 linear_solver.cc:2026] No solution exists. MPSolverInterface::result_status_ = MPSOLVER_INFEASIBLE
E0000 00:00:1785775915.802322  290536 linear_solver.cc:2026] No solution exists. MPSolverInterface::result_status_ = MPSOLVER_INFEASIBLE
E0000 00:00:1785775917.086261  290536 linear_solver.cc:2026] No solution exists. MPSolverInterface::result_status_ = MPSOLVER_INFEASIBLE
E0000 00:00:1785775917.132483  290536 linear_solver.cc:2026] No solution exists. MPSolverInterface::result_status_ = MPSOLVER_INFEASIBLE
E0000 00:00:1785775917.179570  290536 linear_solver.cc:2026] No solution exists. MPSolverInterface::result_status_ = MPSOLVER_INFEASIBLE
E0000 00:00:1785775917.226839  290536 linear_solver.cc:2026] No solution exists. MPSolverInterface::result_status_ = MPSOLVER_INFEASIBLE
E0000 00:00:1785775917.274204  290536 linear_solver.cc:2026] No solution exists. MPSolverInterface::result_status_ = MPSOLVER_INFEASIBLE
E0000 00:00:1785775919.575063  290536 linear_solver.cc:2026] No solution exists. MPSolverInterface::result_status_ = MPSOLVER_INFEASIBLE
E0000 00:00:1785775919.609370  290536 linear_solver.cc:2026] No solution exists. MPSolverInterface::result_status_ = MPSOLVER_INFEASIBLE
E0000 00:00:1785775919.643349  290536 linear_solver.cc:2026] No solution exists. MPSolverInterface::result_status_ = MPSOLVER_INFEASIBLE
E0000 00:00:1785775919.677650  290536 linear_solver.cc:2026] No solution exists. MPSolverInterface::result_status_ = MPSOLVER_INFEASIBLE
E0000 00:00:1785775919.712241  290536 linear_solver.cc:2026] No solution exists. MPSolverInterface::result_status_ = MPSOLVER_INFEASIBLE
E0000 00:00:1785775919.746420  290536 linear_solver.cc:2026] No solution exists. MPSolverInterface::result_status_ = MPSOLVER_INFEASIBLE
E0000 00:00:1785775919.781080  290536 linear_solver.cc:2026] No solution exists. MPSolverInterface::result_status_ = MPSOLVER_INFEASIBLE
E0000 00:00:1785775919.815014  290536 linear_solver.cc:2026] No solution exists. MPSolverInterface::result_status_ = MPSOLVER_INFEASIBLE
E0000 00:00:1785775920.111100  290536 linear_solver.cc:2026] No solution exists. MPSolverInterface::result_status_ = MPSOLVER_INFEASIBLE
E0000 00:00:1785775920.121920  290536 linear_solver.cc:2026] No solution exists. MPSolverInterface::result_status_ = MPSOLVER_INFEASIBLE
E0000 00:00:1785775920.132669  290536 linear_solver.cc:2026] No solution exists. MPSolverInterface::result_status_ = MPSOLVER_INFEASIBLE
E0000 00:00:1785775920.143458  290536 linear_solver.cc:2026] No solution exists. MPSolverInterface::result_status_ = MPSOLVER_INFEASIBLE
E0000 00:00:1785775920.154512  290536 linear_solver.cc:2026] No solution exists. MPSolverInterface::result_status_ = MPSOLVER_INFEASIBLE
E0000 00:00:1785775920.166225  290536 linear_solver.cc:2026] No solution exists. MPSolverInterface::result_status_ = MPSOLVER_INFEASIBLE
E0000 00:00:1785775920.178033  290536 linear_solver.cc:2026] No solution exists. MPSolverInterface::result_status_ = MPSOLVER_INFEASIBLE
E0000 00:00:1785775920.190146  290536 linear_solver.cc:2026] No solution exists. MPSolverInterface::result_status_ = MPSOLVER_INFEASIBLE
E0000 00:00:1785775920.326059  290536 linear_solver.cc:2026] No solution exists. MPSolverInterface::result_status_ = MPSOLVER_INFEASIBLE
E0000 00:00:1785775920.337252  290536 linear_solver.cc:2026] No solution exists. MPSolverInterface::result_status_ = MPSOLVER_INFEASIBLE
E0000 00:00:1785775920.348574  290536 linear_solver.cc:2026] No solution exists. MPSolverInterface::result_status_ = MPSOLVER_INFEASIBLE
E0000 00:00:1785775920.359765  290536 linear_solver.cc:2026] No solution exists. MPSolverInterface::result_status_ = MPSOLVER_INFEASIBLE
E0000 00:00:1785775920.370693  290536 linear_solver.cc:2026] No solution exists. MPSolverInterface::result_status_ = MPSOLVER_INFEASIBLE
E0000 00:00:1785775920.381523  290536 linear_solver.cc:2026] No solution exists. MPSolverInterface::result_status_ = MPSOLVER_INFEASIBLE
E0000 00:00:1785775920.392634  290536 linear_solver.cc:2026] No solution exists. MPSolverInterface::result_status_ = MPSOLVER_INFEASIBLE
E0000 00:00:1785775920.403664  290536 linear_solver.cc:2026] No solution exists. MPSolverInterface::result_status_ = MPSOLVER_INFEASIBLE
E0000 00:00:1785775920.698841  290536 linear_solver.cc:2026] No solution exists. MPSolverInterface::result_status_ = MPSOLVER_INFEASIBLE
E0000 00:00:1785775920.740759  290536 linear_solver.cc:2026] No solution exists. MPSolverInterface::result_status_ = MPSOLVER_INFEASIBLE
E0000 00:00:1785775920.782437  290536 linear_solver.cc:2026] No solution exists. MPSolverInterface::result_status_ = MPSOLVER_INFEASIBLE
E0000 00:00:1785775920.823528  290536 linear_solver.cc:2026] No solution exists. MPSolverInterface::result_status_ = MPSOLVER_INFEASIBLE
E0000 00:00:1785775920.864404  290536 linear_solver.cc:2026] No solution exists. MPSolverInterface::result_status_ = MPSOLVER_INFEASIBLE
E0000 00:00:1785775920.905922  290536 linear_solver.cc:2026] No solution exists. MPSolverInterface::result_status_ = MPSOLVER_INFEASIBLE
E0000 00:00:1785775920.946933  290536 linear_solver.cc:2026] No solution exists. MPSolverInterface::result_status_ = MPSOLVER_INFEASIBLE
E0000 00:00:1785775920.988266  290536 linear_solver.cc:2026] No solution exists. MPSolverInterface::result_status_ = MPSOLVER_INFEASIBLE
E0000 00:00:1785775925.282913  290536 linear_solver.cc:2026] No solution exists. MPSolverInterface::result_status_ = MPSOLVER_INFEASIBLE
E0000 00:00:1785775925.299319  290536 linear_solver.cc:2026] No solution exists. MPSolverInterface::result_status_ = MPSOLVER_INFEASIBLE
E0000 00:00:1785775925.648565  290536 linear_solver.cc:2026] No solution exists. MPSolverInterface::result_status_ = MPSOLVER_INFEASIBLE
E0000 00:00:1785775925.665023  290536 linear_solver.cc:2026] No solution exists. MPSolverInterface::result_status_ = MPSOLVER_INFEASIBLE
E0000 00:00:1785775926.104505  290536 linear_solver.cc:2026] No solution exists. MPSolverInterface::result_status_ = MPSOLVER_INFEASIBLE
E0000 00:00:1785775926.133023  290536 linear_solver.cc:2026] No solution exists. MPSolverInterface::result_status_ = MPSOLVER_INFEASIBLE
E0000 00:00:1785775926.161190  290536 linear_solver.cc:2026] No solution exists. MPSolverInterface::result_status_ = MPSOLVER_INFEASIBLE
E0000 00:00:1785775926.190329  290536 linear_solver.cc:2026] No solution exists. MPSolverInterface::result_status_ = MPSOLVER_INFEASIBLE
E0000 00:00:1785775926.218472  290536 linear_solver.cc:2026] No solution exists. MPSolverInterface::result_status_ = MPSOLVER_INFEASIBLE
E0000 00:00:1785775926.246596  290536 linear_solver.cc:2026] No solution exists. MPSolverInterface::result_status_ = MPSOLVER_INFEASIBLE
E0000 00:00:1785775926.275202  290536 linear_solver.cc:2026] No solution exists. MPSolverInterface::result_status_ = MPSOLVER_INFEASIBLE
E0000 00:00:1785775926.303723  290536 linear_solver.cc:2026] No solution exists. MPSolverInterface::result_status_ = MPSOLVER_INFEASIBLE
E0000 00:00:1785775942.272208  290536 linear_solver.cc:2026] No solution exists. MPSolverInterface::result_status_ = MPSOLVER_INFEASIBLE
E0000 00:00:1785775942.338272  290536 linear_solver.cc:2026] No solution exists. MPSolverInterface::result_status_ = MPSOLVER_INFEASIBLE
E0000 00:00:1785775945.818653  290536 linear_solver.cc:2026] No solution exists. MPSolverInterface::result_status_ = MPSOLVER_INFEASIBLE
E0000 00:00:1785775945.874242  290536 linear_solver.cc:2026] No solution exists. MPSolverInterface::result_status_ = MPSOLVER_INFEASIBLE
E0000 00:00:1785775945.930822  290536 linear_solver.cc:2026] No solution exists. MPSolverInterface::result_status_ = MPSOLVER_INFEASIBLE
E0000 00:00:1785775945.986985  290536 linear_solver.cc:2026] No solution exists. MPSolverInterface::result_status_ = MPSOLVER_INFEASIBLE
E0000 00:00:1785775946.043670  290536 linear_solver.cc:2026] No solution exists. MPSolverInterface::result_status_ = MPSOLVER_INFEASIBLE
E0000 00:00:1785775946.099847  290536 linear_solver.cc:2026] No solution exists. MPSolverInterface::result_status_ = MPSOLVER_INFEASIBLE
E0000 00:00:1785775946.157075  290536 linear_solver.cc:2026] No solution exists. MPSolverInterface::result_status_ = MPSOLVER_INFEASIBLE
E0000 00:00:1785775946.214325  290536 linear_solver.cc:2026] No solution exists. MPSolverInterface::result_status_ = MPSOLVER_INFEASIBLE
E0000 00:00:1785775951.613721  290536 linear_solver.cc:2026] No solution exists. MPSolverInterface::result_status_ = MPSOLVER_INFEASIBLE
E0000 00:00:1785775951.686396  290536 linear_solver.cc:2026] No solution exists. MPSolverInterface::result_status_ = MPSOLVER_INFEASIBLE
E0000 00:00:1785775962.637784  290536 linear_solver.cc:2026] No solution exists. MPSolverInterface::result_status_ = MPSOLVER_INFEASIBLE
E0000 00:00:1785775962.660771  290536 linear_solver.cc:2026] No solution exists. MPSolverInterface::result_status_ = MPSOLVER_INFEASIBLE
E0000 00:00:1785775964.714015  290536 linear_solver.cc:2026] No solution exists. MPSolverInterface::result_status_ = MPSOLVER_INFEASIBLE
E0000 00:00:1785775964.759046  290536 linear_solver.cc:2026] No solution exists. MPSolverInterface::result_status_ = MPSOLVER_INFEASIBLE
E0000 00:00:1785775964.805434  290536 linear_solver.cc:2026] No solution exists. MPSolverInterface::result_status_ = MPSOLVER_INFEASIBLE
E0000 00:00:1785775965.034940  290536 linear_solver.cc:2026] No solution exists. MPSolverInterface::result_status_ = MPSOLVER_INFEASIBLE
E0000 00:00:1785775965.080539  290536 linear_solver.cc:2026] No solution exists. MPSolverInterface::result_status_ = MPSOLVER_INFEASIBLE
E0000 00:00:1785775968.839011  290536 linear_solver.cc:2026] No solution exists. MPSolverInterface::result_status_ = MPSOLVER_INFEASIBLE
E0000 00:00:1785775968.882748  290536 linear_solver.cc:2026] No solution exists. MPSolverInterface::result_status_ = MPSOLVER_INFEASIBLE
E0000 00:00:1785775977.662681  290536 linear_solver.cc:2026] No solution exists. MPSolverInterface::result_status_ = MPSOLVER_INFEASIBLE
E0000 00:00:1785775977.718482  290536 linear_solver.cc:2026] No solution exists. MPSolverInterface::result_status_ = MPSOLVER_INFEASIBLE
E0000 00:00:1785775986.613620  290536 linear_solver.cc:2026] No solution exists. MPSolverInterface::result_status_ = MPSOLVER_INFEASIBLE
E0000 00:00:1785775986.678611  290536 linear_solver.cc:2026] No solution exists. MPSolverInterface::result_status_ = MPSOLVER_INFEASIBLE
E0000 00:00:1785775986.743392  290536 linear_solver.cc:2026] No solution exists. MPSolverInterface::result_status_ = MPSOLVER_INFEASIBLE
E0000 00:00:1785775986.808300  290536 linear_solver.cc:2026] No solution exists. MPSolverInterface::result_status_ = MPSOLVER_INFEASIBLE
E0000 00:00:1785775993.375785  290536 linear_solver.cc:2026] No solution exists. MPSolverInterface::result_status_ = MPSOLVER_INFEASIBLE
E0000 00:00:1785775993.430354  290536 linear_solver.cc:2026] No solution exists. MPSolverInterface::result_status_ = MPSOLVER_INFEASIBLE
E0000 00:00:1785775996.326059  290536 linear_solver.cc:2026] No solution exists. MPSolverInterface::result_status_ = MPSOLVER_INFEASIBLE
E0000 00:00:1785775996.373757  290536 linear_solver.cc:2026] No solution exists. MPSolverInterface::result_status_ = MPSOLVER_INFEASIBLE
E0000 00:00:1785775996.421822  290536 linear_solver.cc:2026] No solution exists. MPSolverInterface::result_status_ = MPSOLVER_INFEASIBLE
E0000 00:00:1785775996.469900  290536 linear_solver.cc:2026] No solution exists. MPSolverInterface::result_status_ = MPSOLVER_INFEASIBLE
E0000 00:00:1785775997.485674  290536 linear_solver.cc:2026] No solution exists. MPSolverInterface::result_status_ = MPSOLVER_INFEASIBLE
E0000 00:00:1785775997.530231  290536 linear_solver.cc:2026] No solution exists. MPSolverInterface::result_status_ = MPSOLVER_INFEASIBLE
E0000 00:00:1785775997.575142  290536 linear_solver.cc:2026] No solution exists. MPSolverInterface::result_status_ = MPSOLVER_INFEASIBLE
E0000 00:00:1785775997.620045  290536 linear_solver.cc:2026] No solution exists. MPSolverInterface::result_status_ = MPSOLVER_INFEASIBLE
E0000 00:00:1785775997.664535  290536 linear_solver.cc:2026] No solution exists. MPSolverInterface::result_status_ = MPSOLVER_INFEASIBLE
E0000 00:00:1785775997.709156  290536 linear_solver.cc:2026] No solution exists. MPSolverInterface::result_status_ = MPSOLVER_INFEASIBLE
E0000 00:00:1785775997.753792  290536 linear_solver.cc:2026] No solution exists. MPSolverInterface::result_status_ = MPSOLVER_INFEASIBLE
E0000 00:00:1785775997.798799  290536 linear_solver.cc:2026] No solution exists. MPSolverInterface::result_status_ = MPSOLVER_INFEASIBLE
E0000 00:00:1785775998.644289  290536 linear_solver.cc:2026] No solution exists. MPSolverInterface::result_status_ = MPSOLVER_INFEASIBLE
E0000 00:00:1785775998.690188  290536 linear_solver.cc:2026] No solution exists. MPSolverInterface::result_status_ = MPSOLVER_INFEASIBLE
E0000 00:00:1785775998.736210  290536 linear_solver.cc:2026] No solution exists. MPSolverInterface::result_status_ = MPSOLVER_INFEASIBLE
E0000 00:00:1785775998.782278  290536 linear_solver.cc:2026] No solution exists. MPSolverInterface::result_status_ = MPSOLVER_INFEASIBLE
E0000 00:00:1785775998.828074  290536 linear_solver.cc:2026] No solution exists. MPSolverInterface::result_status_ = MPSOLVER_INFEASIBLE
E0000 00:00:1785775998.873486  290536 linear_solver.cc:2026] No solution exists. MPSolverInterface::result_status_ = MPSOLVER_INFEASIBLE
E0000 00:00:1785776000.370141  290536 linear_solver.cc:2026] No solution exists. MPSolverInterface::result_status_ = MPSOLVER_INFEASIBLE
E0000 00:00:1785776000.420225  290536 linear_solver.cc:2026] No solution exists. MPSolverInterface::result_status_ = MPSOLVER_INFEASIBLE
E0000 00:00:1785776000.470461  290536 linear_solver.cc:2026] No solution exists. MPSolverInterface::result_status_ = MPSOLVER_INFEASIBLE
E0000 00:00:1785776000.520818  290536 linear_solver.cc:2026] No solution exists. MPSolverInterface::result_status_ = MPSOLVER_INFEASIBLE
E0000 00:00:1785776006.624962  290536 linear_solver.cc:2026] No solution exists. MPSolverInterface::result_status_ = MPSOLVER_INFEASIBLE
E0000 00:00:1785776006.681946  290536 linear_solver.cc:2026] No solution exists. MPSolverInterface::result_status_ = MPSOLVER_INFEASIBLE
E0000 00:00:1785776010.481330  290536 linear_solver.cc:2026] No solution exists. MPSolverInterface::result_status_ = MPSOLVER_INFEASIBLE
E0000 00:00:1785776010.507802  290536 linear_solver.cc:2026] No solution exists. MPSolverInterface::result_status_ = MPSOLVER_INFEASIBLE
E0000 00:00:1785776016.402995  290536 linear_solver.cc:2026] No solution exists. MPSolverInterface::result_status_ = MPSOLVER_INFEASIBLE
E0000 00:00:1785776016.461312  290536 linear_solver.cc:2026] No solution exists. MPSolverInterface::result_status_ = MPSOLVER_INFEASIBLE
E0000 00:00:1785776025.987273  290536 linear_solver.cc:2026] No solution exists. MPSolverInterface::result_status_ = MPSOLVER_INFEASIBLE
E0000 00:00:1785776026.047443  290536 linear_solver.cc:2026] No solution exists. MPSolverInterface::result_status_ = MPSOLVER_INFEASIBLE
E0000 00:00:1785776026.107058  290536 linear_solver.cc:2026] No solution exists. MPSolverInterface::result_status_ = MPSOLVER_INFEASIBLE
E0000 00:00:1785776026.166723  290536 linear_solver.cc:2026] No solution exists. MPSolverInterface::result_status_ = MPSOLVER_INFEASIBLE
E0000 00:00:1785776031.247550  290536 linear_solver.cc:2026] No solution exists. MPSolverInterface::result_status_ = MPSOLVER_INFEASIBLE
E0000 00:00:1785776031.308430  290536 linear_solver.cc:2026] No solution exists. MPSolverInterface::result_status_ = MPSOLVER_INFEASIBLE
E0000 00:00:1785776037.651825  290536 linear_solver.cc:2026] No solution exists. MPSolverInterface::result_status_ = MPSOLVER_INFEASIBLE
E0000 00:00:1785776037.706103  290536 linear_solver.cc:2026] No solution exists. MPSolverInterface::result_status_ = MPSOLVER_INFEASIBLE
E0000 00:00:1785776044.615274  290536 linear_solver.cc:2026] No solution exists. MPSolverInterface::result_status_ = MPSOLVER_INFEASIBLE
E0000 00:00:1785776044.681376  290536 linear_solver.cc:2026] No solution exists. MPSolverInterface::result_status_ = MPSOLVER_INFEASIBLE
E0000 00:00:1785776044.748235  290536 linear_solver.cc:2026] No solution exists. MPSolverInterface::result_status_ = MPSOLVER_INFEASIBLE
E0000 00:00:1785776052.560611  290536 linear_solver.cc:2026] No solution exists. MPSolverInterface::result_status_ = MPSOLVER_INFEASIBLE
E0000 00:00:1785776052.614450  290536 linear_solver.cc:2026] No solution exists. MPSolverInterface::result_status_ = MPSOLVER_INFEASIBLE
E0000 00:00:1785776056.186718  290536 linear_solver.cc:2026] No solution exists. MPSolverInterface::result_status_ = MPSOLVER_INFEASIBLE
E0000 00:00:1785776056.197444  290536 linear_solver.cc:2026] No solution exists. MPSolverInterface::result_status_ = MPSOLVER_INFEASIBLE
E0000 00:00:1785776058.900364  290536 linear_solver.cc:2026] No solution exists. MPSolverInterface::result_status_ = MPSOLVER_INFEASIBLE
E0000 00:00:1785776058.959890  290536 linear_solver.cc:2026] No solution exists. MPSolverInterface::result_status_ = MPSOLVER_INFEASIBLE
E0000 00:00:1785776064.321568  290536 linear_solver.cc:2026] No solution exists. MPSolverInterface::result_status_ = MPSOLVER_INFEASIBLE
E0000 00:00:1785776064.372933  290536 linear_solver.cc:2026] No solution exists. MPSolverInterface::result_status_ = MPSOLVER_INFEASIBLE
E0000 00:00:1785776064.424744  290536 linear_solver.cc:2026] No solution exists. MPSolverInterface::result_status_ = MPSOLVER_INFEASIBLE
E0000 00:00:1785776064.477286  290536 linear_solver.cc:2026] No solution exists. MPSolverInterface::result_status_ = MPSOLVER_INFEASIBLE
E0000 00:00:1785776064.529256  290536 linear_solver.cc:2026] No solution exists. MPSolverInterface::result_status_ = MPSOLVER_INFEASIBLE
E0000 00:00:1785776064.581372  290536 linear_solver.cc:2026] No solution exists. MPSolverInterface::result_status_ = MPSOLVER_INFEASIBLE
E0000 00:00:1785776064.633655  290536 linear_solver.cc:2026] No solution exists. MPSolverInterface::result_status_ = MPSOLVER_INFEASIBLE
E0000 00:00:1785776064.685423  290536 linear_solver.cc:2026] No solution exists. MPSolverInterface::result_status_ = MPSOLVER_INFEASIBLE
E0000 00:00:1785776068.769843  290536 linear_solver.cc:2026] No solution exists. MPSolverInterface::result_status_ = MPSOLVER_INFEASIBLE
E0000 00:00:1785776068.802186  290536 linear_solver.cc:2026] No solution exists. MPSolverInterface::result_status_ = MPSOLVER_INFEASIBLE
E0000 00:00:1785776071.737251  290536 linear_solver.cc:2026] No solution exists. MPSolverInterface::result_status_ = MPSOLVER_INFEASIBLE
E0000 00:00:1785776071.792588  290536 linear_solver.cc:2026] No solution exists. MPSolverInterface::result_status_ = MPSOLVER_INFEASIBLE
E0000 00:00:1785776071.848793  290536 linear_solver.cc:2026] No solution exists. MPSolverInterface::result_status_ = MPSOLVER_INFEASIBLE
E0000 00:00:1785776073.109322  290536 linear_solver.cc:2026] No solution exists. MPSolverInterface::result_status_ = MPSOLVER_INFEASIBLE
E0000 00:00:1785776073.130415  290536 linear_solver.cc:2026] No solution exists. MPSolverInterface::result_status_ = MPSOLVER_INFEASIBLE
E0000 00:00:1785776073.150625  290536 linear_solver.cc:2026] No solution exists. MPSolverInterface::result_status_ = MPSOLVER_INFEASIBLE
E0000 00:00:1785776073.171406  290536 linear_solver.cc:2026] No solution exists. MPSolverInterface::result_status_ = MPSOLVER_INFEASIBLE
E0000 00:00:1785776073.192399  290536 linear_solver.cc:2026] No solution exists. MPSolverInterface::result_status_ = MPSOLVER_INFEASIBLE
E0000 00:00:1785776073.213782  290536 linear_solver.cc:2026] No solution exists. MPSolverInterface::result_status_ = MPSOLVER_INFEASIBLE
E0000 00:00:1785776073.234802  290536 linear_solver.cc:2026] No solution exists. MPSolverInterface::result_status_ = MPSOLVER_INFEASIBLE
E0000 00:00:1785776073.255976  290536 linear_solver.cc:2026] No solution exists. MPSolverInterface::result_status_ = MPSOLVER_INFEASIBLE
E0000 00:00:1785776075.437744  290536 linear_solver.cc:2026] No solution exists. MPSolverInterface::result_status_ = MPSOLVER_INFEASIBLE
E0000 00:00:1785776075.458152  290536 linear_solver.cc:2026] No solution exists. MPSolverInterface::result_status_ = MPSOLVER_INFEASIBLE
E0000 00:00:1785776076.370811  290536 linear_solver.cc:2026] No solution exists. MPSolverInterface::result_status_ = MPSOLVER_INFEASIBLE
E0000 00:00:1785776076.417102  290536 linear_solver.cc:2026] No solution exists. MPSolverInterface::result_status_ = MPSOLVER_INFEASIBLE
E0000 00:00:1785776076.464012  290536 linear_solver.cc:2026] No solution exists. MPSolverInterface::result_status_ = MPSOLVER_INFEASIBLE
E0000 00:00:1785776076.509712  290536 linear_solver.cc:2026] No solution exists. MPSolverInterface::result_status_ = MPSOLVER_INFEASIBLE
E0000 00:00:1785776076.555287  290536 linear_solver.cc:2026] No solution exists. MPSolverInterface::result_status_ = MPSOLVER_INFEASIBLE
E0000 00:00:1785776077.392146  290536 linear_solver.cc:2026] No solution exists. MPSolverInterface::result_status_ = MPSOLVER_INFEASIBLE
E0000 00:00:1785776077.434750  290536 linear_solver.cc:2026] No solution exists. MPSolverInterface::result_status_ = MPSOLVER_INFEASIBLE
E0000 00:00:1785776077.476767  290536 linear_solver.cc:2026] No solution exists. MPSolverInterface::result_status_ = MPSOLVER_INFEASIBLE
E0000 00:00:1785776077.519167  290536 linear_solver.cc:2026] No solution exists. MPSolverInterface::result_status_ = MPSOLVER_INFEASIBLE
E0000 00:00:1785776077.561280  290536 linear_solver.cc:2026] No solution exists. MPSolverInterface::result_status_ = MPSOLVER_INFEASIBLE
E0000 00:00:1785776077.603422  290536 linear_solver.cc:2026] No solution exists. MPSolverInterface::result_status_ = MPSOLVER_INFEASIBLE
E0000 00:00:1785776077.645753  290536 linear_solver.cc:2026] No solution exists. MPSolverInterface::result_status_ = MPSOLVER_INFEASIBLE
E0000 00:00:1785776077.688593  290536 linear_solver.cc:2026] No solution exists. MPSolverInterface::result_status_ = MPSOLVER_INFEASIBLE
E0000 00:00:1785776078.322945  290536 linear_solver.cc:2026] No solution exists. MPSolverInterface::result_status_ = MPSOLVER_INFEASIBLE
E0000 00:00:1785776078.376494  290536 linear_solver.cc:2026] No solution exists. MPSolverInterface::result_status_ = MPSOLVER_INFEASIBLE
E0000 00:00:1785776078.429994  290536 linear_solver.cc:2026] No solution exists. MPSolverInterface::result_status_ = MPSOLVER_INFEASIBLE
E0000 00:00:1785776078.484467  290536 linear_solver.cc:2026] No solution exists. MPSolverInterface::result_status_ = MPSOLVER_INFEASIBLE
E0000 00:00:1785776078.538380  290536 linear_solver.cc:2026] No solution exists. MPSolverInterface::result_status_ = MPSOLVER_INFEASIBLE
E0000 00:00:1785776078.592852  290536 linear_solver.cc:2026] No solution exists. MPSolverInterface::result_status_ = MPSOLVER_INFEASIBLE
E0000 00:00:1785776078.647280  290536 linear_solver.cc:2026] No solution exists. MPSolverInterface::result_status_ = MPSOLVER_INFEASIBLE
E0000 00:00:1785776078.700735  290536 linear_solver.cc:2026] No solution exists. MPSolverInterface::result_status_ = MPSOLVER_INFEASIBLE
E0000 00:00:1785776079.758099  290536 linear_solver.cc:2026] No solution exists. MPSolverInterface::result_status_ = MPSOLVER_INFEASIBLE
E0000 00:00:1785776079.804911  290536 linear_solver.cc:2026] No solution exists. MPSolverInterface::result_status_ = MPSOLVER_INFEASIBLE
E0000 00:00:1785776079.852423  290536 linear_solver.cc:2026] No solution exists. MPSolverInterface::result_status_ = MPSOLVER_INFEASIBLE
E0000 00:00:1785776079.899025  290536 linear_solver.cc:2026] No solution exists. MPSolverInterface::result_status_ = MPSOLVER_INFEASIBLE
E0000 00:00:1785776079.944814  290536 linear_solver.cc:2026] No solution exists. MPSolverInterface::result_status_ = MPSOLVER_INFEASIBLE
E0000 00:00:1785776086.728950  290536 linear_solver.cc:2026] No solution exists. MPSolverInterface::result_status_ = MPSOLVER_INFEASIBLE
E0000 00:00:1785776086.799172  290536 linear_solver.cc:2026] No solution exists. MPSolverInterface::result_status_ = MPSOLVER_INFEASIBLE
E0000 00:00:1785776092.963589  290536 linear_solver.cc:2026] No solution exists. MPSolverInterface::result_status_ = MPSOLVER_INFEASIBLE
E0000 00:00:1785776093.015177  290536 linear_solver.cc:2026] No solution exists. MPSolverInterface::result_status_ = MPSOLVER_INFEASIBLE
E0000 00:00:1785776097.094090  290536 linear_solver.cc:2026] No solution exists. MPSolverInterface::result_status_ = MPSOLVER_INFEASIBLE
E0000 00:00:1785776097.135314  290536 linear_solver.cc:2026] No solution exists. MPSolverInterface::result_status_ = MPSOLVER_INFEASIBLE
E0000 00:00:1785776100.006041  290536 linear_solver.cc:2026] No solution exists. MPSolverInterface::result_status_ = MPSOLVER_INFEASIBLE
E0000 00:00:1785776100.039595  290536 linear_solver.cc:2026] No solution exists. MPSolverInterface::result_status_ = MPSOLVER_INFEASIBLE
E0000 00:00:1785776102.413211  290536 linear_solver.cc:2026] No solution exists. MPSolverInterface::result_status_ = MPSOLVER_INFEASIBLE
E0000 00:00:1785776102.444972  290536 linear_solver.cc:2026] No solution exists. MPSolverInterface::result_status_ = MPSOLVER_INFEASIBLE
E0000 00:00:1785776104.478966  290536 linear_solver.cc:2026] No solution exists. MPSolverInterface::result_status_ = MPSOLVER_INFEASIBLE
E0000 00:00:1785776104.505849  290536 linear_solver.cc:2026] No solution exists. MPSolverInterface::result_status_ = MPSOLVER_INFEASIBLE
E0000 00:00:1785776106.102204  290536 linear_solver.cc:2026] No solution exists. MPSolverInterface::result_status_ = MPSOLVER_INFEASIBLE
E0000 00:00:1785776106.123888  290536 linear_solver.cc:2026] No solution exists. MPSolverInterface::result_status_ = MPSOLVER_INFEASIBLE
E0000 00:00:1785776107.152847  290536 linear_solver.cc:2026] No solution exists. MPSolverInterface::result_status_ = MPSOLVER_INFEASIBLE
E0000 00:00:1785776107.170039  290536 linear_solver.cc:2026] No solution exists. MPSolverInterface::result_status_ = MPSOLVER_INFEASIBLE
E0000 00:00:1785776109.188218  290536 linear_solver.cc:2026] No solution exists. MPSolverInterface::result_status_ = MPSOLVER_INFEASIBLE
E0000 00:00:1785776109.225682  290536 linear_solver.cc:2026] No solution exists. MPSolverInterface::result_status_ = MPSOLVER_INFEASIBLE
E0000 00:00:1785776109.263671  290536 linear_solver.cc:2026] No solution exists. MPSolverInterface::result_status_ = MPSOLVER_INFEASIBLE
E0000 00:00:1785776109.302157  290536 linear_solver.cc:2026] No solution exists. MPSolverInterface::result_status_ = MPSOLVER_INFEASIBLE
E0000 00:00:1785776109.340611  290536 linear_solver.cc:2026] No solution exists. MPSolverInterface::result_status_ = MPSOLVER_INFEASIBLE
E0000 00:00:1785776109.378526  290536 linear_solver.cc:2026] No solution exists. MPSolverInterface::result_status_ = MPSOLVER_INFEASIBLE
E0000 00:00:1785776109.417066  290536 linear_solver.cc:2026] No solution exists. MPSolverInterface::result_status_ = MPSOLVER_INFEASIBLE
E0000 00:00:1785776109.455259  290536 linear_solver.cc:2026] No solution exists. MPSolverInterface::result_status_ = MPSOLVER_INFEASIBLE
E0000 00:00:1785776109.958752  290536 linear_solver.cc:2026] No solution exists. MPSolverInterface::result_status_ = MPSOLVER_INFEASIBLE
E0000 00:00:1785776110.002273  290536 linear_solver.cc:2026] No solution exists. MPSolverInterface::result_status_ = MPSOLVER_INFEASIBLE
E0000 00:00:1785776110.046171  290536 linear_solver.cc:2026] No solution exists. MPSolverInterface::result_status_ = MPSOLVER_INFEASIBLE
E0000 00:00:1785776110.089988  290536 linear_solver.cc:2026] No solution exists. MPSolverInterface::result_status_ = MPSOLVER_INFEASIBLE
E0000 00:00:1785776110.133538  290536 linear_solver.cc:2026] No solution exists. MPSolverInterface::result_status_ = MPSOLVER_INFEASIBLE
E0000 00:00:1785776110.176606  290536 linear_solver.cc:2026] No solution exists. MPSolverInterface::result_status_ = MPSOLVER_INFEASIBLE
E0000 00:00:1785776110.219564  290536 linear_solver.cc:2026] No solution exists. MPSolverInterface::result_status_ = MPSOLVER_INFEASIBLE
E0000 00:00:1785776110.262896  290536 linear_solver.cc:2026] No solution exists. MPSolverInterface::result_status_ = MPSOLVER_INFEASIBLE
E0000 00:00:1785776110.780128  290536 linear_solver.cc:2026] No solution exists. MPSolverInterface::result_status_ = MPSOLVER_INFEASIBLE
E0000 00:00:1785776110.823606  290536 linear_solver.cc:2026] No solution exists. MPSolverInterface::result_status_ = MPSOLVER_INFEASIBLE
E0000 00:00:1785776110.867767  290536 linear_solver.cc:2026] No solution exists. MPSolverInterface::result_status_ = MPSOLVER_INFEASIBLE
E0000 00:00:1785776110.912157  290536 linear_solver.cc:2026] No solution exists. MPSolverInterface::result_status_ = MPSOLVER_INFEASIBLE
E0000 00:00:1785776110.955911  290536 linear_solver.cc:2026] No solution exists. MPSolverInterface::result_status_ = MPSOLVER_INFEASIBLE
E0000 00:00:1785776111.000014  290536 linear_solver.cc:2026] No solution exists. MPSolverInterface::result_status_ = MPSOLVER_INFEASIBLE
E0000 00:00:1785776111.043500  290536 linear_solver.cc:2026] No solution exists. MPSolverInterface::result_status_ = MPSOLVER_INFEASIBLE
E0000 00:00:1785776111.087192  290536 linear_solver.cc:2026] No solution exists. MPSolverInterface::result_status_ = MPSOLVER_INFEASIBLE
E0000 00:00:1785776111.593880  290536 linear_solver.cc:2026] No solution exists. MPSolverInterface::result_status_ = MPSOLVER_INFEASIBLE
E0000 00:00:1785776111.636415  290536 linear_solver.cc:2026] No solution exists. MPSolverInterface::result_status_ = MPSOLVER_INFEASIBLE
E0000 00:00:1785776111.678381  290536 linear_solver.cc:2026] No solution exists. MPSolverInterface::result_status_ = MPSOLVER_INFEASIBLE
E0000 00:00:1785776111.720717  290536 linear_solver.cc:2026] No solution exists. MPSolverInterface::result_status_ = MPSOLVER_INFEASIBLE
E0000 00:00:1785776111.763169  290536 linear_solver.cc:2026] No solution exists. MPSolverInterface::result_status_ = MPSOLVER_INFEASIBLE
E0000 00:00:1785776111.806095  290536 linear_solver.cc:2026] No solution exists. MPSolverInterface::result_status_ = MPSOLVER_INFEASIBLE
E0000 00:00:1785776111.847942  290536 linear_solver.cc:2026] No solution exists. MPSolverInterface::result_status_ = MPSOLVER_INFEASIBLE
E0000 00:00:1785776111.891239  290536 linear_solver.cc:2026] No solution exists. MPSolverInterface::result_status_ = MPSOLVER_INFEASIBLE
E0000 00:00:1785776120.039059  290536 linear_solver.cc:2026] No solution exists. MPSolverInterface::result_status_ = MPSOLVER_INFEASIBLE
E0000 00:00:1785776120.114491  290536 linear_solver.cc:2026] No solution exists. MPSolverInterface::result_status_ = MPSOLVER_INFEASIBLE
E0000 00:00:1785776138.129125  290536 linear_solver.cc:2026] No solution exists. MPSolverInterface::result_status_ = MPSOLVER_INFEASIBLE
E0000 00:00:1785776138.188417  290536 linear_solver.cc:2026] No solution exists. MPSolverInterface::result_status_ = MPSOLVER_INFEASIBLE
E0000 00:00:1785776141.285296  290536 linear_solver.cc:2026] No solution exists. MPSolverInterface::result_status_ = MPSOLVER_INFEASIBLE
E0000 00:00:1785776141.324185  290536 linear_solver.cc:2026] No solution exists. MPSolverInterface::result_status_ = MPSOLVER_INFEASIBLE
E0000 00:00:1785776141.983194  290536 linear_solver.cc:2026] No solution exists. MPSolverInterface::result_status_ = MPSOLVER_INFEASIBLE
E0000 00:00:1785776141.992367  290536 linear_solver.cc:2026] No solution exists. MPSolverInterface::result_status_ = MPSOLVER_INFEASIBLE
E0000 00:00:1785776143.377072  290536 linear_solver.cc:2026] No solution exists. MPSolverInterface::result_status_ = MPSOLVER_INFEASIBLE
E0000 00:00:1785776143.421488  290536 linear_solver.cc:2026] No solution exists. MPSolverInterface::result_status_ = MPSOLVER_INFEASIBLE
E0000 00:00:1785776143.465515  290536 linear_solver.cc:2026] No solution exists. MPSolverInterface::result_status_ = MPSOLVER_INFEASIBLE
E0000 00:00:1785776143.509793  290536 linear_solver.cc:2026] No solution exists. MPSolverInterface::result_status_ = MPSOLVER_INFEASIBLE
E0000 00:00:1785776143.553628  290536 linear_solver.cc:2026] No solution exists. MPSolverInterface::result_status_ = MPSOLVER_INFEASIBLE
E0000 00:00:1785776143.597506  290536 linear_solver.cc:2026] No solution exists. MPSolverInterface::result_status_ = MPSOLVER_INFEASIBLE
E0000 00:00:1785776143.641640  290536 linear_solver.cc:2026] No solution exists. MPSolverInterface::result_status_ = MPSOLVER_INFEASIBLE
E0000 00:00:1785776144.321453  290536 linear_solver.cc:2026] No solution exists. MPSolverInterface::result_status_ = MPSOLVER_INFEASIBLE
E0000 00:00:1785776144.332624  290536 linear_solver.cc:2026] No solution exists. MPSolverInterface::result_status_ = MPSOLVER_INFEASIBLE
E0000 00:00:1785776144.619848  290536 linear_solver.cc:2026] No solution exists. MPSolverInterface::result_status_ = MPSOLVER_INFEASIBLE
E0000 00:00:1785776144.657793  290536 linear_solver.cc:2026] No solution exists. MPSolverInterface::result_status_ = MPSOLVER_INFEASIBLE
E0000 00:00:1785776144.696134  290536 linear_solver.cc:2026] No solution exists. MPSolverInterface::result_status_ = MPSOLVER_INFEASIBLE
E0000 00:00:1785776144.733479  290536 linear_solver.cc:2026] No solution exists. MPSolverInterface::result_status_ = MPSOLVER_INFEASIBLE
E0000 00:00:1785776144.770862  290536 linear_solver.cc:2026] No solution exists. MPSolverInterface::result_status_ = MPSOLVER_INFEASIBLE
E0000 00:00:1785776144.808787  290536 linear_solver.cc:2026] No solution exists. MPSolverInterface::result_status_ = MPSOLVER_INFEASIBLE
E0000 00:00:1785776144.846718  290536 linear_solver.cc:2026] No solution exists. MPSolverInterface::result_status_ = MPSOLVER_INFEASIBLE
E0000 00:00:1785776144.884451  290536 linear_solver.cc:2026] No solution exists. MPSolverInterface::result_status_ = MPSOLVER_INFEASIBLE
E0000 00:00:1785776145.735812  290536 linear_solver.cc:2026] No solution exists. MPSolverInterface::result_status_ = MPSOLVER_INFEASIBLE
E0000 00:00:1785776145.754914  290536 linear_solver.cc:2026] No solution exists. MPSolverInterface::result_status_ = MPSOLVER_INFEASIBLE
E0000 00:00:1785776147.094485  290536 linear_solver.cc:2026] No solution exists. MPSolverInterface::result_status_ = MPSOLVER_INFEASIBLE
E0000 00:00:1785776147.141373  290536 linear_solver.cc:2026] No solution exists. MPSolverInterface::result_status_ = MPSOLVER_INFEASIBLE
E0000 00:00:1785776147.188190  290536 linear_solver.cc:2026] No solution exists. MPSolverInterface::result_status_ = MPSOLVER_INFEASIBLE
E0000 00:00:1785776147.234242  290536 linear_solver.cc:2026] No solution exists. MPSolverInterface::result_status_ = MPSOLVER_INFEASIBLE
E0000 00:00:1785776147.279494  290536 linear_solver.cc:2026] No solution exists. MPSolverInterface::result_status_ = MPSOLVER_INFEASIBLE
E0000 00:00:1785776147.324299  290536 linear_solver.cc:2026] No solution exists. MPSolverInterface::result_status_ = MPSOLVER_INFEASIBLE
E0000 00:00:1785776147.370024  290536 linear_solver.cc:2026] No solution exists. MPSolverInterface::result_status_ = MPSOLVER_INFEASIBLE
E0000 00:00:1785776147.416540  290536 linear_solver.cc:2026] No solution exists. MPSolverInterface::result_status_ = MPSOLVER_INFEASIBLE
E0000 00:00:1785776152.576062  290536 linear_solver.cc:2026] No solution exists. MPSolverInterface::result_status_ = MPSOLVER_INFEASIBLE
E0000 00:00:1785776152.644716  290536 linear_solver.cc:2026] No solution exists. MPSolverInterface::result_status_ = MPSOLVER_INFEASIBLE
E0000 00:00:1785776161.966508  290536 linear_solver.cc:2026] No solution exists. MPSolverInterface::result_status_ = MPSOLVER_INFEASIBLE
E0000 00:00:1785776162.002447  290536 linear_solver.cc:2026] No solution exists. MPSolverInterface::result_status_ = MPSOLVER_INFEASIBLE
E0000 00:00:1785776162.037817  290536 linear_solver.cc:2026] No solution exists. MPSolverInterface::result_status_ = MPSOLVER_INFEASIBLE
E0000 00:00:1785776162.073745  290536 linear_solver.cc:2026] No solution exists. MPSolverInterface::result_status_ = MPSOLVER_INFEASIBLE
E0000 00:00:1785776162.108588  290536 linear_solver.cc:2026] No solution exists. MPSolverInterface::result_status_ = MPSOLVER_INFEASIBLE
E0000 00:00:1785776162.143871  290536 linear_solver.cc:2026] No solution exists. MPSolverInterface::result_status_ = MPSOLVER_INFEASIBLE
E0000 00:00:1785776162.179666  290536 linear_solver.cc:2026] No solution exists. MPSolverInterface::result_status_ = MPSOLVER_INFEASIBLE
E0000 00:00:1785776162.214857  290536 linear_solver.cc:2026] No solution exists. MPSolverInterface::result_status_ = MPSOLVER_INFEASIBLE
E0000 00:00:1785776166.328324  290536 linear_solver.cc:2026] No solution exists. MPSolverInterface::result_status_ = MPSOLVER_INFEASIBLE
E0000 00:00:1785776166.374209  290536 linear_solver.cc:2026] No solution exists. MPSolverInterface::result_status_ = MPSOLVER_INFEASIBLE
E0000 00:00:1785776168.375013  290536 linear_solver.cc:2026] No solution exists. MPSolverInterface::result_status_ = MPSOLVER_INFEASIBLE
E0000 00:00:1785776168.418918  290536 linear_solver.cc:2026] No solution exists. MPSolverInterface::result_status_ = MPSOLVER_INFEASIBLE
E0000 00:00:1785776168.463016  290536 linear_solver.cc:2026] No solution exists. MPSolverInterface::result_status_ = MPSOLVER_INFEASIBLE
E0000 00:00:1785776168.507014  290536 linear_solver.cc:2026] No solution exists. MPSolverInterface::result_status_ = MPSOLVER_INFEASIBLE
E0000 00:00:1785776168.550705  290536 linear_solver.cc:2026] No solution exists. MPSolverInterface::result_status_ = MPSOLVER_INFEASIBLE
E0000 00:00:1785776168.593511  290536 linear_solver.cc:2026] No solution exists. MPSolverInterface::result_status_ = MPSOLVER_INFEASIBLE
E0000 00:00:1785776168.636268  290536 linear_solver.cc:2026] No solution exists. MPSolverInterface::result_status_ = MPSOLVER_INFEASIBLE
E0000 00:00:1785776168.678927  290536 linear_solver.cc:2026] No solution exists. MPSolverInterface::result_status_ = MPSOLVER_INFEASIBLE
E0000 00:00:1785776171.314740  290536 linear_solver.cc:2026] No solution exists. MPSolverInterface::result_status_ = MPSOLVER_INFEASIBLE
E0000 00:00:1785776171.369480  290536 linear_solver.cc:2026] No solution exists. MPSolverInterface::result_status_ = MPSOLVER_INFEASIBLE
E0000 00:00:1785776181.435195  290536 linear_solver.cc:2026] No solution exists. MPSolverInterface::result_status_ = MPSOLVER_INFEASIBLE
E0000 00:00:1785776181.501592  290536 linear_solver.cc:2026] No solution exists. MPSolverInterface::result_status_ = MPSOLVER_INFEASIBLE
E0000 00:00:1785776194.758558  290536 linear_solver.cc:2026] No solution exists. MPSolverInterface::result_status_ = MPSOLVER_INFEASIBLE
E0000 00:00:1785776194.836583  290536 linear_solver.cc:2026] No solution exists. MPSolverInterface::result_status_ = MPSOLVER_INFEASIBLE
E0000 00:00:1785776211.920248  290536 linear_solver.cc:2026] No solution exists. MPSolverInterface::result_status_ = MPSOLVER_INFEASIBLE
E0000 00:00:1785776212.003737  290536 linear_solver.cc:2026] No solution exists. MPSolverInterface::result_status_ = MPSOLVER_INFEASIBLE
E0000 00:00:1785776217.556421  290536 linear_solver.cc:2026] No solution exists. MPSolverInterface::result_status_ = MPSOLVER_INFEASIBLE
E0000 00:00:1785776217.598609  290536 linear_solver.cc:2026] No solution exists. MPSolverInterface::result_status_ = MPSOLVER_INFEASIBLE
E0000 00:00:1785776223.947546  290536 linear_solver.cc:2026] No solution exists. MPSolverInterface::result_status_ = MPSOLVER_INFEASIBLE
E0000 00:00:1785776223.996813  290536 linear_solver.cc:2026] No solution exists. MPSolverInterface::result_status_ = MPSOLVER_INFEASIBLE
E0000 00:00:1785776234.912578  290536 linear_solver.cc:2026] No solution exists. MPSolverInterface::result_status_ = MPSOLVER_INFEASIBLE
E0000 00:00:1785776234.966308  290536 linear_solver.cc:2026] No solution exists. MPSolverInterface::result_status_ = MPSOLVER_INFEASIBLE
E0000 00:00:1785776244.635656  290536 linear_solver.cc:2026] No solution exists. MPSolverInterface::result_status_ = MPSOLVER_INFEASIBLE
E0000 00:00:1785776244.646432  290536 linear_solver.cc:2026] No solution exists. MPSolverInterface::result_status_ = MPSOLVER_INFEASIBLE
E0000 00:00:1785776244.926100  290536 linear_solver.cc:2026] No solution exists. MPSolverInterface::result_status_ = MPSOLVER_INFEASIBLE
E0000 00:00:1785776244.958731  290536 linear_solver.cc:2026] No solution exists. MPSolverInterface::result_status_ = MPSOLVER_INFEASIBLE
E0000 00:00:1785776244.990982  290536 linear_solver.cc:2026] No solution exists. MPSolverInterface::result_status_ = MPSOLVER_INFEASIBLE
E0000 00:00:1785776245.023244  290536 linear_solver.cc:2026] No solution exists. MPSolverInterface::result_status_ = MPSOLVER_INFEASIBLE
E0000 00:00:1785776245.055918  290536 linear_solver.cc:2026] No solution exists. MPSolverInterface::result_status_ = MPSOLVER_INFEASIBLE
E0000 00:00:1785776245.088026  290536 linear_solver.cc:2026] No solution exists. MPSolverInterface::result_status_ = MPSOLVER_INFEASIBLE
E0000 00:00:1785776245.119714  290536 linear_solver.cc:2026] No solution exists. MPSolverInterface::result_status_ = MPSOLVER_INFEASIBLE
E0000 00:00:1785776245.152205  290536 linear_solver.cc:2026] No solution exists. MPSolverInterface::result_status_ = MPSOLVER_INFEASIBLE
E0000 00:00:1785776248.206814  290536 linear_solver.cc:2026] No solution exists. MPSolverInterface::result_status_ = MPSOLVER_INFEASIBLE
E0000 00:00:1785776248.259271  290536 linear_solver.cc:2026] No solution exists. MPSolverInterface::result_status_ = MPSOLVER_INFEASIBLE
E0000 00:00:1785776252.102127  290536 linear_solver.cc:2026] No solution exists. MPSolverInterface::result_status_ = MPSOLVER_INFEASIBLE
E0000 00:00:1785776252.112689  290536 linear_solver.cc:2026] No solution exists. MPSolverInterface::result_status_ = MPSOLVER_INFEASIBLE
E0000 00:00:1785776252.750042  290536 linear_solver.cc:2026] No solution exists. MPSolverInterface::result_status_ = MPSOLVER_INFEASIBLE
E0000 00:00:1785776252.791824  290536 linear_solver.cc:2026] No solution exists. MPSolverInterface::result_status_ = MPSOLVER_INFEASIBLE
E0000 00:00:1785776252.833236  290536 linear_solver.cc:2026] No solution exists. MPSolverInterface::result_status_ = MPSOLVER_INFEASIBLE
E0000 00:00:1785776252.874223  290536 linear_solver.cc:2026] No solution exists. MPSolverInterface::result_status_ = MPSOLVER_INFEASIBLE
E0000 00:00:1785776252.914956  290536 linear_solver.cc:2026] No solution exists. MPSolverInterface::result_status_ = MPSOLVER_INFEASIBLE
E0000 00:00:1785776252.955291  290536 linear_solver.cc:2026] No solution exists. MPSolverInterface::result_status_ = MPSOLVER_INFEASIBLE
E0000 00:00:1785776252.996324  290536 linear_solver.cc:2026] No solution exists. MPSolverInterface::result_status_ = MPSOLVER_INFEASIBLE
E0000 00:00:1785776253.037588  290536 linear_solver.cc:2026] No solution exists. MPSolverInterface::result_status_ = MPSOLVER_INFEASIBLE
E0000 00:00:1785776253.536203  290536 linear_solver.cc:2026] No solution exists. MPSolverInterface::result_status_ = MPSOLVER_INFEASIBLE
E0000 00:00:1785776253.574536  290536 linear_solver.cc:2026] No solution exists. MPSolverInterface::result_status_ = MPSOLVER_INFEASIBLE
E0000 00:00:1785776253.613819  290536 linear_solver.cc:2026] No solution exists. MPSolverInterface::result_status_ = MPSOLVER_INFEASIBLE
E0000 00:00:1785776253.652302  290536 linear_solver.cc:2026] No solution exists. MPSolverInterface::result_status_ = MPSOLVER_INFEASIBLE
E0000 00:00:1785776253.690997  290536 linear_solver.cc:2026] No solution exists. MPSolverInterface::result_status_ = MPSOLVER_INFEASIBLE
E0000 00:00:1785776253.730124  290536 linear_solver.cc:2026] No solution exists. MPSolverInterface::result_status_ = MPSOLVER_INFEASIBLE
E0000 00:00:1785776253.768795  290536 linear_solver.cc:2026] No solution exists. MPSolverInterface::result_status_ = MPSOLVER_INFEASIBLE
E0000 00:00:1785776253.806531  290536 linear_solver.cc:2026] No solution exists. MPSolverInterface::result_status_ = MPSOLVER_INFEASIBLE
E0000 00:00:1785776254.859379  290536 linear_solver.cc:2026] No solution exists. MPSolverInterface::result_status_ = MPSOLVER_INFEASIBLE
E0000 00:00:1785776254.870210  290536 linear_solver.cc:2026] No solution exists. MPSolverInterface::result_status_ = MPSOLVER_INFEASIBLE
E0000 00:00:1785776254.880709  290536 linear_solver.cc:2026] No solution exists. MPSolverInterface::result_status_ = MPSOLVER_INFEASIBLE
E0000 00:00:1785776254.891191  290536 linear_solver.cc:2026] No solution exists. MPSolverInterface::result_status_ = MPSOLVER_INFEASIBLE
E0000 00:00:1785776254.901623  290536 linear_solver.cc:2026] No solution exists. MPSolverInterface::result_status_ = MPSOLVER_INFEASIBLE
E0000 00:00:1785776254.911996  290536 linear_solver.cc:2026] No solution exists. MPSolverInterface::result_status_ = MPSOLVER_INFEASIBLE
E0000 00:00:1785776254.922492  290536 linear_solver.cc:2026] No solution exists. MPSolverInterface::result_status_ = MPSOLVER_INFEASIBLE
E0000 00:00:1785776254.932870  290536 linear_solver.cc:2026] No solution exists. MPSolverInterface::result_status_ = MPSOLVER_INFEASIBLE
E0000 00:00:1785776255.050847  290536 linear_solver.cc:2026] No solution exists. MPSolverInterface::result_status_ = MPSOLVER_INFEASIBLE
E0000 00:00:1785776255.061455  290536 linear_solver.cc:2026] No solution exists. MPSolverInterface::result_status_ = MPSOLVER_INFEASIBLE
E0000 00:00:1785776255.071842  290536 linear_solver.cc:2026] No solution exists. MPSolverInterface::result_status_ = MPSOLVER_INFEASIBLE
E0000 00:00:1785776255.082243  290536 linear_solver.cc:2026] No solution exists. MPSolverInterface::result_status_ = MPSOLVER_INFEASIBLE
E0000 00:00:1785776255.092819  290536 linear_solver.cc:2026] No solution exists. MPSolverInterface::result_status_ = MPSOLVER_INFEASIBLE
E0000 00:00:1785776255.103167  290536 linear_solver.cc:2026] No solution exists. MPSolverInterface::result_status_ = MPSOLVER_INFEASIBLE
E0000 00:00:1785776255.113437  290536 linear_solver.cc:2026] No solution exists. MPSolverInterface::result_status_ = MPSOLVER_INFEASIBLE
E0000 00:00:1785776255.123723  290536 linear_solver.cc:2026] No solution exists. MPSolverInterface::result_status_ = MPSOLVER_INFEASIBLE
E0000 00:00:1785776260.239376  290536 linear_solver.cc:2026] No solution exists. MPSolverInterface::result_status_ = MPSOLVER_INFEASIBLE
E0000 00:00:1785776260.255076  290536 linear_solver.cc:2026] No solution exists. MPSolverInterface::result_status_ = MPSOLVER_INFEASIBLE
E0000 00:00:1785776260.579692  290536 linear_solver.cc:2026] No solution exists. MPSolverInterface::result_status_ = MPSOLVER_INFEASIBLE
E0000 00:00:1785776260.594422  290536 linear_solver.cc:2026] No solution exists. MPSolverInterface::result_status_ = MPSOLVER_INFEASIBLE
E0000 00:00:1785776261.032867  290536 linear_solver.cc:2026] No solution exists. MPSolverInterface::result_status_ = MPSOLVER_INFEASIBLE
E0000 00:00:1785776261.061074  290536 linear_solver.cc:2026] No solution exists. MPSolverInterface::result_status_ = MPSOLVER_INFEASIBLE
E0000 00:00:1785776261.088438  290536 linear_solver.cc:2026] No solution exists. MPSolverInterface::result_status_ = MPSOLVER_INFEASIBLE
E0000 00:00:1785776261.116316  290536 linear_solver.cc:2026] No solution exists. MPSolverInterface::result_status_ = MPSOLVER_INFEASIBLE
E0000 00:00:1785776261.143794  290536 linear_solver.cc:2026] No solution exists. MPSolverInterface::result_status_ = MPSOLVER_INFEASIBLE
E0000 00:00:1785776261.171353  290536 linear_solver.cc:2026] No solution exists. MPSolverInterface::result_status_ = MPSOLVER_INFEASIBLE
E0000 00:00:1785776261.198929  290536 linear_solver.cc:2026] No solution exists. MPSolverInterface::result_status_ = MPSOLVER_INFEASIBLE
E0000 00:00:1785776261.226424  290536 linear_solver.cc:2026] No solution exists. MPSolverInterface::result_status_ = MPSOLVER_INFEASIBLE
E0000 00:00:1785776277.121957  290536 linear_solver.cc:2026] No solution exists. MPSolverInterface::result_status_ = MPSOLVER_INFEASIBLE
E0000 00:00:1785776277.170372  290536 linear_solver.cc:2026] No solution exists. MPSolverInterface::result_status_ = MPSOLVER_INFEASIBLE
E0000 00:00:1785776277.218914  290536 linear_solver.cc:2026] No solution exists. MPSolverInterface::result_status_ = MPSOLVER_INFEASIBLE
E0000 00:00:1785776277.269423  290536 linear_solver.cc:2026] No solution exists. MPSolverInterface::result_status_ = MPSOLVER_INFEASIBLE
E0000 00:00:1785776277.321661  290536 linear_solver.cc:2026] No solution exists. MPSolverInterface::result_status_ = MPSOLVER_INFEASIBLE
E0000 00:00:1785776277.373052  290536 linear_solver.cc:2026] No solution exists. MPSolverInterface::result_status_ = MPSOLVER_INFEASIBLE
E0000 00:00:1785776277.422975  290536 linear_solver.cc:2026] No solution exists. MPSolverInterface::result_status_ = MPSOLVER_INFEASIBLE
E0000 00:00:1785776277.471259  290536 linear_solver.cc:2026] No solution exists. MPSolverInterface::result_status_ = MPSOLVER_INFEASIBLE
E0000 00:00:1785776279.198105  290536 linear_solver.cc:2026] No solution exists. MPSolverInterface::result_status_ = MPSOLVER_INFEASIBLE
E0000 00:00:1785776279.248724  290536 linear_solver.cc:2026] No solution exists. MPSolverInterface::result_status_ = MPSOLVER_INFEASIBLE
E0000 00:00:1785776279.299604  290536 linear_solver.cc:2026] No solution exists. MPSolverInterface::result_status_ = MPSOLVER_INFEASIBLE
E0000 00:00:1785776279.349844  290536 linear_solver.cc:2026] No solution exists. MPSolverInterface::result_status_ = MPSOLVER_INFEASIBLE
E0000 00:00:1785776279.399894  290536 linear_solver.cc:2026] No solution exists. MPSolverInterface::result_status_ = MPSOLVER_INFEASIBLE
E0000 00:00:1785776279.449982  290536 linear_solver.cc:2026] No solution exists. MPSolverInterface::result_status_ = MPSOLVER_INFEASIBLE
E0000 00:00:1785776279.500180  290536 linear_solver.cc:2026] No solution exists. MPSolverInterface::result_status_ = MPSOLVER_INFEASIBLE
E0000 00:00:1785776279.550602  290536 linear_solver.cc:2026] No solution exists. MPSolverInterface::result_status_ = MPSOLVER_INFEASIBLE
E0000 00:00:1785776285.112226  290536 linear_solver.cc:2026] No solution exists. MPSolverInterface::result_status_ = MPSOLVER_INFEASIBLE
E0000 00:00:1785776285.135183  290536 linear_solver.cc:2026] No solution exists. MPSolverInterface::result_status_ = MPSOLVER_INFEASIBLE
W1TAU: wrote 28900 rows -> outputs/w1tau_full/w1tau_aps_rank_0.parquet
[2026-08-03 12:58:06,253][HYDRA] 	#1 : dataset=bank n_seeds=10 out=outputs/w1tau_full
E0000 00:00:1785776290.196132  290536 linear_solver.cc:2026] No solution exists. MPSolverInterface::result_status_ = MPSOLVER_INFEASIBLE
E0000 00:00:1785776290.236729  290536 linear_solver.cc:2026] No solution exists. MPSolverInterface::result_status_ = MPSOLVER_INFEASIBLE
E0000 00:00:1785776296.019660  290536 linear_solver.cc:2026] No solution exists. MPSolverInterface::result_status_ = MPSOLVER_INFEASIBLE
E0000 00:00:1785776296.047643  290536 linear_solver.cc:2026] No solution exists. MPSolverInterface::result_status_ = MPSOLVER_INFEASIBLE
E0000 00:00:1785776298.748454  290536 linear_solver.cc:2026] No solution exists. MPSolverInterface::result_status_ = MPSOLVER_INFEASIBLE
E0000 00:00:1785776298.755692  290536 linear_solver.cc:2026] No solution exists. MPSolverInterface::result_status_ = MPSOLVER_INFEASIBLE
E0000 00:00:1785776301.602700  290536 linear_solver.cc:2026] No solution exists. MPSolverInterface::result_status_ = MPSOLVER_INFEASIBLE
E0000 00:00:1785776301.649278  290536 linear_solver.cc:2026] No solution exists. MPSolverInterface::result_status_ = MPSOLVER_INFEASIBLE
E0000 00:00:1785776306.448699  290536 linear_solver.cc:2026] No solution exists. MPSolverInterface::result_status_ = MPSOLVER_INFEASIBLE
E0000 00:00:1785776306.476213  290536 linear_solver.cc:2026] No solution exists. MPSolverInterface::result_status_ = MPSOLVER_INFEASIBLE
E0000 00:00:1785776310.050321  290536 linear_solver.cc:2026] No solution exists. MPSolverInterface::result_status_ = MPSOLVER_INFEASIBLE
E0000 00:00:1785776310.057183  290536 linear_solver.cc:2026] No solution exists. MPSolverInterface::result_status_ = MPSOLVER_INFEASIBLE
E0000 00:00:1785776312.686033  290536 linear_solver.cc:2026] No solution exists. MPSolverInterface::result_status_ = MPSOLVER_INFEASIBLE
E0000 00:00:1785776312.725852  290536 linear_solver.cc:2026] No solution exists. MPSolverInterface::result_status_ = MPSOLVER_INFEASIBLE
E0000 00:00:1785776316.671299  290536 linear_solver.cc:2026] No solution exists. MPSolverInterface::result_status_ = MPSOLVER_INFEASIBLE
E0000 00:00:1785776316.695559  290536 linear_solver.cc:2026] No solution exists. MPSolverInterface::result_status_ = MPSOLVER_INFEASIBLE
E0000 00:00:1785776318.778170  290536 linear_solver.cc:2026] No solution exists. MPSolverInterface::result_status_ = MPSOLVER_INFEASIBLE
E0000 00:00:1785776318.785549  290536 linear_solver.cc:2026] No solution exists. MPSolverInterface::result_status_ = MPSOLVER_INFEASIBLE
E0000 00:00:1785776321.850555  290536 linear_solver.cc:2026] No solution exists. MPSolverInterface::result_status_ = MPSOLVER_INFEASIBLE
E0000 00:00:1785776321.890692  290536 linear_solver.cc:2026] No solution exists. MPSolverInterface::result_status_ = MPSOLVER_INFEASIBLE
E0000 00:00:1785776325.477557  290536 linear_solver.cc:2026] No solution exists. MPSolverInterface::result_status_ = MPSOLVER_INFEASIBLE
E0000 00:00:1785776325.502271  290536 linear_solver.cc:2026] No solution exists. MPSolverInterface::result_status_ = MPSOLVER_INFEASIBLE
E0000 00:00:1785776327.337902  290536 linear_solver.cc:2026] No solution exists. MPSolverInterface::result_status_ = MPSOLVER_INFEASIBLE
E0000 00:00:1785776327.345121  290536 linear_solver.cc:2026] No solution exists. MPSolverInterface::result_status_ = MPSOLVER_INFEASIBLE
E0000 00:00:1785776330.632050  290536 linear_solver.cc:2026] No solution exists. MPSolverInterface::result_status_ = MPSOLVER_INFEASIBLE
E0000 00:00:1785776330.671501  290536 linear_solver.cc:2026] No solution exists. MPSolverInterface::result_status_ = MPSOLVER_INFEASIBLE
E0000 00:00:1785776333.692431  290536 linear_solver.cc:2026] No solution exists. MPSolverInterface::result_status_ = MPSOLVER_INFEASIBLE
E0000 00:00:1785776333.717331  290536 linear_solver.cc:2026] No solution exists. MPSolverInterface::result_status_ = MPSOLVER_INFEASIBLE
E0000 00:00:1785776336.101836  290536 linear_solver.cc:2026] No solution exists. MPSolverInterface::result_status_ = MPSOLVER_INFEASIBLE
E0000 00:00:1785776336.109370  290536 linear_solver.cc:2026] No solution exists. MPSolverInterface::result_status_ = MPSOLVER_INFEASIBLE
E0000 00:00:1785776339.355338  290536 linear_solver.cc:2026] No solution exists. MPSolverInterface::result_status_ = MPSOLVER_INFEASIBLE
E0000 00:00:1785776339.394590  290536 linear_solver.cc:2026] No solution exists. MPSolverInterface::result_status_ = MPSOLVER_INFEASIBLE
E0000 00:00:1785776346.770295  290536 linear_solver.cc:2026] No solution exists. MPSolverInterface::result_status_ = MPSOLVER_INFEASIBLE
E0000 00:00:1785776346.840517  290536 linear_solver.cc:2026] No solution exists. MPSolverInterface::result_status_ = MPSOLVER_INFEASIBLE
E0000 00:00:1785776355.134978  290536 linear_solver.cc:2026] No solution exists. MPSolverInterface::result_status_ = MPSOLVER_INFEASIBLE
E0000 00:00:1785776355.163456  290536 linear_solver.cc:2026] No solution exists. MPSolverInterface::result_status_ = MPSOLVER_INFEASIBLE
E0000 00:00:1785776357.487975  290536 linear_solver.cc:2026] No solution exists. MPSolverInterface::result_status_ = MPSOLVER_INFEASIBLE
E0000 00:00:1785776357.495160  290536 linear_solver.cc:2026] No solution exists. MPSolverInterface::result_status_ = MPSOLVER_INFEASIBLE
E0000 00:00:1785776359.671898  290536 linear_solver.cc:2026] No solution exists. MPSolverInterface::result_status_ = MPSOLVER_INFEASIBLE
E0000 00:00:1785776359.706138  290536 linear_solver.cc:2026] No solution exists. MPSolverInterface::result_status_ = MPSOLVER_INFEASIBLE
E0000 00:00:1785776362.719911  290536 linear_solver.cc:2026] No solution exists. MPSolverInterface::result_status_ = MPSOLVER_INFEASIBLE
E0000 00:00:1785776362.744735  290536 linear_solver.cc:2026] No solution exists. MPSolverInterface::result_status_ = MPSOLVER_INFEASIBLE
E0000 00:00:1785776365.056903  290536 linear_solver.cc:2026] No solution exists. MPSolverInterface::result_status_ = MPSOLVER_INFEASIBLE
E0000 00:00:1785776365.064174  290536 linear_solver.cc:2026] No solution exists. MPSolverInterface::result_status_ = MPSOLVER_INFEASIBLE
E0000 00:00:1785776367.466757  290536 linear_solver.cc:2026] No solution exists. MPSolverInterface::result_status_ = MPSOLVER_INFEASIBLE
E0000 00:00:1785776367.500354  290536 linear_solver.cc:2026] No solution exists. MPSolverInterface::result_status_ = MPSOLVER_INFEASIBLE
E0000 00:00:1785776370.629188  290536 linear_solver.cc:2026] No solution exists. MPSolverInterface::result_status_ = MPSOLVER_INFEASIBLE
E0000 00:00:1785776370.653495  290536 linear_solver.cc:2026] No solution exists. MPSolverInterface::result_status_ = MPSOLVER_INFEASIBLE
E0000 00:00:1785776373.216447  290536 linear_solver.cc:2026] No solution exists. MPSolverInterface::result_status_ = MPSOLVER_INFEASIBLE
E0000 00:00:1785776373.223767  290536 linear_solver.cc:2026] No solution exists. MPSolverInterface::result_status_ = MPSOLVER_INFEASIBLE
E0000 00:00:1785776375.085441  290536 linear_solver.cc:2026] No solution exists. MPSolverInterface::result_status_ = MPSOLVER_INFEASIBLE
E0000 00:00:1785776375.118432  290536 linear_solver.cc:2026] No solution exists. MPSolverInterface::result_status_ = MPSOLVER_INFEASIBLE
E0000 00:00:1785776379.107914  290536 linear_solver.cc:2026] No solution exists. MPSolverInterface::result_status_ = MPSOLVER_INFEASIBLE
E0000 00:00:1785776379.137902  290536 linear_solver.cc:2026] No solution exists. MPSolverInterface::result_status_ = MPSOLVER_INFEASIBLE
E0000 00:00:1785776382.502453  290536 linear_solver.cc:2026] No solution exists. MPSolverInterface::result_status_ = MPSOLVER_INFEASIBLE
E0000 00:00:1785776382.509629  290536 linear_solver.cc:2026] No solution exists. MPSolverInterface::result_status_ = MPSOLVER_INFEASIBLE
E0000 00:00:1785776384.988058  290536 linear_solver.cc:2026] No solution exists. MPSolverInterface::result_status_ = MPSOLVER_INFEASIBLE
E0000 00:00:1785776385.027762  290536 linear_solver.cc:2026] No solution exists. MPSolverInterface::result_status_ = MPSOLVER_INFEASIBLE
E0000 00:00:1785776389.307238  290536 linear_solver.cc:2026] No solution exists. MPSolverInterface::result_status_ = MPSOLVER_INFEASIBLE
E0000 00:00:1785776389.335082  290536 linear_solver.cc:2026] No solution exists. MPSolverInterface::result_status_ = MPSOLVER_INFEASIBLE
E0000 00:00:1785776392.713877  290536 linear_solver.cc:2026] No solution exists. MPSolverInterface::result_status_ = MPSOLVER_INFEASIBLE
E0000 00:00:1785776392.721252  290536 linear_solver.cc:2026] No solution exists. MPSolverInterface::result_status_ = MPSOLVER_INFEASIBLE
W1TAU: wrote 1020 rows -> outputs/w1tau_full/w1tau_bank_rank_0.parquet
